availability,location,total_sqft,bath,balcony,price,size_filled,price_per_sqft
Not Ready To Move,Electronic City Phase II,1056.0,2.0,1.0,39.07,2 BHK,3699.810606060606
Ready To Move,Chikka Tirupathi,2600.0,5.0,3.0,120.0,4 BHK,4615.384615384615
Ready To Move,Uttarahalli,1440.0,2.0,3.0,62.0,3 BHK,4305.555555555556
Ready To Move,Lingadheeranahalli,1521.0,3.0,1.0,95.0,3 BHK,6245.890861275477
Ready To Move,Kothanur,1200.0,2.0,1.0,51.0,2 BHK,4250.0
Ready To Move,Whitefield,1170.0,2.0,1.0,38.0,2 BHK,3247.863247863248
Not Ready To Move,Old Airport Road,2732.0,4.0,2.0,204.0,4 BHK,7467.0571010248905
Ready To Move,Rajaji Nagar,3300.0,4.0,2.0,600.0,4 BHK,18181.81818181818
Ready To Move,Marathahalli,1310.0,3.0,1.0,63.25,3 BHK,4828.244274809161
Not Ready To Move,Whitefield,1800.0,2.0,2.0,70.0,3 BHK,3888.8888888888887
Ready To Move,Whitefield,2785.0,5.0,3.0,295.0,4 BHK,10592.45960502693
Ready To Move,7th Phase JP Nagar,1000.0,2.0,1.0,38.0,2 BHK,3800.0
Ready To Move,Gottigere,1100.0,2.0,2.0,40.0,2 BHK,3636.3636363636365
Ready To Move,Sarjapur,2250.0,3.0,2.0,148.0,3 BHK,6577.777777777777
Ready To Move,Mysore Road,1175.0,2.0,2.0,73.5,2 BHK,6255.31914893617
Ready To Move,Bisuvanahalli,1180.0,3.0,2.0,48.0,3 BHK,4067.7966101694915
Ready To Move,Raja Rajeshwari Nagar,1540.0,3.0,3.0,60.0,3 BHK,3896.103896103896
Ready To Move,Ramakrishnappa Layout,2770.0,4.0,2.0,290.0,3 BHK,10469.314079422382
Ready To Move,Manayata Tech Park,1100.0,2.0,2.0,48.0,2 BHK,4363.636363636364
Ready To Move,Kengeri,600.0,1.0,1.0,15.0,1 BHK,2500.0
Not Ready To Move,Binny Pete,1755.0,3.0,1.0,122.0,3 BHK,6951.5669515669515
Ready To Move,Thanisandra,2800.0,5.0,2.0,380.0,4 BHK,13571.42857142857
Ready To Move,Bellandur,1767.0,3.0,1.0,103.0,3 BHK,5829.088851160159
Not Ready To Move,Mangammanapalya,1250.0,3.0,2.0,56.0,3 BHK,4480.0
Ready To Move,Electronic City,660.0,1.0,1.0,23.1,2 BHK,3500.0
Not Ready To Move,Whitefield,1610.0,3.0,2.0,81.0,3 BHK,5031.055900621118
Not Ready To Move,Ramagondanahalli,1151.0,2.0,2.0,48.77,2 BHK,4237.185056472633
Ready To Move,Electronic City,1025.0,2.0,1.0,47.0,3 BHK,4585.365853658536
Ready To Move,Bisuvanahalli,1075.0,2.0,1.0,35.0,3 BHK,3255.813953488372
Ready To Move,Hebbal,1760.0,2.0,2.0,123.0,3 BHK,6988.636363636364
Ready To Move,Raja Rajeshwari Nagar,1693.0,3.0,3.0,57.39,3 BHK,3389.84051978736
Ready To Move,Kasturi Nagar,1925.0,3.0,2.0,125.0,3 BHK,6493.506493506494
Not Ready To Move,Kanakpura Road,700.0,2.0,1.0,36.0,2 BHK,5142.857142857143
Ready To Move,Electronics City Phase 1,1070.0,2.0,1.0,45.5,2 BHK,4252.336448598131
Ready To Move,Kundalahalli,1724.0,3.0,2.0,125.0,3 BHK,7250.580046403712
Ready To Move,Chikkalasandra,1290.0,2.0,2.0,56.12,3 BHK,4350.387596899225
Ready To Move,Uttarahalli,1143.0,2.0,2.0,45.0,2 BHK,3937.0078740157483
Ready To Move,Murugeshpalya,1296.0,2.0,1.0,81.0,2 BHK,6250.0
Not Ready To Move,Sarjapur  Road,1254.0,3.0,2.0,38.0,3 BHK,3030.3030303030305
Ready To Move,Ganga Nagar,600.0,1.0,0.0,38.0,1 BHK,6333.333333333333
Ready To Move,Yelahanka,660.0,1.0,0.0,48.0,1 BHK,7272.727272727273
Not Ready To Move,Kanakpura Road,1330.74,2.0,2.0,91.79,2 BHK,6897.665960292769
Ready To Move,Doddathoguru,970.0,2.0,0.0,33.0,2 BHK,3402.061855670103
Not Ready To Move,Whitefield,1459.0,2.0,1.0,94.82,2 BHK,6498.971898560658
Ready To Move,KR Puram,800.0,1.0,1.0,130.0,2 BHK,16250.0
Ready To Move,Himagiri Meadows,869.0,2.0,1.0,36.0,2 BHK,4142.692750287687
Ready To Move,Adarsh Nagar,1270.0,2.0,1.0,50.0,2 BHK,3937.0078740157483
Not Ready To Move,Bhoganhalli,1670.0,3.0,1.0,99.0,3 BHK,5928.143712574851
Ready To Move,Whitefield,2010.0,3.0,2.0,91.0,3 BHK,4527.363184079602
Ready To Move,Lakshminarayana Pura,1185.0,2.0,2.0,75.0,2 BHK,6329.113924050633
Ready To Move,Yelahanka,1600.0,2.0,3.0,75.0,3 BHK,4687.5
Ready To Move,Begur Road,1200.0,2.0,2.0,44.0,2 BHK,3666.6666666666665
Ready To Move,Ramakrishnappa Layout,1500.0,2.0,2.0,185.0,2 BHK,12333.333333333334
Ready To Move,Govindaraja Nagar Ward,840.0,2.0,2.0,45.0,2 BHK,5357.142857142857
Ready To Move,Tharabanahalli,4395.0,3.0,2.0,240.0,3 BHK,5460.750853242321
Ready To Move,Ganga Nagar,845.0,2.0,1.0,55.0,2 BHK,6508.87573964497
Ready To Move,Whitefield,5700.0,5.0,3.0,650.0,4 BHK,11403.508771929824
Ready To Move,Varthur,1160.0,2.0,2.0,44.0,2 BHK,3793.103448275862
Ready To Move,Doddathoguru,1100.0,2.0,1.0,62.0,2 BHK,5636.363636363636
Not Ready To Move,Gunjur,1140.0,2.0,3.0,43.0,2 BHK,3771.9298245614036
Ready To Move,Marathahalli,1220.0,2.0,1.0,57.0,2 BHK,4672.131147540984
Ready To Move,Kanakpura Road,1005.0,2.0,1.0,36.68,2 BHK,3649.7512437810947
Ready To Move,Double Road,500.0,3.0,2.0,100.0,3 BHK,20000.0
Not Ready To Move,Begur Road,1358.0,2.0,1.0,80.58,2 BHK,5933.726067746687
Ready To Move,Hegde Nagar,1569.0,3.0,1.0,101.0,3 BHK,6437.221159974506
Not Ready To Move,Haralur Road,1240.0,2.0,1.0,70.0,2 BHK,5645.1612903225805
Ready To Move,Hennur Road,2089.0,3.0,2.0,140.0,3 BHK,6701.771182383915
Ready To Move,Kothannur,1206.0,2.0,1.0,48.23,2 BHK,3999.1708126036483
Ready To Move,Kalena Agrahara,1150.0,2.0,3.0,40.0,2 BHK,3478.2608695652175
Ready To Move,Cholanayakanahalli,2511.0,3.0,3.0,205.0,3 BHK,8164.078056551175
Ready To Move,Kaval Byrasandra,460.0,1.0,0.0,22.0,2 BHK,4782.608695652174
Ready To Move,Kodanda Reddy Layout,1660.0,2.0,2.0,105.0,3 BHK,6325.301204819277
Not Ready To Move,Yelahanka,1326.0,2.0,2.0,78.0,2 BHK,5882.35294117647
Ready To Move,Garudachar Palya,1325.0,2.0,2.0,60.8,3 BHK,4588.679245283019
Ready To Move,EPIP Zone,1499.0,5.0,2.0,102.0,3 BHK,6804.536357571715
Ready To Move,Kanakpura Road,1665.0,3.0,2.0,88.0,3 BHK,5285.285285285286
Not Ready To Move,Dasanapura,708.0,2.0,2.0,37.0,2 BHK,5225.988700564972
Ready To Move,Kasavanhalli,1060.0,2.0,2.0,58.06,2 BHK,5477.358490566037
Ready To Move,Sanjay nagar,1000.0,2.0,2.0,70.0,2 BHK,7000.0
Not Ready To Move,Electronic City,1000.0,2.0,1.0,28.88,2 BHK,2888.0
Ready To Move, Mysore Highway,1450.0,2.0,2.0,70.0,3 BHK,4827.586206896552
Ready To Move,ISRO Layout,1200.0,4.0,2.0,155.0,4 BHK,12916.666666666666
Not Ready To Move,Thanisandra,1296.0,2.0,3.0,80.0,2 BHK,6172.83950617284
Ready To Move,Domlur,1540.0,3.0,2.0,90.0,3 BHK,5844.1558441558445
Ready To Move,Kengeri,2894.0,4.0,1.0,245.0,4 BHK,8465.791292328957
Ready To Move,Sarjapura - Attibele Road,1330.0,2.0,1.0,48.0,3 BHK,3609.0225563909776
Ready To Move,Devasthanagalu,1200.0,2.0,1.0,65.0,2 BHK,5416.666666666667
Ready To Move,T Dasarahalli,1200.0,3.0,1.0,90.0,3 BHK,7500.0
Ready To Move,Yeshwanthpur,2502.0,3.0,3.0,138.0,3 BHK,5515.587529976019
Ready To Move,Chandapura,650.0,1.0,1.0,17.0,2 BHK,2615.3846153846152
Ready To Move,Kothanur,2400.0,2.0,1.0,150.0,3 BHK,6250.0
Ready To Move,Green View Layout,1007.0,2.0,2.0,43.0,2 BHK,4270.109235352532
Ready To Move,Shantiniketan Layout,1200.0,2.0,2.0,50.0,2 BHK,4166.666666666667
Ready To Move,Peenya,966.0,2.0,2.0,49.9,2 BHK,5165.631469979296
Ready To Move,Nagarbhavi,1630.0,2.0,1.0,98.0,3 BHK,6012.269938650306
Ready To Move,Rajaji Nagar,1640.0,3.0,2.0,229.0,3 BHK,13963.414634146342
Ready To Move,Jalahalli West,782.0,2.0,2.0,55.68,2 BHK,7120.204603580562
Not Ready To Move,Devanahalli,1260.0,2.0,2.0,66.78,2 BHK,5300.0
Ready To Move,Lakshmiamma Garden,1800.0,3.0,3.0,120.0,3 BHK,6666.666666666667
Ready To Move,Byatarayanapura,1413.0,2.0,2.0,75.0,3 BHK,5307.855626326964
Ready To Move,Whitefield,1116.0,2.0,1.0,51.91,2 BHK,4651.433691756272
Ready To Move,Electronic City,1530.0,2.0,1.0,45.9,3 BHK,3000.0
Ready To Move,Ramamurthy Nagar,3700.0,4.0,1.0,225.0,4 BHK,6081.081081081081
Ready To Move,Sarjapur  Road,2497.0,3.0,2.0,140.0,3 BHK,5606.728073688426
Ready To Move,Kengeri,1540.0,2.0,3.0,64.0,3 BHK,4155.8441558441555
Not Ready To Move,Thanisandra,1436.0,3.0,1.0,74.75,3 BHK,5205.431754874652
Not Ready To Move,Malleshwaram,1100.0,2.0,2.0,75.0,2 BHK,6818.181818181818
Ready To Move,Thanisandra,1427.0,3.0,2.0,120.0,3 BHK,8409.250175192712
Ready To Move,Akshaya Nagar,2061.0,3.0,1.0,200.0,3 BHK,9704.02717127608
Ready To Move,Shampura,2650.0,4.0,2.0,150.0,4 BHK,5660.377358490566
Not Ready To Move,Devanahalli,1282.0,2.0,2.0,68.52,3 BHK,5344.773790951638
Ready To Move,Kadugodi,1050.0,2.0,1.0,34.0,2 BHK,3238.095238095238
Ready To Move,LB Shastri Nagar,1600.0,3.0,2.0,65.0,3 BHK,4062.5
Not Ready To Move,Vajarahalli,945.0,2.0,1.0,54.0,2 BHK,5714.285714285715
Ready To Move,Hormavu,1500.0,2.0,1.0,78.0,2 BHK,5200.0
Ready To Move,Peenya,1870.0,3.0,3.0,110.0,3 BHK,5882.35294117647
Ready To Move,Sarjapur,1600.0,3.0,1.0,75.0,3 BHK,4687.5
Ready To Move,Electronic City,880.0,1.0,1.0,16.5,2 BHK,1875.0
Ready To Move,Ramaswamy Palya - Kammanahalli Main Road,1200.0,4.0,0.0,210.0,4 BHK,17500.0
Ready To Move,Kudlu Gate,1535.0,3.0,2.0,83.0,3 BHK,5407.166123778502
Ready To Move,Kanakpura Road,950.0,2.0,1.0,57.0,2 BHK,6000.0
Not Ready To Move,Devanahalli,1360.0,2.0,1.0,65.0,2 BHK,4779.411764705882
Not Ready To Move,Bommasandra Industrial Area,1280.0,3.0,1.0,50.4,3 BHK,3937.5
Not Ready To Move,Chandra Layout,1260.0,2.0,2.0,85.05,3 BHK,6750.0
Not Ready To Move,Yelahanka,3050.0,5.0,1.0,213.0,5 BHK,6983.606557377049
Ready To Move,Kasavanhalli,1563.05,3.0,1.0,105.0,3 BHK,6717.635392341896
Ready To Move,ISRO Layout,1000.0,2.0,1.0,60.0,2 BHK,6000.0
Not Ready To Move,Anandapura,1167.0,2.0,1.0,43.76,2 BHK,3749.7857754927163
Ready To Move,Kothanur,1828.0,3.0,2.0,110.0,3 BHK,6017.505470459519
Ready To Move,Kengeri Satellite Town,890.0,2.0,1.0,35.0,2 BHK,3932.5842696629215
Ready To Move,Basavanapura,1612.0,3.0,3.0,46.74,3 BHK,2899.5037220843674
Not Ready To Move,Mysore Road,1710.0,4.0,2.0,91.31,3 BHK,5339.766081871345
Ready To Move,Kannamangala,957.0,2.0,1.0,58.0,2 BHK,6060.606060606061
Not Ready To Move, Devarachikkanahalli,1250.0,2.0,3.0,44.0,3 BHK,3520.0
Ready To Move,Sanjeevini Nagar,2795.0,4.0,2.0,235.0,3 BHK,8407.871198568873
Ready To Move,Hulimavu,1125.0,2.0,2.0,50.0,2 BHK,4444.444444444444
Not Ready To Move,Electronic City Phase II,1020.0,2.0,1.0,30.6,2 BHK,3000.0
Ready To Move,Kalena Agrahara,1200.0,2.0,2.0,50.0,2 BHK,4166.666666666667
Ready To Move,Thanisandra,1735.0,3.0,3.0,135.0,3 BHK,7780.979827089337
Ready To Move,Thanisandra,2050.0,3.0,1.0,145.0,3 BHK,7073.170731707317
Ready To Move,Mahalakshmi Layout,3750.0,4.0,0.0,760.0,4 BHK,20266.666666666668
Ready To Move,Yarandahalli,1350.0,2.0,3.0,48.0,3 BHK,3555.5555555555557
Not Ready To Move,Hosa Road,1063.0,2.0,1.0,32.0,2 BHK,3010.348071495767
Ready To Move,Keshava Nagar,1904.0,3.0,1.0,150.0,3 BHK,7878.151260504202
Ready To Move,Whitefield,4200.0,4.0,2.0,420.0,4 BHK,10000.0
Ready To Move,RMV Extension,2000.0,3.0,1.0,175.0,3 BHK,8750.0
Ready To Move,Tejaswini Nagar,1425.0,2.0,2.0,75.0,3 BHK,5263.1578947368425
Ready To Move,Electronic City,1500.0,2.0,1.0,64.5,3 BHK,4300.0
Ready To Move,Electronic City,1060.0,2.0,1.0,60.0,2 BHK,5660.377358490566
Ready To Move,Jai Bheema Nagar,1470.0,2.0,2.0,70.0,3 BHK,4761.9047619047615
Ready To Move,Attibele,450.0,1.0,1.0,11.0,1 BHK,2444.4444444444443
Not Ready To Move,Electronic City,1152.0,2.0,1.0,64.5,2 BHK,5598.958333333333
Ready To Move,Electronic City,1350.0,2.0,1.0,56.0,3 BHK,4148.148148148148
Ready To Move,CV Raman Nagar,1550.0,3.0,3.0,65.0,3 BHK,4193.548387096775
Ready To Move,CHIKKATIRUPATHI,1500.0,3.0,2.0,100.0,3 BHK,6666.666666666667
Ready To Move,Kumaraswami Layout,600.0,3.0,2.0,85.0,5 BHK,14166.666666666666
Ready To Move,Nagavara,400.0,1.0,0.0,14.0,1 BHK,3500.0
Ready To Move,Malleshwaram,705.0,1.0,2.0,67.0,1 BHK,9503.54609929078
Ready To Move,Electronic City,770.0,1.0,1.0,36.0,2 BHK,4675.324675324675
Ready To Move,Hulimavu,1242.0,2.0,3.0,51.0,2 BHK,4106.280193236715
Ready To Move,Hebbal Kempapura,1700.0,3.0,2.0,155.0,3 BHK,9117.64705882353
Ready To Move,Thanisandra,2144.0,3.0,2.0,145.0,3 BHK,6763.059701492537
Not Ready To Move,Vijayanagar,1704.0,3.0,2.0,110.0,3 BHK,6455.399061032864
Ready To Move,Electronic City,1070.0,2.0,1.0,52.0,2 BHK,4859.813084112149
Ready To Move,8th block Koramangala,1846.0,3.0,2.0,300.0,3 BHK,16251.354279523293
Ready To Move,Jakkuru Layout,1340.0,2.0,2.0,55.7,2 BHK,4156.7164179104475
Ready To Move,Electronic City,1025.0,2.0,1.0,46.0,2 BHK,4487.804878048781
Ready To Move,Marathahalli,1200.0,2.0,2.0,52.0,2 BHK,4333.333333333333
Not Ready To Move,Kanakpura Road,2250.0,4.0,1.0,110.0,4 BHK,4888.888888888889
Ready To Move,Pattandur Agrahara,1550.0,2.0,3.0,80.0,3 BHK,5161.290322580645
Ready To Move,Bellandur,1200.0,5.0,2.0,325.0,4 BHK,27083.333333333332
Ready To Move,Marathahalli,1200.0,2.0,2.0,60.0,2 BHK,5000.0
Ready To Move,Yelahanka,1327.0,2.0,2.0,98.0,2 BHK,7385.079125847777
Ready To Move,Kothanur,1186.0,2.0,2.0,58.0,2 BHK,4890.387858347386
Ready To Move,MS Pallya,1783.0,3.0,1.0,115.0,3 BHK,6449.8037016264725
Ready To Move,HSR Layout,1400.0,3.0,2.0,56.0,3 BHK,4000.0
Ready To Move,Nagasandra,980.0,2.0,1.0,48.0,2 BHK,4897.959183673469
Ready To Move,EPIP Zone,1285.0,2.0,2.0,82.0,2 BHK,6381.322957198444
Ready To Move,Langford Town,912.0,2.0,1.0,70.0,3 BHK,7675.438596491228
Ready To Move,Whitefield,1225.0,2.0,2.0,47.6,2 BHK,3885.714285714286
Ready To Move,Whitefield,1075.0,2.0,1.0,53.0,2 BHK,4930.232558139535
Ready To Move,Kadugodi,1260.0,2.0,2.0,54.0,3 BHK,4285.714285714285
Ready To Move,Yelahanka,1282.0,2.0,2.0,48.7,3 BHK,3798.751950078003
Ready To Move,Kogilu,1909.0,3.0,2.0,88.0,3 BHK,4609.743321110529
Ready To Move,Panathur,1359.0,2.0,1.0,87.0,2 BHK,6401.766004415011
Ready To Move,Nagondanahalli,1207.0,2.0,2.0,43.5,2 BHK,3603.976801988401
Ready To Move,Padmanabhanagar,1736.0,6.0,0.0,190.0,4 BHK,10944.700460829494
Not Ready To Move,1st Block Jayanagar,2850.0,4.0,1.0,428.0,4 BHK,15017.543859649122
Ready To Move,Kammasandra,1595.0,3.0,2.0,65.0,3 BHK,4075.2351097178685
Not Ready To Move,"Off Sarjapur Road, ",1798.0,3.0,2.0,89.0,3 BHK,4949.944382647386
Ready To Move,Electronics City Phase 1,1475.0,3.0,2.0,78.29,3 BHK,5307.796610169492
Ready To Move,Tala Cauvery Layout,1580.0,3.0,3.0,100.0,3 BHK,6329.113924050633
Ready To Move,Dasarahalli,1295.0,2.0,1.0,65.0,2 BHK,5019.305019305019
Ready To Move,Electronic City,589.0,1.0,1.0,27.0,1 BHK,4584.040747028863
Ready To Move,Ngef Layout,1415.0,3.0,3.0,78.0,3 BHK,5512.367491166077
Not Ready To Move,Sarjapur  Road,1787.0,3.0,2.0,98.29,3 BHK,5500.279798545048
Ready To Move,Sarjapur  Road,1787.0,3.0,2.0,125.0,3 BHK,6994.963626189144
Ready To Move,Koramangala,1475.0,2.0,3.0,90.0,3 BHK,6101.6949152542375
Ready To Move,"Lakshminarayanapura, Electronic City Phase 2",2000.0,4.0,1.0,75.5,4 BHK,3775.0
Not Ready To Move,Sarjapur  Road,984.0,2.0,1.0,44.28,2 BHK,4500.0
Ready To Move,Muthurayya Swamy Layout,2405.0,4.0,2.0,260.0,3 BHK,10810.81081081081
Ready To Move,7th Phase JP Nagar,1080.0,2.0,2.0,72.0,2 BHK,6666.666666666667
Ready To Move,Shantiniketan Layout,1500.0,2.0,1.0,115.0,2 BHK,7666.666666666667
Ready To Move,Hebbal,1900.0,3.0,2.0,119.0,3 BHK,6263.1578947368425
Not Ready To Move,Dommasandra,805.0,2.0,1.0,22.14,2 BHK,2750.3105590062114
Ready To Move,Budigere,1153.0,2.0,2.0,56.4,2 BHK,4891.587163920208
Ready To Move,Dodda Nekkundi Extension,1148.0,2.0,2.0,60.0,2 BHK,5226.480836236934
Ready To Move,Mylasandra,1110.0,2.0,2.0,55.0,2 BHK,4954.954954954955
Ready To Move,Electronic City,1100.0,2.0,2.0,42.0,2 BHK,3818.181818181818
Ready To Move,Kalyan nagar,1290.0,2.0,2.0,110.0,2 BHK,8527.131782945737
Ready To Move,Dr Shivarama Karantha Nagar,1500.0,2.0,1.0,65.0,3 BHK,4333.333333333333
Not Ready To Move,Bank Of Baroda Colony,1080.0,2.0,2.0,39.0,2 BHK,3611.1111111111113
Not Ready To Move,Vijayanagar,1933.0,3.0,1.0,129.0,3 BHK,6673.564407656492
Ready To Move,Ramamurthy Nagar,3500.0,5.0,2.0,150.0,5 BHK,4285.714285714285
Ready To Move,Kullappa Colony,1060.0,2.0,2.0,60.0,2 BHK,5660.377358490566
Not Ready To Move,Chandapura,645.0,1.0,1.0,16.45,1 BHK,2550.3875968992247
Not Ready To Move,Chandapura,645.0,1.0,1.0,16.45,1 BHK,2550.3875968992247
Ready To Move,Ashwath Nagar,1644.0,3.0,3.0,84.0,3 BHK,5109.489051094891
Ready To Move,Ncpr Industrial Layout,1285.0,2.0,3.0,72.5,2 BHK,5642.023346303502
Ready To Move,Electronic City,1200.0,3.0,1.0,90.0,3 BHK,7500.0
Ready To Move,Electronic City,910.0,2.0,1.0,40.0,2 BHK,4395.604395604396
Ready To Move,Kothanur,1577.0,3.0,1.0,70.0,3 BHK,4438.807863031072
Not Ready To Move,Meenakunte,4050.0,3.0,2.0,280.0,3 BHK,6913.580246913581
Ready To Move,OMBR Layout,2420.0,3.0,2.0,185.0,3 BHK,7644.628099173554
Ready To Move,Chandapura,800.0,1.0,1.0,20.0,2 BHK,2500.0
Ready To Move,Anand Nagar,1060.0,2.0,2.0,55.0,2 BHK,5188.679245283019
Ready To Move,7th Phase JP Nagar,1270.0,2.0,2.0,93.0,2 BHK,7322.834645669292
Not Ready To Move,Shree Ananth Nagar Layout,900.0,2.0,2.0,22.5,2 BHK,2500.0
Ready To Move,Kundalahalli Colony,1280.0,2.0,1.0,69.0,2 BHK,5390.625
Ready To Move,Horamavu Agara,1200.0,2.0,0.0,95.0,4 BHK,7916.666666666667
Ready To Move,Sarjapur  Road,1025.0,2.0,2.0,36.0,2 BHK,3512.1951219512193
Not Ready To Move,Electronic City,1108.0,2.0,1.0,63.0,2 BHK,5685.9205776173285
Ready To Move,MCECHS  layout,1200.0,5.0,2.0,170.0,5 BHK,14166.666666666666
Ready To Move,Coffee Board Layout,3045.0,3.0,2.0,170.0,3 BHK,5582.922824302134
Ready To Move,Ambedkar Nagar,2900.0,3.0,2.0,300.0,4 BHK,10344.827586206897
Ready To Move,Vijayanagar,1500.0,3.0,2.0,75.5,3 BHK,5033.333333333333
Ready To Move,Raja Rajeshwari Nagar,1295.0,2.0,2.0,43.9,2 BHK,3389.96138996139
Ready To Move,Budigere,1162.0,2.0,1.0,59.9,2 BHK,5154.9053356282275
Ready To Move,Sarjapur  Road,1035.0,2.0,2.0,49.2,2 BHK,4753.623188405797
Ready To Move,Attibele,1600.0,4.0,0.0,52.8,4 BHK,3300.0
Ready To Move,KUDLU MAIN ROAD,1464.0,3.0,2.0,46.0,3 BHK,3142.0765027322404
Not Ready To Move,Hennur Road,1866.0,2.0,2.0,61.58,3 BHK,3300.10718113612
Ready To Move,Geleyara Balaga Layout,700.0,1.0,1.0,26.0,2 BHK,3714.285714285714
Ready To Move,Kalena Agrahara,1804.0,3.0,2.0,120.0,3 BHK,6651.884700665189
Ready To Move,Sarjapur,913.0,2.0,1.0,32.0,2 BHK,3504.9288061336256
Not Ready To Move,Talaghattapura,1868.0,3.0,2.0,131.0,3 BHK,7012.847965738758
Ready To Move,Kengeri Satellite Town,883.0,2.0,1.0,45.0,2 BHK,5096.262740656852
Ready To Move,Sundara Nagar,900.0,2.0,1.0,110.0,2 BHK,12222.222222222223
Ready To Move,Kogilu,1664.0,2.0,3.0,73.95,3 BHK,4444.110576923077
Ready To Move,Hegde Nagar,2026.0,3.0,2.0,132.0,3 BHK,6515.301085883514
Ready To Move,Balagere,1210.0,2.0,1.0,80.9,2 BHK,6685.950413223141
Ready To Move,Meenakunte,4111.0,4.0,2.0,250.0,4 BHK,6081.24543906592
Ready To Move,Kadugodi,1762.0,3.0,3.0,91.45,3 BHK,5190.124858115778
Ready To Move,Jigani,1252.0,3.0,3.0,55.0,3 BHK,4392.97124600639
Ready To Move,Gollarapalya Hosahalli,861.0,2.0,1.0,34.5,2 BHK,4006.968641114983
Ready To Move,7th Phase JP Nagar,1420.0,2.0,1.0,100.0,3 BHK,7042.2535211267605
Ready To Move,Electronics City Phase 1,1490.0,3.0,1.0,78.8,3 BHK,5288.5906040268455
Ready To Move,Bisuvanahalli,1075.0,2.0,1.0,46.0,3 BHK,4279.069767441861
Not Ready To Move,Old Madras Road,1425.0,2.0,2.0,94.0,3 BHK,6596.491228070176
Ready To Move,Kalena Agrahara,1200.0,2.0,1.0,40.0,2 BHK,3333.3333333333335
Ready To Move,Kaggadasapura,1280.0,2.0,2.0,56.0,3 BHK,4375.0
Ready To Move,Silver Springs Layout,1084.0,2.0,2.0,50.0,2 BHK,4612.546125461255
Not Ready To Move,Chandapura,1015.0,2.0,2.0,25.88,2 BHK,2549.753694581281
Not Ready To Move,Kanakpura Road,1017.0,2.0,1.0,51.25,2 BHK,5039.331366764995
Ready To Move,Haralur Road,1027.0,2.0,2.0,44.0,2 BHK,4284.323271665044
Ready To Move,Electronic City Phase II,1069.0,2.0,2.0,45.0,2 BHK,4209.541627689429
Ready To Move,Hebbal,1349.0,2.0,1.0,98.2,2 BHK,7279.466271312083
Ready To Move,9th Phase JP Nagar,1005.0,2.0,1.0,50.0,2 BHK,4975.124378109453
Ready To Move,Jakkur,1417.0,2.0,3.0,75.0,2 BHK,5292.87226534933
Not Ready To Move,TC Palaya,1475.0,3.0,1.0,98.0,3 BHK,6644.067796610169
Ready To Move,Maruthi Sevanagar,950.0,2.0,2.0,47.0,2 BHK,4947.368421052632
Ready To Move,RMV 2nd Stage,2000.0,4.0,0.0,120.0,4 BHK,6000.0
Ready To Move,Giri Nagar,880.0,3.0,1.0,140.0,3 BHK,15909.09090909091
Ready To Move,Sarjapur  Road,1863.0,3.0,2.0,104.0,4 BHK,5582.393988191089
Ready To Move,Singasandra,1010.0,2.0,1.0,29.5,2 BHK,2920.792079207921
Ready To Move,Kalena Agrahara,1425.0,2.0,1.0,70.0,3 BHK,4912.2807017543855
Ready To Move,Vijayanagar,1450.0,3.0,0.0,100.0,3 BHK,6896.551724137931
Ready To Move,Kothanur,1847.0,3.0,2.0,105.0,3 BHK,5684.89442338928
Ready To Move,AECS Layout,1100.0,2.0,3.0,45.0,2 BHK,4090.909090909091
Not Ready To Move,Kanakpura Road,525.0,1.0,1.0,26.0,1 BHK,4952.380952380952
Ready To Move,Mallasandra,1665.0,3.0,2.0,95.0,3 BHK,5705.705705705705
Ready To Move,Begur,1664.0,4.0,3.0,65.0,4 BHK,3906.25
Ready To Move,JP Nagar,1850.0,3.0,3.0,150.0,3 BHK,8108.108108108108
Ready To Move,Panathur,1438.0,2.0,3.0,100.0,2 BHK,6954.102920723227
Ready To Move,Sunder Ram Shetty Nagar,1560.0,3.0,3.0,115.0,3 BHK,7371.794871794872
Not Ready To Move,Yelahanka,1350.0,2.0,1.0,55.55,2 BHK,4114.814814814815
Ready To Move,Kanakpura Road,1550.0,3.0,3.0,67.0,3 BHK,4322.580645161291
Not Ready To Move,Malleshpalya,1140.0,2.0,2.0,46.5,2 BHK,4078.9473684210525
Ready To Move,Srirampura,1200.0,5.0,2.0,180.0,5 BHK,15000.0
Not Ready To Move,Kodathi,850.0,2.0,2.0,27.0,2 BHK,3176.470588235294
Ready To Move,Whitefield,1280.0,2.0,2.0,75.0,2 BHK,5859.375
Ready To Move,Munnekollal,1170.0,2.0,2.0,52.0,2 BHK,4444.444444444444
Ready To Move,Motappa Layout,1113.0,2.0,1.0,51.0,2 BHK,4582.210242587601
Ready To Move,Hennur Road,1385.0,2.0,1.0,83.09,2 BHK,5999.27797833935
Not Ready To Move,Electronic City,1128.0,2.0,1.0,65.0,2 BHK,5762.41134751773
Ready To Move,Marathahalli,1200.0,2.0,2.0,128.0,2 BHK,10666.666666666666
Ready To Move,Akshaya Vana,1200.0,4.0,3.0,165.0,4 BHK,13750.0
Ready To Move,Rajaji Nagar,2390.0,3.0,2.0,415.0,3 BHK,17364.016736401674
Ready To Move,Giri Nagar,2400.0,4.0,1.0,400.0,4 BHK,16666.666666666668
Ready To Move,Haralur Road,1464.0,3.0,2.0,56.0,3 BHK,3825.136612021858
Ready To Move,Manayata Tech Park,1200.0,2.0,2.0,55.0,2 BHK,4583.333333333333
Ready To Move,Kaval Byrasandra,1200.0,2.0,2.0,52.0,2 BHK,4333.333333333333
Ready To Move,Kaggalipura,1150.0,2.0,1.0,55.0,3 BHK,4782.608695652174
Ready To Move,Basavanna Nagar,1645.0,3.0,2.0,95.0,3 BHK,5775.075987841945
Not Ready To Move,Sarjapur  Road,1000.0,2.0,1.0,67.0,2 BHK,6700.0
Ready To Move,Haralur Road,2650.0,4.0,2.0,198.0,4 BHK,7471.698113207547
Ready To Move,6th Phase JP Nagar,1192.0,2.0,2.0,74.0,2 BHK,6208.053691275168
Ready To Move,Ulsoor,2135.0,3.0,2.0,215.0,3 BHK,10070.257611241217
Not Ready To Move,Whitefield,1173.0,2.0,1.0,58.0,2 BHK,4944.58653026428
Ready To Move,Uttarahalli,1020.0,2.0,2.0,45.0,2 BHK,4411.764705882353
Ready To Move,Thigalarapalya,3122.0,6.0,2.0,230.0,4 BHK,7367.072389493914
Ready To Move,Somasundara Palya,1600.0,3.0,3.0,64.0,3 BHK,4000.0
Not Ready To Move,T.C PALYA,1200.0,2.0,0.0,79.0,2 BHK,6583.333333333333
Ready To Move,Muneshwara Nagar,1230.0,2.0,3.0,48.0,2 BHK,3902.439024390244
Ready To Move, Devarachikkanahalli,1250.0,2.0,2.0,40.0,2 BHK,3200.0
Ready To Move,Kalena Agrahara,1325.0,2.0,2.0,76.0,2 BHK,5735.8490566037735
Ready To Move,7th Phase JP Nagar,1850.0,3.0,1.0,150.0,3 BHK,8108.108108108108
Not Ready To Move,Kanakpura Road,525.0,1.0,1.0,21.53,1 BHK,4100.952380952381
Ready To Move,Basaveshwara Nagar,1200.0,2.0,2.0,65.0,2 BHK,5416.666666666667
Ready To Move,Bull Temple Road,1350.0,2.0,0.0,140.0,3 BHK,10370.37037037037
Not Ready To Move,Bommasandra,1260.0,3.0,1.0,49.36,3 BHK,3917.4603174603176
Ready To Move,Prashanth Nagar,1800.0,3.0,0.0,150.0,3 BHK,8333.333333333334
Ready To Move,Ardendale,1100.0,2.0,1.0,43.25,2 BHK,3931.818181818182
Ready To Move,Harlur,1508.0,2.0,1.0,77.0,2 BHK,5106.100795755968
Ready To Move,Sampigehalli,1592.0,3.0,2.0,75.0,3 BHK,4711.05527638191
Ready To Move,Akshaya Nagar,1388.0,2.0,3.0,57.0,2 BHK,4106.628242074928
Not Ready To Move,Electronic City Phase II,630.0,1.0,1.0,28.35,1 BHK,4500.0
Ready To Move,RMV,2000.0,3.0,2.0,365.0,3 BHK,18250.0
Ready To Move,Banashankari3rd stage bigbazar,1762.0,3.0,1.0,125.0,3 BHK,7094.211123723042
Not Ready To Move,Bagalur Main Road,950.0,2.0,2.0,50.0,2 BHK,5263.1578947368425
Ready To Move,Kodihalli,3252.0,5.0,3.0,335.0,4 BHK,10301.353013530135
Not Ready To Move,Magadi Road,1116.0,2.0,1.0,50.0,2 BHK,4480.286738351255
Ready To Move,Narayanapura,1308.0,2.0,2.0,89.04,2 BHK,6807.339449541284
Ready To Move,MS Pallya,1200.0,3.0,0.0,90.0,3 BHK,7500.0
Ready To Move,Binny Mills Employees Colony,1500.0,4.0,2.0,230.0,4 BHK,15333.333333333334
Ready To Move,Bannerghatta Road,500.0,1.0,1.0,18.5,1 BHK,3700.0
Ready To Move,Hennur,1075.0,2.0,1.0,52.0,2 BHK,4837.209302325581
Not Ready To Move,Chandapura,530.0,1.0,0.0,11.66,1 BHK,2200.0
Ready To Move,Bellandur,1205.0,2.0,3.0,66.0,2 BHK,5477.178423236514
Ready To Move,5th Phase JP Nagar,1075.0,2.0,2.0,60.0,2 BHK,5581.395348837209
Ready To Move,KR Puram,930.0,2.0,2.0,39.0,2 BHK,4193.548387096775
Ready To Move,Balagere,1380.0,2.0,1.0,60.0,2 BHK,4347.826086956522
Ready To Move,Hebbal,2483.0,5.0,2.0,212.0,4 BHK,8538.058799838904
Ready To Move,Kodigehaali,1166.0,2.0,2.0,55.0,2 BHK,4716.981132075472
Ready To Move,Bannerghatta Road,1050.0,2.0,1.0,65.0,2 BHK,6190.476190476191
Not Ready To Move,Gopalapura,2023.71,3.0,2.0,275.0,3 BHK,13588.903548433324
Ready To Move,Begur Road,1200.0,2.0,2.0,46.8,2 BHK,3900.0
Ready To Move,Lakshminarayana Pura,1600.0,2.0,1.0,108.0,3 BHK,6750.0
Ready To Move,Billekahalli,1935.0,3.0,2.0,110.0,3 BHK,5684.754521963824
Not Ready To Move,8th Phase JP Nagar,451.0,1.0,0.0,29.9,1 BHK,6629.711751662971
Ready To Move,Electronic City,1800.0,3.0,2.0,95.0,3 BHK,5277.777777777777
Not Ready To Move,Jalahalli,1400.0,3.0,0.0,77.0,3 BHK,5500.0
Ready To Move,Hegde Nagar,1801.0,3.0,2.0,115.0,3 BHK,6385.341476957246
Ready To Move,Mahadevpura,1451.0,2.0,1.0,90.0,2 BHK,6202.618883528601
Not Ready To Move,Anekal,1200.0,1.0,1.0,36.0,2 BHK,3000.0
Ready To Move,Begur Road,1160.0,2.0,2.0,44.0,2 BHK,3793.103448275862
Ready To Move,Kengeri,1000.0,2.0,1.0,25.0,2 BHK,2500.0
Ready To Move,Kanakpura Road,950.0,2.0,1.0,40.0,2 BHK,4210.526315789473
Not Ready To Move,"Hoodi Circle, ",1629.0,3.0,2.0,79.0,3 BHK,4849.600982197668
Ready To Move,Vijayanagar,1580.0,2.0,0.0,134.0,3 BHK,8481.012658227848
Not Ready To Move,Vijayanagar,1826.0,3.0,2.0,121.0,3 BHK,6626.506024096386
Ready To Move,7th Phase JP Nagar,1245.0,2.0,1.0,94.0,2 BHK,7550.2008032128515
Ready To Move,Raja Rajeshwari Nagar,1145.0,2.0,2.0,45.79,2 BHK,3999.126637554585
Ready To Move,Sompura,825.0,2.0,1.0,33.0,2 BHK,4000.0
Not Ready To Move,Yeshwanthpur,1693.0,3.0,3.0,108.0,3 BHK,6379.208505611341
Ready To Move,Electronics City Phase 1,1113.27,2.0,2.0,53.0,2 BHK,4760.74986301616
Ready To Move,Ashirvad Colony,1460.0,2.0,1.0,58.0,2 BHK,3972.6027397260273
Ready To Move,Doddathoguru,1050.0,2.0,1.0,32.0,2 BHK,3047.6190476190477
Ready To Move,Dodda Nekkundi,1260.0,2.0,2.0,55.0,2 BHK,4365.079365079365
Ready To Move,Hosur Road,1656.0,2.0,1.0,120.0,2 BHK,7246.376811594203
Ready To Move,Chandapura,1208.0,3.0,1.0,45.0,3 BHK,3725.1655629139073
Ready To Move,Whitefield,1910.0,3.0,2.0,161.0,3 BHK,8429.319371727748
Ready To Move,Whitefield,3252.0,4.0,1.0,230.0,4 BHK,7072.570725707257
Ready To Move,Battarahalli,1200.0,2.0,1.0,65.0,2 BHK,5416.666666666667
Ready To Move,Gokula Extension,1200.0,4.0,1.0,175.0,4 BHK,14583.333333333334
Ready To Move,7th Phase JP Nagar,1175.0,2.0,1.0,82.0,2 BHK,6978.723404255319
Ready To Move,Kamakshipalya,1000.0,2.0,0.0,165.0,2 BHK,16500.0
Ready To Move,Bannerghatta Road,1200.0,2.0,0.0,125.0,4 BHK,10416.666666666666
Ready To Move,Rajaji Nagar,2390.0,3.0,2.0,410.0,3 BHK,17154.81171548117
Ready To Move,Sultan Palaya,550.0,1.0,1.0,62.0,2 BHK,11272.727272727272
Ready To Move,Sanne Amanikere,1185.0,2.0,1.0,38.0,2 BHK,3206.7510548523205
Ready To Move,Kengeri,750.0,2.0,1.0,38.0,2 BHK,5066.666666666667
Ready To Move,Kanakpura Road,1550.0,3.0,3.0,64.5,3 BHK,4161.290322580645
Ready To Move,Amco Colony,1760.0,3.0,2.0,88.0,3 BHK,5000.0
Ready To Move,Billekahalli,1125.0,2.0,2.0,62.0,2 BHK,5511.111111111111
Ready To Move,Nagarbhavi,1350.0,3.0,2.0,150.0,3 BHK,11111.111111111111
Not Ready To Move,Anandapura,1000.0,2.0,1.0,55.0,2 BHK,5500.0
Not Ready To Move,Bommasandra Industrial Area,1090.0,2.0,2.0,31.48,2 BHK,2888.0733944954127
Ready To Move,TC Palaya,1200.0,2.0,0.0,60.0,2 BHK,5000.0
Ready To Move,Budigere,1991.0,4.0,2.0,103.0,3 BHK,5173.279758915118
Not Ready To Move,Bommasandra,1060.0,2.0,1.0,26.5,2 BHK,2500.0
Ready To Move,Ambalipura,1105.0,2.0,1.0,75.0,2 BHK,6787.330316742082
Ready To Move,Hoodi,985.0,2.0,2.0,67.0,2 BHK,6802.030456852792
Not Ready To Move,Balagere,1590.0,3.0,2.0,79.0,3 BHK,4968.553459119496
Ready To Move,CV Raman Nagar,1120.0,2.0,2.0,55.0,2 BHK,4910.714285714285
Ready To Move,Samethanahalli,1069.0,2.0,1.0,55.0,2 BHK,5144.9953227315245
Ready To Move,Marathahalli,1933.0,3.0,2.0,140.0,3 BHK,7242.628039317124
Not Ready To Move,Hosur Road,1194.0,2.0,0.0,69.0,2 BHK,5778.894472361809
Ready To Move,Brookefield,1150.0,2.0,3.0,69.0,2 BHK,6000.0
Ready To Move,Yelenahalli,1240.0,2.0,2.0,47.12,2 BHK,3800.0
Ready To Move,Raja Rajeshwari Nagar,1419.0,2.0,2.0,48.1,2 BHK,3389.7110641296686
Ready To Move,Richmond Town,2150.0,4.0,2.0,240.0,3 BHK,11162.790697674418
Ready To Move,Suddaguntepalya,1450.0,3.0,2.0,55.0,3 BHK,3793.103448275862
Not Ready To Move,Udayapur Village,1630.0,3.0,2.0,68.29,3 BHK,4189.57055214724
Ready To Move,Dasanapura,708.0,1.0,1.0,40.0,2 BHK,5649.717514124294
Ready To Move,Kasavanhalli,1000.0,4.0,3.0,110.0,3 BHK,11000.0
Ready To Move,Whitefield,11890.0,4.0,3.0,700.0,4 BHK,5887.300252312868
Ready To Move,Bellandur,1250.0,2.0,1.0,76.0,2 BHK,6080.0
Ready To Move,7th Phase JP Nagar,1400.0,2.0,1.0,95.0,3 BHK,6785.714285714285
Ready To Move,Sarjapur  Road,1670.0,2.0,3.0,57.0,3 BHK,3413.1736526946106
Ready To Move,Ardendale,1750.0,3.0,2.0,100.0,3 BHK,5714.285714285715
Ready To Move,Vittasandra,1404.0,2.0,1.0,71.0,2 BHK,5056.980056980057
Ready To Move,Hoodi,1715.0,2.0,2.0,95.0,3 BHK,5539.35860058309
Not Ready To Move,Electronic City,630.0,1.0,1.0,34.65,1 BHK,5500.0
Ready To Move,Harlur,1752.12,3.0,2.0,135.0,3 BHK,7704.951715635916
Ready To Move,Hulimavu,1650.0,3.0,2.0,78.0,3 BHK,4727.272727272727
Ready To Move,Raja Rajeshwari Nagar,1295.0,2.0,1.0,55.47,2 BHK,4283.397683397683
Ready To Move,Giri Nagar,1800.0,3.0,2.0,252.0,3 BHK,14000.0
Not Ready To Move,Sarjapur  Road,1346.0,2.0,1.0,74.03,2 BHK,5500.0
Ready To Move,Thippasandra,1200.0,4.0,2.0,200.0,4 BHK,16666.666666666668
Ready To Move,Hormavu,1150.0,2.0,2.0,55.0,2 BHK,4782.608695652174
Ready To Move,Chikkabidarakallu,3309.0,4.0,3.0,325.0,4 BHK,9821.698398307646
Not Ready To Move,Chandapura,1190.0,2.0,2.0,30.35,3 BHK,2550.4201680672268
Ready To Move,AECS Layout,1620.0,3.0,2.0,98.0,3 BHK,6049.382716049383
Not Ready To Move,Marathahalli,950.0,2.0,1.0,46.96,2 BHK,4943.1578947368425
Ready To Move,Harlur,2450.0,3.0,0.0,120.0,3 BHK,4897.959183673469
Not Ready To Move,Electronic City Phase II,1220.0,2.0,1.0,35.23,3 BHK,2887.7049180327863
Ready To Move,Hoysalanagar,850.0,2.0,1.0,30.0,2 BHK,3529.4117647058824
Ready To Move,Padmanabhanagar,1020.0,2.0,2.0,63.0,2 BHK,6176.470588235294
Ready To Move,Chikkalasandra,1100.0,2.0,2.0,50.0,2 BHK,4545.454545454545
Ready To Move,Defence Colony,1150.0,2.0,2.0,126.0,2 BHK,10956.521739130434
Not Ready To Move,Hebbal,1760.0,2.0,2.0,130.0,3 BHK,7386.363636363636
Ready To Move,Ambalipura,1800.0,3.0,3.0,110.0,3 BHK,6111.111111111111
Ready To Move,Akshaya Nagar,1070.0,2.0,1.0,54.0,2 BHK,5046.728971962617
Ready To Move,2nd Stage Nagarbhavi,1500.0,4.0,2.0,220.0,4 BHK,14666.666666666666
Ready To Move,Vidyaranyapura,1440.0,2.0,0.0,95.0,2 BHK,6597.222222222223
Ready To Move,Amruthahalli,900.0,2.0,1.0,40.0,2 BHK,4444.444444444444
Ready To Move,ITI Employees Layout,1200.0,4.0,1.0,230.0,4 BHK,19166.666666666668
Not Ready To Move,Whitefield,1130.0,2.0,1.0,42.16,2 BHK,3730.973451327434
Ready To Move,Koramangala,1320.0,2.0,1.0,165.0,2 BHK,12500.0
Not Ready To Move,Kodigehalli,1270.0,2.0,1.0,98.0,2 BHK,7716.535433070866
Ready To Move,Patelappa Layout,1200.0,2.0,1.0,62.0,2 BHK,5166.666666666667
Ready To Move,Ring Road Nagarbhavi,4800.0,4.0,2.0,235.0,4 BHK,4895.833333333333
Ready To Move,NS Palya,1200.0,2.0,1.0,74.0,2 BHK,6166.666666666667
Ready To Move,Subramanyapura,929.0,2.0,0.0,50.17,2 BHK,5400.4305705059205
Ready To Move,RMV 2nd Stage,1150.0,4.0,2.0,260.0,4 BHK,22608.695652173912
Ready To Move,Basavangudi,1125.0,4.0,3.0,180.0,4 BHK,16000.0
Ready To Move,Kenchenahalli,500.0,3.0,2.0,65.0,5 BHK,13000.0
Ready To Move,3rd Block Hrbr Layout,1200.0,5.0,2.0,190.0,5 BHK,15833.333333333334
Ready To Move,KUDLU MAIN ROAD,1464.0,3.0,2.0,56.0,3 BHK,3825.136612021858
Ready To Move,7th Phase JP Nagar,3600.0,4.0,3.0,400.0,4 BHK,11111.111111111111
Ready To Move,Bank Avenue,2000.0,4.0,2.0,99.0,4 BHK,4950.0
Ready To Move,Chikkalasandra,1208.0,2.0,1.0,49.0,2 BHK,4056.291390728477
Ready To Move,Hebbal Kempapura,1130.0,2.0,2.0,60.0,2 BHK,5309.734513274337
Ready To Move,Surabhi Layout,1753.0,3.0,2.0,120.0,3 BHK,6845.407872219053
Ready To Move,Old Madras Road,4500.0,7.0,3.0,337.0,5 BHK,7488.888888888889
Ready To Move,Banjara Layout,600.0,3.0,2.0,58.0,3 BHK,9666.666666666666
Not Ready To Move,Hoodi,1196.0,2.0,2.0,94.42,2 BHK,7894.648829431439
Ready To Move,5th Phase JP Nagar,1150.0,3.0,3.0,52.5,2 BHK,4565.217391304348
Not Ready To Move,Electronic City,1128.0,2.0,1.0,63.0,2 BHK,5585.106382978724
Ready To Move,Omkar Nagar,1000.0,2.0,1.0,53.0,2 BHK,5300.0
Ready To Move,Yelahanka,1035.0,2.0,1.0,45.0,2 BHK,4347.826086956522
Ready To Move,Kereguddadahalli,950.0,2.0,1.0,32.0,2 BHK,3368.4210526315787
Ready To Move,Bisuvanahalli,1075.0,2.0,1.0,36.0,3 BHK,3348.8372093023254
Ready To Move,Whitefield,1040.0,2.0,1.0,48.5,2 BHK,4663.461538461538
Not Ready To Move,Maragondanahalli,720.0,2.0,1.0,45.0,2 BHK,6250.0
Ready To Move,Lingadheeranahalli,1511.0,3.0,1.0,95.0,3 BHK,6287.22700198544
Ready To Move,Silk Board,1300.0,3.0,1.0,58.0,3 BHK,4461.538461538462
Not Ready To Move,Hoodi,1545.0,3.0,1.0,68.75,3 BHK,4449.838187702266
Ready To Move,Shampura,375.0,2.0,0.0,26.0,1 BHK,6933.333333333333
Ready To Move,Vidyaranyapura,1062.0,2.0,3.0,38.0,2 BHK,3578.154425612053
Ready To Move,Kada Agrahara,1115.0,2.0,1.0,40.0,2 BHK,3587.4439461883408
Ready To Move,JP Nagar,1000.0,2.0,1.0,35.0,2 BHK,3500.0
Not Ready To Move,Kambipura,883.0,2.0,1.0,45.0,2 BHK,5096.262740656852
Not Ready To Move,Sarjapur  Road,1195.0,2.0,1.0,70.0,2 BHK,5857.740585774059
Ready To Move,BHEL Layout,1200.0,3.0,1.0,165.0,4 BHK,13750.0
Ready To Move,Medahalli,700.0,1.0,0.0,41.0,1 BHK,5857.142857142857
Ready To Move,Vittasandra,1246.0,2.0,1.0,67.0,2 BHK,5377.2070626003215
Ready To Move,8th Phase JP Nagar,660.0,4.0,2.0,90.0,4 BHK,13636.363636363636
Ready To Move,Banashankari Stage III,8500.0,4.0,2.0,145.0,4 BHK,1705.8823529411766
Ready To Move,Kashi Nagar,1600.0,4.0,1.0,80.0,4 BHK,5000.0
Not Ready To Move,Haralur Road,2805.0,5.0,3.0,154.0,4 BHK,5490.196078431372
Ready To Move,Begur Road,1584.0,3.0,2.0,65.0,3 BHK,4103.535353535353
Ready To Move,Sector 7 HSR Layout,3000.0,5.0,1.0,275.0,4 BHK,9166.666666666666
Ready To Move,Hosur Road,1175.0,2.0,2.0,48.0,3 BHK,4085.1063829787236
Not Ready To Move,"Yemlur, Old Airport Road, ",1595.0,3.0,2.0,115.0,3 BHK,7210.031347962383
Ready To Move,VHBCS Layout,1353.0,2.0,2.0,110.0,2 BHK,8130.081300813008
Not Ready To Move,Electronic City,1599.0,3.0,2.0,125.0,3 BHK,7817.385866166354
Ready To Move,Whitefield,1150.0,2.0,1.0,70.0,2 BHK,6086.95652173913
Not Ready To Move,Jakkur,5230.0,6.0,1.0,465.0,4 BHK,8891.013384321224
Ready To Move,KR Puram,1155.0,2.0,2.0,42.74,2 BHK,3700.4329004329006
Ready To Move,Ittamadu,1200.0,2.0,0.0,85.0,1 BHK,7083.333333333333
Not Ready To Move,Electronic City Phase II,1000.0,2.0,1.0,25.0,2 BHK,2500.0
Ready To Move,Thanisandra,3000.0,4.0,2.0,120.0,4 BHK,4000.0
Ready To Move,Rajiv Nagar,1867.0,3.0,1.0,160.0,3 BHK,8569.89823245849
Not Ready To Move,Ramagondanahalli,1251.0,2.0,1.0,47.0,2 BHK,3756.994404476419
Not Ready To Move,Gattahalli,1028.0,2.0,1.0,45.5,2 BHK,4426.070038910506
Ready To Move,Arekere,1222.0,2.0,2.0,45.0,2 BHK,3682.4877250409168
Ready To Move,Bannerghatta Road,1170.0,2.0,1.0,66.0,3 BHK,5641.025641025641
Ready To Move,Hebbal,2400.0,4.0,1.0,245.0,3 BHK,10208.333333333334
Ready To Move,Ramanjaneyanagar,1385.0,2.0,2.0,48.48,3 BHK,3500.361010830325
Ready To Move,HSR Layout,1372.0,2.0,1.0,68.0,2 BHK,4956.268221574344
Ready To Move,Magadi Road,1282.0,2.0,2.0,49.0,3 BHK,3822.1528861154447
Ready To Move,7th Block Jayanagar,3000.0,3.0,1.0,528.0,5 BHK,17600.0
Ready To Move,Kanakpura Road,1135.0,2.0,1.0,39.73,2 BHK,3500.440528634361
Not Ready To Move,Whitefield,1768.0,3.0,2.0,101.0,3 BHK,5712.669683257918
Ready To Move,Byatarayanapura,1325.0,2.0,1.0,90.0,3 BHK,6792.452830188679
Not Ready To Move,Electronic City,1599.0,3.0,2.0,99.0,3 BHK,6191.369606003753
Not Ready To Move,Whitefield,1500.0,3.0,1.0,61.95,3 BHK,4130.0
Ready To Move,2nd Phase JP Nagar,2610.0,3.0,0.0,499.0,3 BHK,19118.773946360154
Ready To Move,Uttarahalli,1286.0,2.0,2.0,63.0,2 BHK,4898.9113530326595
Ready To Move,Kammanahalli,2845.0,5.0,1.0,140.0,5 BHK,4920.91388400703
Ready To Move,K G Colony,1600.0,2.0,2.0,50.0,3 BHK,3125.0
Ready To Move,Hebbal,3450.0,5.0,2.0,260.0,3 BHK,7536.231884057971
Not Ready To Move,Munnekollal,1102.0,2.0,2.0,53.67,2 BHK,4870.235934664247
Ready To Move,Yelahanka,1350.0,2.0,2.0,54.0,2 BHK,4000.0
Ready To Move,Banashankari,1200.0,2.0,2.0,42.0,3 BHK,3500.0
Ready To Move,Herohalli,1800.0,1.0,1.0,80.0,2 BHK,4444.444444444444
Ready To Move,Chikkabanavar,950.0,2.0,1.0,40.0,2 BHK,4210.526315789473
Not Ready To Move,Kanakpura Road,525.0,1.0,1.0,27.25,1 BHK,5190.476190476191
Ready To Move,Attibele,656.0,2.0,1.0,25.0,2 BHK,3810.9756097560976
Ready To Move,Marathahalli,1780.0,4.0,3.0,175.0,4 BHK,9831.460674157302
Ready To Move,3rd Block Hrbr Layout,1056.0,2.0,1.0,80.0,2 BHK,7575.757575757576
Not Ready To Move,Bannerghatta Road,595.0,1.0,1.0,33.32,1 BHK,5600.0
Ready To Move,Ittamadu,1080.0,2.0,2.0,50.0,2 BHK,4629.62962962963
Not Ready To Move,7th Phase JP Nagar,2225.0,3.0,1.0,160.0,3 BHK,7191.011235955056
Not Ready To Move,Bommasandra,1126.0,2.0,1.0,28.15,2 BHK,2500.0
Ready To Move,Electronics City Phase 1,1490.0,3.0,1.0,84.0,3 BHK,5637.583892617449
Ready To Move,HRBR Layout,2000.0,4.0,1.0,300.0,4 BHK,15000.0
Ready To Move,Sarjapur  Road,1550.0,3.0,3.0,100.0,3 BHK,6451.612903225807
Ready To Move,Ashwini layout,1160.0,2.0,1.0,55.0,2 BHK,4741.379310344828
Ready To Move,Whitefield,4144.0,4.0,3.0,315.0,4 BHK,7601.351351351352
Ready To Move,Sarjapur  Road,2100.0,3.0,2.0,125.0,3 BHK,5952.380952380952
Ready To Move,Vittasandra,1404.0,2.0,1.0,69.3,2 BHK,4935.897435897436
Ready To Move,Sarjapur  Road,2230.0,4.0,3.0,225.0,4 BHK,10089.686098654709
Ready To Move,Marathalli bridge,1544.0,3.0,2.0,120.0,3 BHK,7772.020725388601
Not Ready To Move,Banashankari Stage III,1305.0,2.0,1.0,58.7,3 BHK,4498.08429118774
Ready To Move,Marathahalli,1230.0,2.0,2.0,80.0,2 BHK,6504.065040650406
Ready To Move,T.C PALYA,1200.0,2.0,0.0,65.0,2 BHK,5416.666666666667
Ready To Move,Harlur,1460.0,3.0,1.0,73.0,3 BHK,5000.0
Ready To Move,Gottigere,967.0,2.0,3.0,45.0,2 BHK,4653.567735263702
Ready To Move,Byatarayanapura,540.0,1.0,1.0,36.0,1 BHK,6666.666666666667
Not Ready To Move,Hormavu,715.0,1.0,2.0,46.0,1 BHK,6433.566433566433
Ready To Move,Whitefield,2500.0,3.0,2.0,313.0,3 BHK,12520.0
Ready To Move,Dooravani Nagar,1578.0,3.0,1.0,180.0,3 BHK,11406.84410646388
Ready To Move,Mysore Road,1020.0,2.0,1.0,48.95,2 BHK,4799.019607843137
Ready To Move,Jigani,1020.0,2.0,1.0,40.0,2 BHK,3921.5686274509803
Ready To Move,Koramangala,1253.0,2.0,1.0,102.0,2 BHK,8140.462889066241
Ready To Move,JCR Layout,1180.0,2.0,2.0,42.0,2 BHK,3559.322033898305
Ready To Move,Nehru Nagar,961.0,2.0,2.0,38.0,2 BHK,3954.2143600416234
Ready To Move,Kanakapura,1419.0,3.0,3.0,75.0,3 BHK,5285.412262156448
Ready To Move,Harlur,1709.0,3.0,2.0,150.0,3 BHK,8777.062609713283
Ready To Move,Papareddipalya,1600.0,2.0,0.0,115.0,2 BHK,7187.5
Not Ready To Move,Venkatapura,416.0,1.0,1.0,18.5,1 BHK,4447.115384615385
Ready To Move,Sanjay nagar,1100.0,2.0,2.0,98.0,2 BHK,8909.09090909091
Ready To Move,HSR Layout,1430.0,2.0,1.0,65.0,3 BHK,4545.454545454545
Ready To Move,Sneha Colony,1260.0,2.0,2.0,45.0,2 BHK,3571.4285714285716
Ready To Move,RMV Extension,1630.0,3.0,2.0,85.0,3 BHK,5214.7239263803685
Not Ready To Move,Sarjapur  Road,1249.0,3.0,2.0,44.71,3 BHK,3579.663730984788
Ready To Move,Kalena Agrahara,1450.0,2.0,3.0,85.0,3 BHK,5862.068965517241
Not Ready To Move,Konanakunte,2791.0,3.0,1.0,223.0,3 BHK,7989.967753493372
Ready To Move,Hosapalya,600.0,1.0,0.0,90.0,1 BHK,15000.0
Ready To Move,Ashwini layout,834.0,1.0,1.0,60.0,1 BHK,7194.244604316546
Ready To Move,Doddagubbi,1125.0,4.0,1.0,70.0,3 BHK,6222.222222222223
Ready To Move,Arekere,2060.0,3.0,2.0,140.0,3 BHK,6796.116504854369
Ready To Move,Gottigere,891.0,2.0,1.0,25.0,2 BHK,2805.8361391694725
Ready To Move,Raja Rajeshwari Nagar,1133.0,2.0,1.0,49.07,2 BHK,4330.979699911739
Ready To Move,Bisuvanahalli,1075.0,2.0,1.0,37.0,3 BHK,3441.860465116279
Not Ready To Move,Sector 6 HSR Layout,3000.0,5.0,2.0,260.0,4 BHK,8666.666666666666
Ready To Move,Brookefield,2440.0,5.0,2.0,425.0,4 BHK,17418.032786885247
Ready To Move,Vidyaranyapura,1200.0,2.0,2.0,55.0,2 BHK,4583.333333333333
Ready To Move,Thanisandra,1075.0,2.0,2.0,45.8,2 BHK,4260.46511627907
Ready To Move,Kaggadasapura,1140.0,2.0,2.0,40.0,2 BHK,3508.7719298245615
Ready To Move,Margondanahalli,940.0,4.0,2.0,150.0,5 BHK,15957.446808510638
Ready To Move,Raja Rajeshwari Nagar,1090.0,2.0,1.0,42.0,2 BHK,3853.211009174312
Ready To Move,R.T. Nagar,1500.0,4.0,1.0,70.0,4 BHK,4666.666666666667
Ready To Move,Whitefield,4104.0,4.0,2.0,360.0,4 BHK,8771.929824561403
Ready To Move,Whitefield,1790.0,3.0,2.0,100.0,3 BHK,5586.592178770949
Not Ready To Move,Hebbal,1920.0,3.0,2.0,134.0,3 BHK,6979.166666666667
Ready To Move,HRBR Layout,1374.0,2.0,2.0,95.0,2 BHK,6914.1193595342065
Ready To Move,Bannerghatta Road,1445.0,3.0,2.0,95.0,3 BHK,6574.39446366782
Not Ready To Move,Kanakapura,711.0,1.0,1.0,36.0,1 BHK,5063.291139240507
Ready To Move,Tumkur Road,1500.0,3.0,3.0,95.0,3 BHK,6333.333333333333
Ready To Move,Whitefield,1720.0,3.0,3.0,100.0,3 BHK,5813.953488372093
Ready To Move,Vasanthapura,1400.0,3.0,2.0,60.0,3 BHK,4285.714285714285
Ready To Move,Kundalahalli,1030.0,2.0,2.0,49.0,2 BHK,4757.281553398058
Ready To Move,Mysore Road,1200.0,2.0,1.0,85.0,2 BHK,7083.333333333333
Not Ready To Move,Hosahalli,1375.0,3.0,2.0,70.0,3 BHK,5090.909090909091
Ready To Move,Hegde Nagar,1050.0,1.0,1.0,56.0,2 BHK,5333.333333333333
Ready To Move,Jalahalli,2250.0,3.0,2.0,160.0,3 BHK,7111.111111111111
Ready To Move,Bellandur,1000.0,2.0,2.0,50.0,2 BHK,5000.0
Ready To Move,Jalahalli West,469.0,1.0,0.0,25.0,1 BHK,5330.490405117271
Ready To Move,Marathahalli,3800.0,4.0,3.0,250.0,4 BHK,6578.9473684210525
Ready To Move,Kambipura,883.0,2.0,1.0,29.0,2 BHK,3284.2582106455266
Ready To Move,GM Palaya,1820.0,2.0,3.0,86.0,3 BHK,4725.274725274725
Ready To Move,Singasandra,1440.0,2.0,3.0,65.0,3 BHK,4513.888888888889
Ready To Move,Malleshwaram,2500.0,5.0,2.0,325.0,4 BHK,13000.0
Not Ready To Move,Mahadevpura,1225.0,2.0,2.0,48.0,2 BHK,3918.3673469387754
Ready To Move,"6th block banashankari 3rd stage, 100 feet ORR",4000.0,3.0,1.0,660.0,3 BHK,16500.0
Ready To Move,Chikkalasandra,875.0,2.0,3.0,52.8,2 BHK,6034.285714285715
Ready To Move,Jalahalli East,750.0,1.0,2.0,40.0,1 BHK,5333.333333333333
Ready To Move,6th Phase JP Nagar,1180.0,2.0,3.0,80.0,2 BHK,6779.661016949152
Ready To Move,Haralur Road,1194.0,2.0,2.0,47.0,2 BHK,3936.348408710218
Ready To Move,Hennur Road,1500.0,2.0,2.0,62.0,3 BHK,4133.333333333333
Ready To Move,Poornapragna Housing Society Layout,1160.0,2.0,2.0,52.2,2 BHK,4500.0
Ready To Move,Hosakerehalli,2378.0,3.0,1.0,262.0,3 BHK,11017.661900756939
Ready To Move,Sarjapur,1128.0,2.0,1.0,60.0,2 BHK,5319.148936170212
Ready To Move,Hebbal,1500.0,3.0,1.0,150.0,3 BHK,10000.0
Not Ready To Move,Huskur,1220.0,2.0,1.0,35.23,3 BHK,2887.7049180327863
Ready To Move,Sarjapur  Road,1210.0,2.0,2.0,58.0,2 BHK,4793.388429752066
Not Ready To Move,Kanakpura Road,1100.0,2.0,1.0,58.0,3 BHK,5272.727272727273
Ready To Move,Bommasandra,1200.0,3.0,2.0,46.0,3 BHK,3833.3333333333335
Not Ready To Move,Haralur Road,3385.0,5.0,2.0,260.0,4 BHK,7680.945347119646
Ready To Move,Nagondanahalli,1641.0,3.0,2.0,66.0,3 BHK,4021.9378427787933
Ready To Move,Horamavu Agara,1200.0,2.0,1.0,45.0,2 BHK,3750.0
Ready To Move,Raja Rajeshwari Nagar,1260.0,2.0,1.0,67.39,2 BHK,5348.412698412699
Ready To Move,Mahadevpura,1720.0,3.0,3.0,78.0,3 BHK,4534.883720930233
Ready To Move,Yelahanka,1210.0,2.0,1.0,45.98,2 BHK,3800.0
Ready To Move,Indira Nagar,2200.0,4.0,2.0,200.0,4 BHK,9090.90909090909
Ready To Move,Bisuvanahalli,1075.0,2.0,1.0,45.0,3 BHK,4186.046511627907
Ready To Move,Thanisandra,1702.0,3.0,2.0,130.0,3 BHK,7638.07285546416
Ready To Move,Shanthala Nagar,1630.0,2.0,2.0,200.0,2 BHK,12269.938650306749
Ready To Move,Raja Rajeshwari Nagar,1141.0,2.0,2.0,38.55,2 BHK,3378.6152497808935
Not Ready To Move,Shantiniketan Layout,2072.0,3.0,2.0,108.0,3 BHK,5212.355212355213
Ready To Move,Herohalli,1200.0,2.0,0.0,70.0,3 BHK,5833.333333333333
Ready To Move,Teachers Colony,1350.0,3.0,0.0,77.0,3 BHK,5703.7037037037035
Not Ready To Move,Srinivasa Nagar,1180.0,2.0,2.0,78.34,3 BHK,6638.983050847458
Ready To Move,Yelahanka,35000.0,3.0,3.0,130.0,3 BHK,371.42857142857144
Ready To Move,Langford Town,1355.0,2.0,2.0,115.0,2 BHK,8487.084870848708
Ready To Move,Sulthangunta,600.0,1.0,0.0,50.0,1 BHK,8333.333333333334
Ready To Move,Bannerghatta Road,1640.0,2.0,1.0,120.0,3 BHK,7317.073170731707
Ready To Move,Byrathi Village,1200.0,5.0,0.0,100.0,5 BHK,8333.333333333334
Ready To Move,Kodichikkanahalli,1190.0,2.0,2.0,57.0,3 BHK,4789.915966386555
Ready To Move,OMBR Layout,2400.0,4.0,2.0,375.0,4 BHK,15625.0
Ready To Move,Marathahalli,1019.0,2.0,2.0,49.85,2 BHK,4892.051030421982
Ready To Move,Ambedkar Colony,1875.0,3.0,2.0,165.0,3 BHK,8800.0
Not Ready To Move,Akshaya Nagar,1250.0,3.0,2.0,40.0,3 BHK,3200.0
Ready To Move,Brookefield,1200.0,3.0,2.0,140.0,3 BHK,11666.666666666666
Ready To Move,Whitefield,1140.0,2.0,1.0,56.0,2 BHK,4912.2807017543855
Ready To Move,Lingadheeranahalli,1683.0,3.0,1.0,109.0,3 BHK,6476.5300059417705
Ready To Move,Kaggadasapura,1515.0,3.0,2.0,83.3,3 BHK,5498.349834983498
Not Ready To Move,Hoodi,2118.0,4.0,2.0,111.0,4 BHK,5240.793201133144
Ready To Move,Bannerghatta Road,1380.0,3.0,0.0,58.0,4 BHK,4202.898550724638
Ready To Move,Varthur Road,1083.0,2.0,2.0,61.75,2 BHK,5701.754385964912
Ready To Move,Anjappa Layout,600.0,2.0,1.0,55.0,2 BHK,9166.666666666666
Ready To Move,Avalahalli,2300.0,3.0,3.0,120.0,3 BHK,5217.391304347826
Ready To Move,Prakruthi Nagar,1240.0,2.0,2.0,60.0,2 BHK,4838.709677419355
Ready To Move,Surabhi Layout,1750.0,3.0,1.0,120.0,3 BHK,6857.142857142857
Not Ready To Move,Sadaramangala,1230.0,2.0,1.0,43.48,2 BHK,3534.959349593496
Not Ready To Move,Anjanapura,1500.0,3.0,1.0,139.0,3 BHK,9266.666666666666
Ready To Move,Abbigere,985.0,2.0,1.0,40.39,2 BHK,4100.507614213198
Ready To Move,Tindlu,1500.0,2.0,1.0,87.0,3 BHK,5800.0
Not Ready To Move,Electronic City,1125.0,2.0,1.0,32.49,2 BHK,2888.0
Ready To Move,Maruthi Sevanagar,950.0,2.0,1.0,44.0,2 BHK,4631.578947368421
Ready To Move,Kothanur,1580.0,3.0,3.0,76.0,3 BHK,4810.126582278481
Ready To Move,B Narayanapura,1092.0,2.0,1.0,98.5,3 BHK,9020.14652014652
Not Ready To Move,Electronic City Phase II,1090.0,2.0,1.0,28.34,2 BHK,2600.0
Not Ready To Move,Hennur Road,2264.0,3.0,1.0,159.0,3 BHK,7022.968197879859
Not Ready To Move,Dommasandra,1033.0,2.0,2.0,25.53,3 BHK,2471.4424007744433
Not Ready To Move,Kammasandra,810.0,2.0,2.0,24.5,2 BHK,3024.6913580246915
Ready To Move,Green Garden Layout,1045.0,2.0,0.0,45.0,2 BHK,4306.2200956937795
Not Ready To Move,Hebbal,1337.0,2.0,1.0,82.0,2 BHK,6133.1338818249815
Ready To Move,Chandapura,1200.0,2.0,2.0,32.0,2 BHK,2666.6666666666665
Ready To Move,Koramangala,1580.0,3.0,2.0,160.0,3 BHK,10126.582278481013
Ready To Move,Begur Road,1500.0,2.0,3.0,54.0,3 BHK,3600.0
Not Ready To Move,Whitefield,1640.0,4.0,2.0,91.0,3 BHK,5548.780487804878
Ready To Move,Silver Springs Layout,1570.0,3.0,2.0,62.0,3 BHK,3949.044585987261
Ready To Move,Gubbalala,1470.0,2.0,2.0,82.0,3 BHK,5578.231292517007
Ready To Move,Kengeri,1160.0,2.0,2.0,40.61,2 BHK,3500.862068965517
Ready To Move,7th Phase JP Nagar,1050.0,2.0,1.0,71.0,2 BHK,6761.9047619047615
Not Ready To Move,Dairy Circle,1855.0,3.0,1.0,225.0,3 BHK,12129.380053908355
Ready To Move,Bannerghatta Road,1460.0,2.0,1.0,90.0,3 BHK,6164.3835616438355
Ready To Move,Hulimavu,1823.0,3.0,2.0,100.0,3 BHK,5485.463521667581
Ready To Move,Electronic City,1094.0,2.0,2.0,42.0,2 BHK,3839.1224862888484
Ready To Move,Budigere,1153.0,2.0,2.0,57.0,2 BHK,4943.625325238509
Ready To Move,Hoysalanagar,1325.0,3.0,1.0,57.0,3 BHK,4301.88679245283
Ready To Move,Parappana Agrahara,1200.0,3.0,2.0,85.0,4 BHK,7083.333333333333
Ready To Move,Jakkur,1590.0,2.0,2.0,125.0,3 BHK,7861.635220125786
Ready To Move,Jeevan bima nagar,1210.0,4.0,2.0,160.0,5 BHK,13223.140495867769
Ready To Move,Raja Rajeshwari Nagar,1200.0,4.0,0.0,220.0,4 BHK,18333.333333333332
Ready To Move,Narayana Nagar 1st Block,1202.0,2.0,1.0,48.0,2 BHK,3993.3444259567386
Ready To Move,Haralur Road,1202.0,2.0,1.0,53.0,2 BHK,4409.317803660566
Ready To Move,KSRTC Layout,1200.0,2.0,3.0,62.5,2 BHK,5208.333333333333
Not Ready To Move,Panathur,1688.0,3.0,1.0,118.0,3 BHK,6990.521327014218
Ready To Move,Kaval Byrasandra,1020.0,2.0,1.0,52.0,2 BHK,5098.0392156862745
Ready To Move,Sarjapur,1185.0,2.0,2.0,47.0,2 BHK,3966.2447257383965
Not Ready To Move,Ramagondanahalli,1235.0,2.0,1.0,52.04,2 BHK,4213.765182186235
Ready To Move,Hosakerehalli,3205.0,5.0,1.0,500.0,4 BHK,15600.624024960998
Ready To Move,Banashankari,1077.0,2.0,2.0,37.64,2 BHK,3494.8932219127205
Ready To Move,Kengeri Satellite Town,1415.0,2.0,3.0,66.0,3 BHK,4664.310954063604
Not Ready To Move,EPIP Zone,2330.0,3.0,2.0,162.0,3 BHK,6952.789699570815
Ready To Move,Whitefield,805.0,2.0,2.0,35.0,2 BHK,4347.826086956522
Ready To Move,P&T Colony,425.0,1.0,0.0,20.03,1 BHK,4712.941176470588
Ready To Move,Whitefield,1155.0,2.0,3.0,59.95,2 BHK,5190.476190476191
Ready To Move,Cunningham Road,5270.0,4.0,3.0,1250.0,4 BHK,23719.165085388995
Ready To Move,Anekal,656.0,2.0,1.0,22.0,2 BHK,3353.6585365853657
Ready To Move,New Gurappana Palya,1100.0,2.0,0.0,48.0,2 BHK,4363.636363636364
Ready To Move,Mahadevpura,1150.0,2.0,3.0,52.0,2 BHK,4521.739130434783
Ready To Move,Chelekare,600.0,1.0,1.0,60.0,1 BHK,10000.0
Ready To Move,Ambedkar Colony,1468.0,2.0,1.0,140.0,2 BHK,9536.784741144415
Ready To Move,Palanahalli,4300.0,5.0,2.0,550.0,4 BHK,12790.697674418605
Not Ready To Move,Whitefield,2280.0,4.0,2.0,126.0,3 BHK,5526.315789473684
Ready To Move,Hegde Nagar,1341.0,2.0,1.0,97.0,2 BHK,7233.407904548844
Ready To Move,Jakkur,1279.0,2.0,1.0,77.0,2 BHK,6020.3283815480845
Not Ready To Move,Electronic City Phase II,2225.0,4.0,0.0,98.88,4 BHK,4444.044943820225
Ready To Move,Thanisandra,1185.0,2.0,2.0,43.51,2 BHK,3671.7299578059074
Ready To Move,Vadarpalya,1750.0,3.0,2.0,85.0,3 BHK,4857.142857142857
Ready To Move,Kudlu,1152.0,2.0,1.0,53.5,2 BHK,4644.097222222223
Ready To Move,Shivanagar,1000.0,4.0,1.0,160.0,5 BHK,16000.0
Ready To Move,Hulimavu,1300.0,2.0,3.0,36.0,2 BHK,2769.230769230769
Not Ready To Move,Varthur Road,2760.0,4.0,2.0,155.0,4 BHK,5615.942028985507
Not Ready To Move,5th Phase JP Nagar,1070.0,2.0,2.0,39.0,2 BHK,3644.8598130841124
Ready To Move,Uttarahalli,1101.0,2.0,0.0,45.0,2 BHK,4087.193460490463
Ready To Move,V.V Puram,775.0,2.0,1.0,55.0,2 BHK,7096.774193548387
Ready To Move,Yeshwanthpur,667.0,1.0,1.0,36.85,1 BHK,5524.737631184408
Ready To Move,Electronic City,1070.0,2.0,1.0,55.0,2 BHK,5140.186915887851
Ready To Move,Old Airport Road,1875.0,2.0,2.0,110.0,3 BHK,5866.666666666667
Ready To Move,Kundalahalli,735.0,2.0,1.0,57.99,2 BHK,7889.7959183673465
Ready To Move,Sarjapur,4360.0,4.0,1.0,90.0,5 BHK,2064.2201834862385
Ready To Move,Koramangala,1750.0,3.0,2.0,130.0,3 BHK,7428.571428571428
Ready To Move,Marathahalli,1215.0,2.0,1.0,67.0,2 BHK,5514.40329218107
Ready To Move,Vishwapriya Layout,820.0,2.0,1.0,30.0,2 BHK,3658.5365853658536
Ready To Move,Battarahalli,1779.0,3.0,2.0,89.61,3 BHK,5037.099494097808
Ready To Move,HMT Layout,1105.0,2.0,2.0,58.0,2 BHK,5248.868778280543
Ready To Move,Whitefield,1650.0,3.0,2.0,60.0,3 BHK,3636.3636363636365
Ready To Move,Jalahalli,1694.0,2.0,2.0,150.0,2 BHK,8854.78158205431
Ready To Move,Hosakerehalli,2376.0,3.0,1.0,203.0,3 BHK,8543.771043771043
Ready To Move,Cox Town,1975.0,3.0,3.0,150.0,3 BHK,7594.93670886076
Ready To Move,Kammasandra,674.0,2.0,1.0,33.0,2 BHK,4896.142433234421
Ready To Move,Kaggadasapura,1185.0,2.0,1.0,41.0,2 BHK,3459.915611814346
Ready To Move,HSR Layout,1475.0,3.0,2.0,75.0,3 BHK,5084.745762711865
Ready To Move,Gottigere,1618.0,3.0,3.0,82.5,3 BHK,5098.887515451174
Ready To Move,Koramangala,1120.0,2.0,0.0,65.0,2 BHK,5803.571428571428
Ready To Move,Marathahalli,2181.0,3.0,2.0,152.0,4 BHK,6969.280146721688
Ready To Move,Vidyaranyapura,1200.0,4.0,0.0,90.0,4 BHK,7500.0
Not Ready To Move,Bannerghatta Road,1556.0,2.0,1.0,59.13,3 BHK,3800.1285347043704
Not Ready To Move,Bannerghatta Road,1179.0,2.0,1.0,66.02,2 BHK,5599.660729431722
Ready To Move,Thanisandra,1296.0,2.0,2.0,83.0,2 BHK,6404.320987654321
Ready To Move,Kaggadasapura,1275.0,2.0,2.0,52.0,2 BHK,4078.4313725490197
Ready To Move,Kathriguppe,1400.0,2.0,2.0,77.0,3 BHK,5500.0
Ready To Move,Gottigere,1222.0,2.0,1.0,63.0,2 BHK,5155.482815057283
Ready To Move,Electronic City,940.0,2.0,1.0,41.0,2 BHK,4361.702127659574
Ready To Move,Thanisandra,1185.0,2.0,2.0,42.6,2 BHK,3594.9367088607596
Ready To Move,Tumkur Road,1779.0,3.0,2.0,112.0,3 BHK,6295.6717256885895
Ready To Move,Begur Road,1615.0,3.0,2.0,59.76,3 BHK,3700.30959752322
Ready To Move,Haralur Road,1056.0,2.0,1.0,61.0,2 BHK,5776.515151515152
Ready To Move,7th Phase JP Nagar,1100.0,2.0,0.0,46.0,2 BHK,4181.818181818182
Ready To Move,Arekere,920.0,2.0,1.0,40.0,2 BHK,4347.826086956522
Ready To Move,ITI Layout,1602.0,2.0,0.0,75.0,3 BHK,4681.647940074907
Ready To Move,Padmanabhanagar,1176.0,2.0,0.0,62.0,2 BHK,5272.108843537415
Ready To Move,HBR Layout,675.0,3.0,1.0,59.0,4 BHK,8740.74074074074
Ready To Move,Richmond Town,1352.0,3.0,0.0,135.0,3 BHK,9985.207100591717
Ready To Move,Kasavanhalli,1717.0,3.0,3.0,99.0,3 BHK,5765.87070471753
Not Ready To Move,4 Bedroom Farm House in Bagalur,10961.0,4.0,1.0,80.0,4 BHK,729.8604141957851
Not Ready To Move,Bhoganhalli,2119.0,4.0,3.0,111.0,4 BHK,5238.319962246343
Ready To Move,Vittasandra,1246.0,2.0,1.0,67.3,2 BHK,5401.284109149277
Not Ready To Move,Anandapura,1141.0,2.0,1.0,42.79,2 BHK,3750.219106047327
Ready To Move,Hennur Road,1157.0,2.0,1.0,84.0,2 BHK,7260.155574762316
Not Ready To Move,Chandapura,1025.0,2.0,2.0,27.68,2 BHK,2700.487804878049
Ready To Move,Yelahanka New Town,650.0,1.0,2.0,33.0,1 BHK,5076.923076923077
Ready To Move,Hebbal,1349.0,2.0,1.0,98.0,2 BHK,7264.6404744255005
Ready To Move,Narayanapura,1566.0,3.0,1.0,83.3,3 BHK,5319.284802043423
Ready To Move,Sahakara Nagar,2830.0,3.0,3.0,195.0,4 BHK,6890.459363957597
Not Ready To Move,Electronic City,1320.0,2.0,1.0,38.13,3 BHK,2888.636363636364
Not Ready To Move,manyata park,1780.0,3.0,1.0,84.83,3 BHK,4765.730337078651
Ready To Move,Varthur,1091.0,2.0,1.0,34.9,2 BHK,3198.9000916590285
Ready To Move,Rachenahalli,3670.0,4.0,3.0,300.0,4 BHK,8174.386920980926
Ready To Move,7th Phase JP Nagar,918.0,2.0,1.0,50.49,2 BHK,5500.0
Not Ready To Move,Yeshwanthpur,1950.0,4.0,0.0,130.0,4 BHK,6666.666666666667
Ready To Move,Panathur,1695.0,3.0,1.0,90.0,3 BHK,5309.734513274337
Ready To Move,Yelahanka,1705.0,3.0,2.0,95.0,3 BHK,5571.847507331378
Ready To Move,Kalyan nagar,1375.0,3.0,2.0,75.0,3 BHK,5454.545454545455
Not Ready To Move,Kanakpura Road,525.0,1.0,1.0,30.0,1 BHK,5714.285714285715
Not Ready To Move,Whitefield,1447.0,2.0,1.0,83.0,2 BHK,5736.005528680028
Ready To Move,Thanisandra,1114.0,2.0,1.0,39.0,2 BHK,3500.8976660682224
Ready To Move,7th Phase JP Nagar,1450.0,2.0,1.0,100.0,3 BHK,6896.551724137931
Ready To Move,Belathur,460.0,1.0,0.0,15.0,2 BHK,3260.8695652173915
Ready To Move,Vasanthapura,1022.0,2.0,2.0,40.0,2 BHK,3913.894324853229
Ready To Move,Hebbal,1000.0,2.0,2.0,45.0,2 BHK,4500.0
Not Ready To Move,Electronic City,1128.0,2.0,1.0,68.75,2 BHK,6094.858156028369
Not Ready To Move,Kanakpura Road,1180.0,2.0,2.0,57.0,2 BHK,4830.5084745762715
Ready To Move,Nagarbhavi,1200.0,2.0,1.0,150.0,2 BHK,12500.0
Ready To Move,Sadashiva Nagar,3761.0,3.0,2.0,660.0,3 BHK,17548.524328636002
Ready To Move,Kanakpura Road,1339.0,2.0,3.0,75.0,2 BHK,5601.194921583271
Ready To Move,Yelachenahalli,1400.0,2.0,3.0,55.0,3 BHK,3928.5714285714284
Ready To Move,7th Phase JP Nagar,1040.0,2.0,1.0,39.52,2 BHK,3800.0000000000005
Ready To Move,Kadugodi,1198.0,2.0,2.0,58.0,2 BHK,4841.402337228715
Ready To Move,Shirdi Sai Layout,1200.0,3.0,2.0,95.0,4 BHK,7916.666666666667
Ready To Move,Sarjapur  Road,1691.0,3.0,2.0,113.0,3 BHK,6682.436428149024
Ready To Move,Bisuvanahalli,1075.0,3.0,2.0,36.0,3 BHK,3348.8372093023254
Not Ready To Move,1st Block Jayanagar,1630.0,3.0,2.0,194.0,3 BHK,11901.840490797545
Not Ready To Move,8th Phase JP Nagar,1240.0,3.0,2.0,43.5,3 BHK,3508.064516129032
Ready To Move,Mallasandra,1665.0,3.0,2.0,86.58,3 BHK,5200.0
Ready To Move,Marathahalli,2489.0,3.0,2.0,94.0,3 BHK,3776.6171153073524
Ready To Move,Brookefield,1142.0,2.0,2.0,70.0,2 BHK,6129.5971978984235
Ready To Move,Kodbisanhalli,1976.0,3.0,1.0,184.0,3 BHK,9311.74089068826
Ready To Move,Sathya Sai Layout,5500.0,4.0,2.0,600.0,4 BHK,10909.09090909091
Ready To Move,Kothannur,1853.0,3.0,2.0,82.0,3 BHK,4425.256341068538
Ready To Move,Kasturi Nagar,1567.0,2.0,2.0,92.0,2 BHK,5871.091257179323
Ready To Move,Talaghattapura,1090.0,2.0,1.0,27.24,2 BHK,2499.0825688073396
Ready To Move,Indiranagar HAL 2nd Stage,2400.0,4.0,1.0,640.0,4 BHK,26666.666666666668
Ready To Move,Electronics City Phase 1,1175.0,2.0,2.0,51.47,2 BHK,4380.425531914893
Ready To Move,Subramanyapura,1200.0,2.0,2.0,52.0,2 BHK,4333.333333333333
Ready To Move,Kodichikkanahalli,995.0,2.0,1.0,41.0,2 BHK,4120.603015075377
Ready To Move,Magadi Road,884.0,2.0,1.0,41.1,2 BHK,4649.321266968326
Ready To Move,Vishwanatha Nagenahalli,900.0,3.0,2.0,80.0,5 BHK,8888.888888888889
Ready To Move,Yeshwanthpur,1170.0,2.0,2.0,57.0,2 BHK,4871.794871794872
Ready To Move,KR Puram,1225.0,2.0,1.0,46.55,2 BHK,3800.0
Not Ready To Move,Electronic City,1342.0,2.0,1.0,73.3,2 BHK,5461.997019374068
Not Ready To Move,Uttarahalli,1345.0,2.0,1.0,67.0,2 BHK,4981.412639405205
Ready To Move,Kodigehaali,1320.0,3.0,0.0,65.0,3 BHK,4924.242424242424
Ready To Move,Raja Rajeshwari Nagar,1140.0,2.0,1.0,49.39,2 BHK,4332.456140350877
Ready To Move,Battarahalli,1300.0,2.0,1.0,50.0,2 BHK,3846.153846153846
Ready To Move,Hosa Road,1652.0,3.0,2.0,85.0,3 BHK,5145.2784503631965
Ready To Move,Thigalarapalya,2072.0,4.0,2.0,142.0,3 BHK,6853.281853281854
Ready To Move,Arekere,1740.0,2.0,2.0,95.0,3 BHK,5459.770114942528
Ready To Move,Electronic City,1360.0,2.0,1.0,71.0,3 BHK,5220.588235294118
Ready To Move,Hosur Road,1145.0,2.0,2.0,60.0,3 BHK,5240.174672489083
Ready To Move,Uttarahalli,1540.0,2.0,0.0,40.0,3 BHK,2597.4025974025976
Ready To Move,Sarjapur  Road,1278.0,2.0,2.0,95.0,2 BHK,7433.489827856025
Not Ready To Move,Electronic City Phase II,630.0,1.0,1.0,40.0,1 BHK,6349.206349206349
Not Ready To Move,Kanakpura Road,1100.0,3.0,2.0,58.0,3 BHK,5272.727272727273
Ready To Move,Bendiganahalli,1200.0,3.0,0.0,95.0,3 BHK,7916.666666666667
Not Ready To Move,Chandapura,1015.0,2.0,2.0,25.88,2 BHK,2549.753694581281
Ready To Move,Hosur Road,3300.0,5.0,2.0,240.0,5 BHK,7272.727272727273
Ready To Move,Basaveshwara Nagar,4500.0,5.0,1.0,415.0,5 BHK,9222.222222222223
Ready To Move,Gunjur,1356.0,2.0,3.0,66.0,3 BHK,4867.256637168141
Ready To Move,Hennagara,823.0,2.0,1.0,28.0,2 BHK,3402.187120291616
Ready To Move,TC Palaya,1200.0,2.0,0.0,66.0,3 BHK,5500.0
Ready To Move,Ramamurthy Nagar,1050.0,2.0,0.0,37.0,2 BHK,3523.809523809524
Ready To Move,Ferrar Nagar,1180.0,2.0,1.0,69.0,2 BHK,5847.457627118644
Ready To Move,Whitefield,1116.0,2.0,3.0,51.91,2 BHK,4651.433691756272
Ready To Move,7th Phase JP Nagar,1070.0,2.0,1.0,42.79,2 BHK,3999.0654205607475
Not Ready To Move,Varthur,1385.0,2.0,3.0,80.0,2 BHK,5776.173285198556
Ready To Move,Varthur,1000.0,1.0,1.0,70.0,1 BHK,7000.0
Not Ready To Move,Whitefield,1897.0,3.0,2.0,130.0,3 BHK,6852.925672113864
Not Ready To Move,Magadi Road,1005.0,2.0,1.0,55.78,2 BHK,5550.248756218905
Ready To Move,Green Glen Layout,1575.0,3.0,2.0,125.0,3 BHK,7936.507936507936
Ready To Move,Subramanyapura,975.0,2.0,1.0,65.0,2 BHK,6666.666666666667
Ready To Move,Hennur Road,1904.0,3.0,2.0,120.0,3 BHK,6302.5210084033615
Ready To Move,Kengeri Satellite Town,930.0,1.0,1.0,30.0,1 BHK,3225.8064516129034
Not Ready To Move,Kanakpura Road,525.0,1.0,1.0,26.0,1 BHK,4952.380952380952
Ready To Move,BAGUR,686.0,1.0,1.0,17.0,1 BHK,2478.134110787172
Ready To Move,Electronic City Phase II,2400.0,3.0,1.0,150.0,2 BHK,6250.0
Ready To Move,8th block Koramangala,1410.0,1.0,0.0,233.0,2 BHK,16524.822695035462
Not Ready To Move,Sarjapur  Road,2238.0,3.0,1.0,140.0,3 BHK,6255.585344057194
Ready To Move,Harlur,1174.0,2.0,1.0,69.0,2 BHK,5877.342419080068
Ready To Move,Thubarahalli,3800.0,4.0,3.0,239.0,4 BHK,6289.473684210527
Ready To Move,Whitefield,2225.0,2.0,1.0,125.0,3 BHK,5617.9775280898875
Ready To Move,M.G Road,1250.0,2.0,0.0,200.0,2 BHK,16000.0
Ready To Move,Jigani,918.0,2.0,2.0,52.0,2 BHK,5664.488017429194
Ready To Move,Mahadevpura,1250.0,2.0,3.0,52.0,2 BHK,4160.0
Ready To Move,Sarjapur  Road,1800.0,3.0,2.0,110.0,3 BHK,6111.111111111111
Ready To Move,Marathahalli,1170.0,2.0,3.0,53.0,2 BHK,4529.91452991453
Ready To Move,Byatarayanapura,1300.0,1.0,0.0,200.0,1 BHK,15384.615384615385
Ready To Move,Bannerghatta Road,793.0,2.0,1.0,45.0,2 BHK,5674.653215636822
Ready To Move,Jakkur,1710.0,3.0,2.0,107.0,3 BHK,6257.309941520468
Ready To Move,Kambipura,1082.0,2.0,1.0,57.5,3 BHK,5314.232902033272
Not Ready To Move,Naganathapura,1001.0,2.0,2.0,33.03,2 BHK,3299.7002997002996
Ready To Move,Srinivasa Nagar,1500.0,4.0,2.0,180.0,4 BHK,12000.0
Ready To Move,Yelahanka,1590.0,2.0,1.0,54.0,3 BHK,3396.2264150943397
Ready To Move,Basavanagara,2400.0,2.0,0.0,80.0,3 BHK,3333.3333333333335
Ready To Move,Horamavu Banaswadi,1554.0,3.0,2.0,55.0,3 BHK,3539.253539253539
Ready To Move,Bellandur,4239.0,5.0,2.0,423.0,5 BHK,9978.768577494691
Ready To Move,Konanakunte,884.0,1.0,0.0,58.0,2 BHK,6561.085972850678
Not Ready To Move,Hosa Road,1045.0,2.0,1.0,98.89,2 BHK,9463.157894736842
Ready To Move,Marathahalli,1019.0,2.0,2.0,49.86,2 BHK,4893.032384690873
Ready To Move,Ambedkar Nagar,1935.0,4.0,2.0,130.0,3 BHK,6718.3462532299745
Ready To Move,Uttarahalli,1135.0,2.0,2.0,39.73,3 BHK,3500.440528634361
Ready To Move,Lakshminarayana Pura,1680.0,3.0,2.0,150.0,3 BHK,8928.57142857143
Not Ready To Move,Hebbal,2470.0,5.0,2.0,247.0,4 BHK,10000.0
Ready To Move,1st Phase JP Nagar,2825.0,4.0,3.0,250.0,4 BHK,8849.557522123894
Ready To Move,Hosakerehalli,2480.0,3.0,1.0,330.0,3 BHK,13306.451612903225
Ready To Move,Ramamurthy Nagar,1800.0,4.0,3.0,187.0,5 BHK,10388.888888888889
Ready To Move,Kasavanhalli,1799.0,3.0,3.0,90.0,3 BHK,5002.77932184547
Ready To Move,Attibele,400.0,1.0,1.0,11.0,1 BHK,2750.0
Not Ready To Move,Kundalahalli,1047.0,2.0,1.0,82.0,2 BHK,7831.900668576886
Ready To Move,Kaverappa Layout,1282.0,2.0,2.0,87.0,2 BHK,6786.271450858035
Ready To Move,NGR Layout,1020.0,2.0,1.0,45.9,2 BHK,4500.0
Ready To Move,Kammanahalli,1080.0,3.0,1.0,155.0,4 BHK,14351.851851851852
Ready To Move,Whitefield,1495.0,2.0,1.0,79.5,2 BHK,5317.725752508361
Ready To Move,Kasavanhalli,3260.0,4.0,1.0,240.0,4 BHK,7361.963190184049
Not Ready To Move,Divya Unnathi Layout,1611.0,2.0,2.0,64.44,3 BHK,4000.0
Ready To Move,Koramangala,3500.0,5.0,2.0,425.0,4 BHK,12142.857142857143
Ready To Move,Vasantha Vallabha Nagar,1500.0,2.0,2.0,95.0,3 BHK,6333.333333333333
Ready To Move,Sahakara Nagar,1500.0,2.0,2.0,95.0,3 BHK,6333.333333333333
Ready To Move,Yelahanka,3206.0,5.0,2.0,270.0,4 BHK,8421.70929507174
Ready To Move,Uttarahalli,1540.0,3.0,0.0,50.0,3 BHK,3246.753246753247
Not Ready To Move,Hosa Road,1639.0,3.0,1.0,80.0,3 BHK,4881.0250152532035
Ready To Move,Marathahalli,700.0,4.0,2.0,72.0,4 BHK,10285.714285714286
Ready To Move,Raja Rajeshwari Nagar,1303.0,2.0,2.0,55.79,2 BHK,4281.657712970069
Ready To Move,Koramangala,1005.0,1.0,1.0,110.0,2 BHK,10945.273631840795
Not Ready To Move,Chandapura,1305.0,3.0,1.0,33.28,3 BHK,2550.191570881226
Ready To Move,Kothannur,600.0,4.0,0.0,95.0,3 BHK,15833.333333333334
Ready To Move,sapthagiri Layout,1300.0,1.0,1.0,115.0,2 BHK,8846.153846153846
Ready To Move,Brookefield,1440.0,2.0,3.0,68.0,3 BHK,4722.222222222223
Not Ready To Move,Seegehalli,901.0,2.0,1.0,35.14,2 BHK,3900.110987791343
Ready To Move,Rajaji Nagar,1725.0,3.0,3.0,200.0,3 BHK,11594.202898550724
Ready To Move,Sarjapur,900.0,2.0,1.0,42.0,3 BHK,4666.666666666667
Ready To Move,BEML Layout,1060.0,2.0,1.0,55.0,2 BHK,5188.679245283019
Ready To Move,NGR Layout,1020.0,2.0,1.0,48.45,2 BHK,4750.0
Not Ready To Move,Varthur,1535.0,3.0,2.0,65.99,3 BHK,4299.022801302931
Ready To Move,Alur,530.0,1.0,1.0,20.0,1 BHK,3773.5849056603774
Ready To Move,Haralur Road,1464.0,3.0,2.0,56.0,3 BHK,3825.136612021858
Ready To Move,Devarabisanahalli,1350.0,2.0,3.0,80.0,2 BHK,5925.925925925926
Ready To Move,Sarjapur  Road,1115.0,2.0,2.0,50.0,2 BHK,4484.304932735426
Ready To Move,Uttarahalli,1175.0,2.0,2.0,47.0,2 BHK,4000.0
Ready To Move,Whitefield,1113.0,2.0,1.0,62.0,2 BHK,5570.530098831986
Ready To Move,Ramamurthy Nagar,1640.0,4.0,3.0,240.0,5 BHK,14634.146341463415
Ready To Move,Giri Nagar,650.0,2.0,0.0,42.0,2 BHK,6461.538461538462
Ready To Move,Marathahalli,1325.0,2.0,2.0,71.55,2 BHK,5400.0
Ready To Move,Electronics City Phase 1,950.0,2.0,3.0,31.0,2 BHK,3263.157894736842
Not Ready To Move,Jakkur,1396.0,2.0,1.0,86.51,3 BHK,6196.991404011461
Ready To Move,Rachenahalli,1050.0,2.0,2.0,52.07,2 BHK,4959.047619047619
Ready To Move,Thanisandra,1825.0,3.0,2.0,100.0,3 BHK,5479.45205479452
Ready To Move,7th Phase JP Nagar,1190.0,2.0,1.0,49.98,2 BHK,4200.0
Ready To Move,Marathahalli,1220.0,2.0,1.0,56.5,2 BHK,4631.147540983607
Ready To Move,NRI Layout,1565.0,2.0,2.0,75.0,3 BHK,4792.332268370607
Ready To Move,Hennur Road,1891.0,3.0,1.0,109.0,3 BHK,5764.1459545214175
Ready To Move,Sidedahalli,900.0,2.0,0.0,27.0,2 BHK,3000.0
Not Ready To Move,Hosa Road,1161.0,2.0,1.0,55.15,2 BHK,4750.215331610681
Ready To Move,Rajaji Nagar,315.0,4.0,2.0,90.0,4 BHK,28571.428571428572
Ready To Move,Yeshwanthpur,665.0,1.0,1.0,36.85,1 BHK,5541.353383458647
Not Ready To Move,Mysore Road,1175.0,2.0,1.0,73.5,2 BHK,6255.31914893617
Ready To Move,Hoodi,1425.0,2.0,2.0,80.0,2 BHK,5614.035087719299
Ready To Move,Chikkabanavar,1200.0,1.0,0.0,20.0,1 BHK,1666.6666666666667
Not Ready To Move,ITPL,1200.0,3.0,1.0,56.12,3 BHK,4676.666666666667
Ready To Move,Somasundara Palya,1255.0,2.0,2.0,67.0,2 BHK,5338.645418326693
Ready To Move,Hegde Nagar,2112.95,4.0,2.0,145.0,3 BHK,6862.443503159091
Ready To Move,Raja Rajeshwari Nagar,600.0,1.0,1.0,22.0,1 BHK,3666.6666666666665
Not Ready To Move,Haralur Road,1810.0,3.0,2.0,100.0,3 BHK,5524.861878453039
Ready To Move,Indira Nagar,1200.0,2.0,2.0,93.0,2 BHK,7750.0
Ready To Move,Harlur,1033.0,2.0,2.0,49.0,2 BHK,4743.465634075508
Ready To Move,ITPL,1548.0,3.0,2.0,89.5,3 BHK,5781.6537467700255
Not Ready To Move,Horamavu Banaswadi,1611.0,3.0,3.0,66.0,3 BHK,4096.83426443203
Not Ready To Move,Electronic City Phase II,1400.0,2.0,1.0,40.43,3 BHK,2887.8571428571427
Ready To Move,Vidyaranyapura,1485.0,2.0,2.0,67.0,3 BHK,4511.784511784512
Ready To Move,Margondanahalli,2400.0,2.0,1.0,82.0,2 BHK,3416.6666666666665
Ready To Move,Pattandur Agrahara,1025.0,2.0,1.0,44.5,2 BHK,4341.463414634146
Ready To Move,Thurahalli,600.0,3.0,2.0,65.0,4 BHK,10833.333333333334
Ready To Move,Hallehalli,1225.0,2.0,1.0,53.0,2 BHK,4326.530612244898
Ready To Move,5th Phase JP Nagar,1256.0,2.0,1.0,62.8,2 BHK,5000.0
Ready To Move,Whitefield,2268.0,3.0,2.0,163.0,4 BHK,7186.94885361552
Not Ready To Move,Kanakpura Road,1100.0,3.0,2.0,53.0,3 BHK,4818.181818181818
Ready To Move,Vadarpalya,1141.0,2.0,0.0,62.0,2 BHK,5433.829973707274
Ready To Move,Attibele,400.0,1.0,1.0,12.0,1 BHK,3000.0
Ready To Move,Chandapura,1400.0,2.0,0.0,60.0,2 BHK,4285.714285714285
Ready To Move,Raghavendra Nagar,1175.0,2.0,2.0,48.27,2 BHK,4108.085106382979
Ready To Move,Sahakara Nagar,1100.0,2.0,1.0,56.0,2 BHK,5090.909090909091
Ready To Move,Kanakpura Road,1843.0,3.0,2.0,95.84,3 BHK,5200.217037438958
Not Ready To Move,Horamavu Banaswadi,1460.0,2.0,1.0,80.5,2 BHK,5513.698630136986
Ready To Move,Rachenahalli,1530.0,2.0,2.0,74.5,3 BHK,4869.281045751634
Ready To Move,HSR Layout,1467.0,2.0,1.0,55.0,2 BHK,3749.147920927062
Ready To Move,KR Layout,950.0,1.0,1.0,40.0,1 BHK,4210.526315789473
Ready To Move,Vittasandra,1246.0,2.0,1.0,64.5,2 BHK,5176.565008025682
Not Ready To Move,Kanakapura,711.0,1.0,1.0,38.0,1 BHK,5344.585091420535
Ready To Move,Haralur Road,1194.0,2.0,2.0,46.0,2 BHK,3852.5963149078725
Ready To Move,Babusapalaya,1358.0,2.0,1.0,43.4,3 BHK,3195.8762886597938
Ready To Move,Hoodi,1420.0,2.0,2.0,75.0,2 BHK,5281.69014084507
Ready To Move,Kathriguppe,1250.0,2.0,1.0,68.75,3 BHK,5500.0
Ready To Move,Akshaya Nagar,1280.0,2.0,1.0,58.0,2 BHK,4531.25
Ready To Move,Nagappa Reddy Layout,1209.0,2.0,1.0,50.0,2 BHK,4135.6492969396195
Ready To Move,Kempapura,4200.0,5.0,2.0,225.0,5 BHK,5357.142857142857
Ready To Move,BTM 1st Stage,1215.0,4.0,3.0,205.0,4 BHK,16872.427983539095
Ready To Move,Panathur,1315.0,2.0,1.0,54.8,3 BHK,4167.300380228137
Ready To Move,Kariyammana Agrahara,1800.0,3.0,3.0,90.0,3 BHK,5000.0
Ready To Move,Hessarghatta,1600.0,4.0,0.0,125.0,5 BHK,7812.5
Ready To Move,TC Palaya,1600.0,2.0,2.0,65.0,3 BHK,4062.5
Ready To Move,Suraksha Nagar,1563.0,3.0,2.0,52.0,3 BHK,3326.935380678183
Ready To Move,Whitefield,1560.0,2.0,2.0,72.0,3 BHK,4615.384615384615
Ready To Move,Brookefield,2169.0,4.0,2.0,115.0,3 BHK,5301.982480405717
Ready To Move,Rachenahalli,1050.0,2.0,2.0,55.5,2 BHK,5285.714285714285
Ready To Move,Iblur Village,3235.0,3.0,1.0,235.0,3 BHK,7264.296754250387
Ready To Move,TC Palaya,1200.0,3.0,0.0,66.0,3 BHK,5500.0
Ready To Move,HSR Layout,1140.0,2.0,2.0,46.0,2 BHK,4035.0877192982457
Ready To Move,7th Phase JP Nagar,1500.0,3.0,1.0,170.0,3 BHK,11333.333333333334
Ready To Move,Horamavu Agara,1560.0,3.0,2.0,75.0,3 BHK,4807.692307692308
Ready To Move,JP Nagar,1100.0,2.0,2.0,70.0,2 BHK,6363.636363636364
Ready To Move,Kasavanhalli,1260.0,2.0,3.0,40.32,3 BHK,3200.0
Not Ready To Move,Hebbal,1036.0,2.0,1.0,50.0,2 BHK,4826.254826254826
Ready To Move,Akshaya Nagar,1662.0,3.0,3.0,85.1,3 BHK,5120.336943441636
Ready To Move,Yelachenahalli,1464.0,2.0,3.0,105.0,3 BHK,7172.131147540984
Ready To Move,Yelahanka,1234.0,2.0,2.0,80.0,2 BHK,6482.982171799027
Ready To Move,Sarjapur  Road,1403.0,3.0,1.0,55.0,3 BHK,3920.1710620099784
Ready To Move,Kadugondanahalli,915.0,4.0,1.0,54.9,4 BHK,6000.0
Ready To Move,Seegehalli,1150.0,2.0,2.0,42.9,3 BHK,3730.4347826086955
Ready To Move,Hebbal,3900.0,4.0,2.0,410.0,4 BHK,10512.820512820514
Ready To Move,Yeshwanthpur,850.0,4.0,2.0,90.0,5 BHK,10588.235294117647
Not Ready To Move,Kanakapura,929.0,2.0,1.0,46.0,2 BHK,4951.560818083961
Ready To Move,TC Palaya,1350.0,2.0,1.0,75.0,3 BHK,5555.555555555556
Ready To Move,Vasanthapura,1135.0,2.0,1.0,39.73,2 BHK,3500.440528634361
Ready To Move,Basava Nagar,1405.0,2.0,2.0,70.0,2 BHK,4982.20640569395
Not Ready To Move,Whitefield,1200.0,2.0,1.0,45.84,2 BHK,3820.0
Not Ready To Move,Haralur Road,2805.0,4.0,3.0,154.0,4 BHK,5490.196078431372
Ready To Move,Yeshwanthpur,1161.0,2.0,2.0,64.08,2 BHK,5519.37984496124
Not Ready To Move,Kanakpura Road,1290.0,2.0,3.0,74.0,2 BHK,5736.434108527132
Ready To Move,Yeshwanthpur,2557.0,3.0,2.0,141.0,3 BHK,5514.274540477121
Ready To Move,2nd Block Hrbr Layout,1480.0,3.0,2.0,90.0,3 BHK,6081.081081081081
Not Ready To Move,Old Madras Road,1350.0,3.0,0.0,54.54,3 BHK,4040.0
Ready To Move,Kadugodi,1580.0,2.0,2.0,65.0,3 BHK,4113.9240506329115
Not Ready To Move,Banashankari,1470.0,2.0,1.0,88.64,3 BHK,6029.931972789115
Not Ready To Move,Ananth Nagar,500.0,1.0,1.0,14.0,1 BHK,2800.0
Not Ready To Move,Sarjapur  Road,1346.0,2.0,1.0,61.92,2 BHK,4600.297176820208
Ready To Move,Canara Bank Layout,1600.0,3.0,3.0,90.0,3 BHK,5625.0
Ready To Move,Naganathapura,720.0,2.0,1.0,120.0,2 BHK,16666.666666666668
Ready To Move,Manjunath Nagar,1200.0,4.0,0.0,135.0,4 BHK,11250.0
Ready To Move,Basapura,1200.0,2.0,2.0,35.0,2 BHK,2916.6666666666665
Ready To Move,Channasandra,1340.0,2.0,2.0,48.33,3 BHK,3606.716417910448
Ready To Move,Devanahalli,6136.0,4.0,2.0,560.0,4 BHK,9126.466753585397
Ready To Move,Jigani,918.0,2.0,2.0,48.0,2 BHK,5228.75816993464
Ready To Move,Singena Agrahara,1500.0,3.0,2.0,115.0,3 BHK,7666.666666666667
Ready To Move,Yelahanka,1315.0,2.0,2.0,85.0,2 BHK,6463.878326996198
Ready To Move,Sector 1 HSR Layout,2400.0,5.0,2.0,775.0,4 BHK,32291.666666666668
Ready To Move,Uttarahalli,1390.0,2.0,2.0,62.55,3 BHK,4500.0
Ready To Move,Uttarahalli,1330.0,2.0,1.0,56.0,3 BHK,4210.526315789473
Ready To Move,Jalahalli,3100.0,4.0,2.0,265.0,5 BHK,8548.387096774193
Not Ready To Move,Mango Garden Layout,1824.0,3.0,3.0,125.0,3 BHK,6853.070175438596
Ready To Move,7th Phase JP Nagar,1420.0,2.0,2.0,96.0,3 BHK,6760.56338028169
Ready To Move,Kacharakanahalli,750.0,1.0,0.0,56.25,1 BHK,7500.0
Ready To Move,Jalahalli East,1260.0,2.0,1.0,60.0,3 BHK,4761.9047619047615
Not Ready To Move,Hennur Road,1561.0,3.0,2.0,95.0,3 BHK,6085.842408712364
Ready To Move,"Bidere Agarahara, Behind Safal market",1060.0,2.0,2.0,42.0,2 BHK,3962.264150943396
Not Ready To Move,Haralur Road,1225.0,2.0,1.0,67.38,2 BHK,5500.408163265306
Ready To Move,Thanisandra,2144.0,3.0,2.0,135.0,3 BHK,6296.641791044776
Ready To Move,Electronic City,880.0,2.0,2.0,29.0,2 BHK,3295.4545454545455
Not Ready To Move,Hoodi,1639.0,3.0,2.0,110.0,3 BHK,6711.4093959731545
Ready To Move,Thanisandra,1240.0,2.0,1.0,62.0,3 BHK,5000.0
Ready To Move,Kanakpura Road,1500.0,2.0,2.0,69.0,2 BHK,4600.0
Ready To Move,Haralur Road,1243.0,2.0,1.0,46.0,2 BHK,3700.7240547063557
Ready To Move,Marathahalli,1575.0,3.0,2.0,78.0,3 BHK,4952.380952380952
Ready To Move,Haralur Road,1027.0,2.0,2.0,44.0,2 BHK,4284.323271665044
Ready To Move,Kambipura,1082.0,2.0,1.0,56.0,3 BHK,5175.6007393715345
Ready To Move,Konanakunte,1637.0,3.0,3.0,73.0,3 BHK,4459.376908979842
Ready To Move,Kanakpura Road,1665.0,3.0,2.0,86.58,3 BHK,5200.0
Not Ready To Move,Electronic City,1265.0,2.0,0.0,56.93,2 BHK,4500.395256916996
Not Ready To Move,Electronic City,1691.0,2.0,2.0,102.0,3 BHK,6031.933767001774
Ready To Move,Thanisandra,1100.0,2.0,1.0,38.0,2 BHK,3454.5454545454545
Not Ready To Move,Gopalkrishna Nagar,1500.0,3.0,2.0,62.0,3 BHK,4133.333333333333
Ready To Move,Hosakerehalli,3205.0,5.0,1.0,380.0,4 BHK,11856.474258970358
Ready To Move,Kammanahalli,1666.0,4.0,1.0,150.0,5 BHK,9003.60144057623
Ready To Move,Choodasandra,1115.0,2.0,2.0,50.0,2 BHK,4484.304932735426
Ready To Move,Mysore Road,1070.0,2.0,1.0,45.0,2 BHK,4205.607476635514
Ready To Move,Indira Nagar,1128.0,2.0,2.0,105.0,2 BHK,9308.510638297872
Ready To Move,Budigere,1162.0,2.0,1.0,57.0,2 BHK,4905.335628227194
Ready To Move,Sai Gardens,1339.0,2.0,2.0,55.0,2 BHK,4107.542942494399
Ready To Move,Mahadevpura,1192.0,2.0,2.0,75.0,2 BHK,6291.946308724832
Ready To Move,Haralur Road,1920.0,3.0,1.0,115.0,3 BHK,5989.583333333333
Ready To Move,Hennur,1255.0,2.0,1.0,52.32,2 BHK,4168.924302788844
Not Ready To Move,Rajaji Nagar,1357.0,2.0,1.0,115.0,2 BHK,8474.57627118644
Ready To Move,Dodda Kempaiah Layout,1600.0,3.0,2.0,75.0,3 BHK,4687.5
Ready To Move,Hanumanth Nagar,1225.0,2.0,2.0,55.11,2 BHK,4498.775510204082
Ready To Move,Whitefield,2400.0,4.0,3.0,200.0,4 BHK,8333.333333333334
Ready To Move,Kasturi Nagar,1570.0,3.0,3.0,80.0,3 BHK,5095.541401273886
Ready To Move,Thanisandra,1093.0,2.0,2.0,70.0,2 BHK,6404.391582799634
Ready To Move,Basaveshwara Nagar,1865.0,3.0,3.0,145.0,3 BHK,7774.798927613941
Ready To Move,Kaikondrahalli,1039.0,2.0,2.0,80.0,2 BHK,7699.711260827719
Ready To Move,Vittasandra,1246.0,2.0,1.0,64.5,2 BHK,5176.565008025682
Ready To Move,Whitefield,1985.0,3.0,2.0,75.0,3 BHK,3778.337531486146
Ready To Move,Hosakerehalli,1590.0,3.0,3.0,49.0,3 BHK,3081.761006289308
Ready To Move,Hunasamaranahalli,4000.0,4.0,2.0,675.0,4 BHK,16875.0
Ready To Move,Electronic City Phase II,775.0,2.0,2.0,38.0,2 BHK,4903.225806451613
Ready To Move,RWF West Colony,1000.0,2.0,1.0,50.0,2 BHK,5000.0
Ready To Move,Hebbal Kempapura,1800.0,3.0,2.0,175.0,3 BHK,9722.222222222223
Not Ready To Move,Bommasandra,1035.0,2.0,1.0,41.0,2 BHK,3961.352657004831
Ready To Move,Dasarahalli,1520.0,2.0,1.0,75.0,3 BHK,4934.210526315789
Ready To Move,Whitefield,1360.0,2.0,1.0,95.0,2 BHK,6985.294117647059
Ready To Move,Bileshivale,6000.0,5.0,3.0,400.0,4 BHK,6666.666666666667
Ready To Move,Kodigehaali,1117.0,2.0,2.0,56.0,2 BHK,5013.428827215756
Ready To Move,KR Puram,1200.0,4.0,3.0,120.0,4 BHK,10000.0
Ready To Move,EPIP Zone,1330.0,2.0,1.0,92.5,2 BHK,6954.887218045113
Ready To Move,Marathahalli,1937.0,3.0,2.0,160.0,3 BHK,8260.196179659268
Not Ready To Move,Electronic City,1128.0,2.0,1.0,65.49,2 BHK,5805.851063829787
Ready To Move,Neeladri Nagar,1053.0,2.0,1.0,45.0,2 BHK,4273.504273504273
Not Ready To Move,Panathur,1198.0,2.0,1.0,77.0,2 BHK,6427.378964941569
Not Ready To Move,Marathahalli,1152.0,2.0,1.0,56.0,2 BHK,4861.111111111111
Ready To Move,Frazer Town,1625.0,2.0,1.0,75.0,2 BHK,4615.384615384615
Ready To Move,Kundalahalli,1397.0,3.0,3.0,105.0,3 BHK,7516.1059413027915
Ready To Move,Yeshwanthpur,1523.0,3.0,3.0,170.0,3 BHK,11162.179908076165
Ready To Move,Kambipura,883.0,2.0,1.0,45.0,2 BHK,5096.262740656852
Ready To Move,Kaggalipura,700.0,1.0,0.0,38.0,1 BHK,5428.571428571428
Ready To Move,Yelahanka,1170.0,2.0,1.0,62.5,2 BHK,5341.880341880342
Ready To Move,Kanakpura Road,1200.0,2.0,2.0,42.0,3 BHK,3500.0
Ready To Move,Manayata Tech Park,2400.0,3.0,2.0,170.0,3 BHK,7083.333333333333
Ready To Move,Kullappa Colony,1480.0,2.0,2.0,65.0,2 BHK,4391.891891891892
Ready To Move,Akshaya Nagar,1897.0,3.0,2.0,120.0,3 BHK,6325.77754348972
Ready To Move,Rachenahalli,996.0,2.0,1.0,67.0,2 BHK,6726.907630522089
Not Ready To Move,Haralur Road,1875.0,3.0,2.0,110.0,3 BHK,5866.666666666667
Ready To Move,Williams Town,1500.0,2.0,2.0,98.0,3 BHK,6533.333333333333
Ready To Move,Jaya Nagar East,3095.0,3.0,3.0,350.0,3 BHK,11308.562197092084
Ready To Move,Ambalipura,1390.0,2.0,1.0,175.0,3 BHK,12589.928057553956
Not Ready To Move,Yelahanka,697.0,1.0,0.0,45.0,1 BHK,6456.241032998565
Ready To Move,Sarjapur  Road,710.0,1.0,1.0,27.0,1 BHK,3802.8169014084506
Ready To Move,Iggalur,910.0,2.0,1.0,30.5,2 BHK,3351.6483516483518
Ready To Move,Sompura,1025.0,2.0,1.0,48.0,3 BHK,4682.926829268293
Ready To Move,Harlur,1200.0,4.0,2.0,244.0,4 BHK,20333.333333333332
Not Ready To Move,Horamavu Agara,1453.0,2.0,1.0,46.48,3 BHK,3198.8988300068822
Ready To Move,Sarjapur  Road,3335.0,5.0,2.0,300.0,4 BHK,8995.502248875562
Ready To Move,Bellandur,1281.0,2.0,1.0,74.0,2 BHK,5776.736924277908
Ready To Move,Cooke Town,565.0,1.0,1.0,35.0,1 BHK,6194.690265486725
Ready To Move,Varthur,1024.0,2.0,2.0,42.0,2 BHK,4101.5625
Ready To Move,Electronic City,1620.0,3.0,2.0,62.0,3 BHK,3827.1604938271603
Ready To Move,Whitefield,1254.0,2.0,2.0,40.0,2 BHK,3189.792663476874
Ready To Move,Banashankari,1300.0,2.0,2.0,75.0,3 BHK,5769.2307692307695
Ready To Move,Doddakallasandra,1233.0,2.0,2.0,43.0,2 BHK,3487.42903487429
Ready To Move,Chokkanahalli,1200.0,1.0,1.0,28.0,1 BHK,2333.3333333333335
Not Ready To Move,Hosur Road,1510.0,2.0,1.0,105.0,3 BHK,6953.64238410596
Ready To Move,Kaggalipura,950.0,2.0,1.0,65.0,2 BHK,6842.105263157895
Ready To Move,Battarahalli,1945.0,3.0,2.0,97.42,3 BHK,5008.740359897172
Ready To Move,Uttarahalli,1008.0,2.0,3.0,45.0,2 BHK,4464.285714285715
Ready To Move,Thanisandra,1265.0,2.0,1.0,79.0,3 BHK,6245.059288537549
Not Ready To Move,Hebbal,1255.0,2.0,1.0,77.68,3 BHK,6189.641434262949
Not Ready To Move,Kanakpura Road,2689.0,6.0,2.0,220.0,4 BHK,8181.480104127929
Ready To Move,Yelenahalli,1200.0,2.0,2.0,46.17,2 BHK,3847.5
Not Ready To Move,Sarjapur  Road,1403.0,3.0,3.0,51.63,3 BHK,3679.9714896650034
Ready To Move,Kudlu Gate,1535.0,3.0,2.0,85.0,3 BHK,5537.459283387622
Ready To Move,Chikkaballapur,1500.0,3.0,3.0,100.0,3 BHK,6666.666666666667
Ready To Move,Chamrajpet,1475.0,2.0,2.0,120.0,3 BHK,8135.593220338983
Ready To Move,Uttarahalli,1390.0,2.0,2.0,60.47,3 BHK,4350.359712230216
Ready To Move,Raja Rajeshwari Nagar,1278.0,2.0,1.0,53.76,3 BHK,4206.572769953052
Ready To Move,VGP Layout,1133.0,2.0,2.0,55.0,2 BHK,4854.368932038835
Ready To Move,Classic Paradise Layout,1560.0,5.0,1.0,145.0,5 BHK,9294.871794871795
Ready To Move,Byappanahalli,2900.0,5.0,2.0,90.0,5 BHK,3103.448275862069
Ready To Move,Kogilu,1170.0,2.0,1.0,51.99,2 BHK,4443.589743589743
Ready To Move,Sahakara Nagar,1200.0,3.0,3.0,200.0,3 BHK,16666.666666666668
Not Ready To Move,Whitefield,1697.0,3.0,2.0,94.79,3 BHK,5585.739540365351
Ready To Move,Thanisandra,1651.0,3.0,3.0,97.38,3 BHK,5898.24348879467
Ready To Move,Vasanth nagar,1560.0,3.0,1.0,188.0,3 BHK,12051.28205128205
Not Ready To Move,Hennur Road,1192.0,2.0,1.0,60.0,3 BHK,5033.557046979866
Ready To Move,OMBR Layout,1078.0,2.0,3.0,65.0,2 BHK,6029.684601113173
Ready To Move,Kasavanhalli,1349.0,2.0,2.0,78.0,2 BHK,5782.060785767235
Ready To Move,7th Phase JP Nagar,1680.0,3.0,2.0,120.0,3 BHK,7142.857142857143
Ready To Move,Rayasandra,1314.0,2.0,2.0,63.0,3 BHK,4794.520547945205
Ready To Move,Garudachar Palya,1060.0,2.0,1.0,48.7,2 BHK,4594.33962264151
Ready To Move,Kalyan nagar,820.0,2.0,0.0,39.0,2 BHK,4756.09756097561
Ready To Move,Whitefield,5000.0,4.0,3.0,400.0,4 BHK,8000.0
Ready To Move,BEML Layout,2000.0,3.0,2.0,85.0,3 BHK,4250.0
Ready To Move,Kalkere,856.0,2.0,3.0,40.0,2 BHK,4672.897196261682
Not Ready To Move,Rajaji Nagar,1621.0,4.0,0.0,130.0,3 BHK,8019.740900678594
Not Ready To Move,ITPL,1200.0,3.0,1.0,68.4,3 BHK,5700.000000000001
Ready To Move,Bannerghatta Road,1484.0,3.0,2.0,52.5,3 BHK,3537.735849056604
Ready To Move,T.C. Palya,600.0,5.0,2.0,60.0,4 BHK,10000.0
Ready To Move,Siddapura,14000.0,3.0,2.0,800.0,4 BHK,5714.285714285715
Ready To Move,Yelahanka New Town,500.0,1.0,1.0,20.0,1 BHK,4000.0
Ready To Move,Makali,485.0,1.0,1.0,15.0,1 BHK,3092.783505154639
Ready To Move,7th Phase JP Nagar,1050.0,2.0,1.0,42.0,2 BHK,4000.0
Ready To Move,Uttarahalli,1617.0,3.0,3.0,66.68,3 BHK,4123.685837971553
Ready To Move,Electronic City,550.0,1.0,1.0,16.0,2 BHK,2909.090909090909
Ready To Move,RWF West Colony,1384.0,3.0,2.0,62.28,3 BHK,4500.0
Not Ready To Move,Devanahalli,1408.0,2.0,2.0,85.0,2 BHK,6036.931818181818
Ready To Move,Uttarahalli,1150.0,2.0,1.0,49.0,2 BHK,4260.869565217391
Ready To Move,Akshaya Nagar,1410.0,2.0,2.0,75.0,3 BHK,5319.148936170212
Ready To Move,Kaggadasapura,2150.0,4.0,1.0,100.0,4 BHK,4651.162790697675
Ready To Move,Koramangala,2292.0,4.0,1.0,275.0,3 BHK,11998.25479930192
Ready To Move,Malleshwaram,2006.0,3.0,2.0,297.0,3 BHK,14805.583250249252
Ready To Move,Maragondanahalli,1508.0,3.0,2.0,70.25,3 BHK,4658.488063660478
Ready To Move,Ramamurthy Nagar,1040.0,2.0,2.0,50.0,2 BHK,4807.692307692308
Ready To Move,TC Palaya,1240.0,2.0,1.0,60.0,2 BHK,4838.709677419355
Ready To Move,Kudlu Gate,1535.0,3.0,1.0,78.0,3 BHK,5081.4332247557
Ready To Move,Lakshminarayana Pura,1180.0,2.0,2.0,75.0,2 BHK,6355.932203389831
Ready To Move,Bannerghatta Road,1400.0,2.0,2.0,78.0,2 BHK,5571.428571428572
Ready To Move,Raja Rajeshwari Nagar,500.0,1.0,1.0,25.0,1 BHK,5000.0
Ready To Move,Whitefield,4800.0,4.0,3.0,525.0,4 BHK,10937.5
Ready To Move,Sarjapur  Road,1984.0,4.0,1.0,146.0,3 BHK,7358.870967741936
Ready To Move,Whitefield,3000.0,5.0,3.0,250.0,4 BHK,8333.333333333334
Ready To Move,Garudachar Palya,1960.0,3.0,3.0,160.0,3 BHK,8163.265306122449
Ready To Move,Sarjapur  Road,1035.0,2.0,1.0,45.0,2 BHK,4347.826086956522
Ready To Move,Vibuthipura,2150.0,4.0,1.0,80.0,4 BHK,3720.9302325581393
Ready To Move,Whitefield,1700.0,3.0,2.0,115.0,3 BHK,6764.705882352941
Ready To Move,Hosakerehalli,3024.0,5.0,1.0,248.0,4 BHK,8201.0582010582
Not Ready To Move,Tumkur Road,1586.0,3.0,1.0,100.0,3 BHK,6305.170239596469
Not Ready To Move,Hennur,2264.0,3.0,2.0,155.0,3 BHK,6846.2897526501765
Ready To Move,Chikka Tirupathi,2325.0,4.0,1.0,120.0,4 BHK,5161.290322580645
Ready To Move,Yelahanka,1120.0,2.0,2.0,55.0,2 BHK,4910.714285714285
Ready To Move,Sarjapur  Road,1128.0,2.0,2.0,59.0,2 BHK,5230.49645390071
Ready To Move,Jigani,924.0,2.0,2.0,65.0,2 BHK,7034.632034632034
Ready To Move,Suraksha Nagar,1600.0,3.0,2.0,52.0,3 BHK,3250.0
Ready To Move,Pai Layout,1006.0,2.0,2.0,35.0,2 BHK,3479.1252485089462
Ready To Move,Amruthahalli,1200.0,2.0,2.0,55.0,2 BHK,4583.333333333333
Not Ready To Move,Jalahalli West,1250.0,2.0,1.0,62.0,2 BHK,4960.0
Ready To Move,Defence Layout,1200.0,3.0,1.0,130.0,3 BHK,10833.333333333334
Ready To Move,Kannamangala,957.0,2.0,1.0,56.0,2 BHK,5851.619644723093
Ready To Move,Whitefield,1140.0,2.0,2.0,41.0,2 BHK,3596.4912280701756
Ready To Move,Roopena Agrahara,1050.0,2.0,1.0,67.0,2 BHK,6380.952380952381
Ready To Move,Kasturi Nagar,1565.0,3.0,2.0,88.5,3 BHK,5654.952076677317
Ready To Move,Whitefield,1190.0,2.0,3.0,57.0,2 BHK,4789.915966386555
Not Ready To Move,Whitefield,2842.0,3.0,2.0,162.0,3 BHK,5700.2111189303305
Ready To Move,Kanakpura Road,1558.67,2.0,2.0,65.0,3 BHK,4170.222048284755
Ready To Move,Electronics City Phase 1,630.0,1.0,1.0,39.0,1 BHK,6190.476190476191
Ready To Move,Whitefield,1403.0,2.0,2.0,60.81,3 BHK,4334.283677833215
Ready To Move,Kanakpura Road,1542.0,2.0,3.0,85.0,3 BHK,5512.321660181582
Ready To Move,Haralur Road,2750.0,4.0,0.0,220.0,4 BHK,8000.0
Ready To Move,Iblur Village,3596.0,5.0,1.0,290.0,4 BHK,8064.5161290322585
Ready To Move,Kengeri Satellite Town,1635.0,2.0,2.0,78.0,3 BHK,4770.642201834862
Ready To Move,Mysore Road,1239.0,2.0,1.0,53.0,2 BHK,4277.643260694108
Ready To Move,Haralur Road,1194.0,2.0,2.0,47.0,2 BHK,3936.348408710218
Ready To Move,Dooravani Nagar,1596.0,3.0,1.0,105.0,3 BHK,6578.9473684210525
Not Ready To Move,Channasandra,1009.0,2.0,1.0,38.34,2 BHK,3799.8017839445
Not Ready To Move,Hosa Road,1726.0,3.0,2.0,81.99,3 BHK,4750.289687137891
Ready To Move,Kudlu Gate,1535.0,3.0,2.0,86.0,3 BHK,5602.605863192182
Ready To Move,Banashankari Stage V,1300.0,2.0,1.0,58.5,3 BHK,4500.0
Ready To Move,Whitefield,3100.0,4.0,2.0,465.0,4 BHK,15000.0
Ready To Move,Coconut Garden,1800.0,3.0,3.0,80.0,3 BHK,4444.444444444444
Not Ready To Move,Binny Pete,665.0,1.0,0.0,50.75,1 BHK,7631.578947368421
Ready To Move,TC Palaya,1500.0,2.0,1.0,100.0,3 BHK,6666.666666666667
Ready To Move,Kalkere,925.0,2.0,2.0,48.0,2 BHK,5189.189189189189
Not Ready To Move,Old Airport Road,3356.0,4.0,2.0,251.0,4 BHK,7479.141835518474
Ready To Move,Gollahalli,1395.0,2.0,1.0,63.59,2 BHK,4558.4229390681
Ready To Move,Sonnenahalli,1415.0,2.0,1.0,55.0,3 BHK,3886.9257950530036
Ready To Move,Begur,1419.0,2.0,2.0,59.0,3 BHK,4157.85764622974
Not Ready To Move,Kasavanhalli,1121.0,2.0,2.0,78.0,2 BHK,6958.07314897413
Ready To Move,Kambipura,1082.0,2.0,1.0,45.0,3 BHK,4158.964879852126
Not Ready To Move,KR Puram,1100.0,2.0,1.0,47.0,2 BHK,4272.727272727273
Ready To Move,Hoodi,1606.0,3.0,3.0,89.55,3 BHK,5575.965130759651
Ready To Move,Billekahalli,1650.0,3.0,2.0,88.0,3 BHK,5333.333333333333
Ready To Move,D Souza Layout,4634.0,4.0,3.0,1015.0,3 BHK,21903.32326283988
Ready To Move,Old Airport Road,1206.0,2.0,3.0,75.0,2 BHK,6218.905472636816
Ready To Move,Sarjapur  Road,1495.0,2.0,0.0,64.0,3 BHK,4280.936454849499
Ready To Move,Electronic City,710.0,2.0,2.0,16.0,2 BHK,2253.521126760563
Ready To Move,Balagere,1210.0,2.0,1.0,72.0,2 BHK,5950.413223140496
Ready To Move,Nagarbhavi,1523.0,2.0,2.0,53.4,3 BHK,3506.2376887721603
Ready To Move,Whitefield,1232.0,2.0,2.0,45.0,2 BHK,3652.5974025974024
Not Ready To Move,Rachenahalli,680.0,1.0,1.0,44.0,1 BHK,6470.588235294118
Not Ready To Move,Hebbal,1355.0,3.0,1.0,83.87,3 BHK,6189.667896678967
Ready To Move,Thanisandra,1430.0,2.0,2.0,51.46,3 BHK,3598.6013986013986
Not Ready To Move,Kothannur,1275.0,2.0,2.0,43.85,3 BHK,3439.2156862745096
Ready To Move,Electronic City,1070.0,2.0,1.0,56.1,2 BHK,5242.990654205608
Ready To Move,Bettahalsoor,1200.0,3.0,1.0,85.0,3 BHK,7083.333333333333
Ready To Move,Electronic City,2000.0,4.0,0.0,120.0,4 BHK,6000.0
Ready To Move,Bommanahalli,1200.0,2.0,2.0,40.0,2 BHK,3333.3333333333335
Ready To Move,Marathahalli,1610.0,3.0,1.0,90.0,3 BHK,5590.062111801242
Ready To Move,Haralur Road,1140.0,2.0,2.0,43.0,2 BHK,3771.9298245614036
Ready To Move,Raja Rajeshwari Nagar,1143.0,2.0,2.0,38.65,2 BHK,3381.4523184601926
Not Ready To Move,Jakkur,3467.86,6.0,3.0,249.0,4 BHK,7180.220654813054
Ready To Move,Rachenahalli,1530.0,2.0,2.0,74.4,3 BHK,4862.745098039216
Ready To Move,7th Phase JP Nagar,980.0,2.0,2.0,69.0,2 BHK,7040.816326530612
Ready To Move,Whitefield,1485.0,3.0,2.0,65.0,3 BHK,4377.104377104377
Not Ready To Move,Whitefield,1500.0,3.0,1.0,130.0,3 BHK,8666.666666666666
Not Ready To Move,Whitefield,1280.0,2.0,1.0,75.0,2 BHK,5859.375
Ready To Move,Thanisandra,1265.0,2.0,2.0,85.0,2 BHK,6719.367588932806
Not Ready To Move,"ECC Road, Whitefield, ",1132.0,2.0,1.0,67.0,2 BHK,5918.727915194347
Ready To Move,Ashwath Nagar,1262.0,2.0,2.0,63.0,2 BHK,4992.076069730587
Ready To Move,JP Nagar,940.0,2.0,1.0,49.0,2 BHK,5212.765957446809
Ready To Move,Seetharampalya,1515.0,3.0,3.0,88.0,3 BHK,5808.580858085808
Ready To Move,Jigani,1300.0,3.0,3.0,150.0,3 BHK,11538.461538461539
Ready To Move,Kothanur,1840.0,3.0,1.0,69.0,3 BHK,3750.0
Ready To Move,Electronic City,890.0,2.0,2.0,45.0,2 BHK,5056.179775280899
Ready To Move,Rukmaiah Layout,1655.0,3.0,2.0,86.06,3 BHK,5200.0
Ready To Move,Hennur Road,2060.0,3.0,1.0,149.0,3 BHK,7233.0097087378645
Ready To Move,Bommanahalli,1730.0,3.0,1.0,96.0,3 BHK,5549.132947976878
Ready To Move,Yelahanka,2195.0,4.0,2.0,127.0,3 BHK,5785.876993166287
Not Ready To Move,Kathriguppe,1650.0,3.0,2.0,125.0,3 BHK,7575.757575757576
Ready To Move,KR Puram,1200.0,2.0,0.0,71.0,2 BHK,5916.666666666667
Not Ready To Move,Hosa Road,1079.0,2.0,1.0,32.37,2 BHK,2999.9999999999995
Not Ready To Move,Panathur,1085.0,2.0,1.0,36.0,2 BHK,3317.9723502304146
Ready To Move,Yelahanka,1075.0,2.0,1.0,51.5,2 BHK,4790.697674418605
Not Ready To Move,Devanahalli Int. Airport,1380.0,2.0,1.0,80.0,2 BHK,5797.101449275362
Ready To Move,Puttanahalli,1450.0,3.0,1.0,65.0,3 BHK,4482.758620689655
Ready To Move,Thubarahalli,1200.0,2.0,2.0,78.0,2 BHK,6500.0
Ready To Move,Benson Town,3200.0,4.0,2.0,350.0,3 BHK,10937.5
Not Ready To Move,Hoodi,1639.0,3.0,1.0,98.32,3 BHK,5998.779743746187
Ready To Move,Jakkuru Layout,1200.0,2.0,1.0,54.0,2 BHK,4500.0
Not Ready To Move,Vijayanagar,1739.0,3.0,1.0,116.0,3 BHK,6670.500287521564
Ready To Move,Palanahalli,4346.0,5.0,2.0,500.0,4 BHK,11504.83202945237
Not Ready To Move,Old Madras Road,935.0,2.0,1.0,32.72,2 BHK,3499.4652406417113
Ready To Move,Nagondanahalli,1178.0,2.0,3.0,47.0,2 BHK,3989.8132427843802
Ready To Move,Chikkalasandra,1375.0,2.0,1.0,50.0,3 BHK,3636.3636363636365
Ready To Move,Chandapura,1065.0,2.0,1.0,33.0,3 BHK,3098.5915492957747
Ready To Move,2nd Phase Judicial Layout,1450.0,2.0,1.0,50.75,3 BHK,3500.0
Ready To Move,BEML Layout,999.0,2.0,3.0,45.0,2 BHK,4504.504504504504
Ready To Move,Amruthahalli,4400.0,3.0,2.0,475.0,2 BHK,10795.454545454546
Ready To Move,Marathahalli,1350.0,4.0,1.0,135.0,5 BHK,10000.0
Ready To Move,Kothannur,1100.0,2.0,2.0,40.0,2 BHK,3636.3636363636365
Ready To Move,Koramangala,1835.0,2.0,3.0,155.0,3 BHK,8446.866485013625
Not Ready To Move,Hoodi,2090.0,4.0,0.0,95.1,4 BHK,4550.239234449761
Ready To Move,Lingadheeranahalli,1519.0,3.0,1.0,93.0,3 BHK,6122.448979591837
Ready To Move,Dommasandra,1267.0,3.0,2.0,56.0,3 BHK,4419.889502762431
Ready To Move,Sanjay nagar,1150.0,2.0,3.0,72.2,2 BHK,6278.260869565217
Not Ready To Move,Marathahalli,1146.0,2.0,1.0,70.0,2 BHK,6108.202443280978
Ready To Move,Kannamangala,1550.0,3.0,3.0,65.0,3 BHK,4193.548387096775
Ready To Move,Chandapura,850.0,1.0,1.0,18.5,2 BHK,2176.470588235294
Ready To Move,Richmond Town,2200.0,3.0,2.0,187.0,3 BHK,8500.0
Ready To Move,"Sarjapur Road, ",3329.0,3.0,2.0,330.0,3 BHK,9912.886752778611
Ready To Move,Electronics City Phase 1,785.0,1.0,1.0,55.0,1 BHK,7006.369426751592
Ready To Move,Hebbal Kempapura,2900.0,4.0,2.0,300.0,3 BHK,10344.827586206897
Ready To Move,Raja Rajeshwari Nagar,1610.0,3.0,2.0,74.0,3 BHK,4596.273291925466
Ready To Move,Bellandur,921.0,2.0,2.0,40.0,2 BHK,4343.105320304017
Ready To Move,Kengeri Satellite Town,850.0,3.0,2.0,95.0,3 BHK,11176.470588235294
Ready To Move,Bannerghatta Road,2700.0,5.0,0.0,158.0,5 BHK,5851.851851851852
Ready To Move,Sarjapur  Road,1700.0,3.0,3.0,110.0,3 BHK,6470.588235294118
Ready To Move,Sarjapur,1020.0,2.0,2.0,35.0,2 BHK,3431.372549019608
Ready To Move,Billekahalli,1090.0,2.0,3.0,52.0,2 BHK,4770.642201834862
Ready To Move,Bagalur Main Road,3600.0,4.0,2.0,300.0,4 BHK,8333.333333333334
Ready To Move,Haralur Road,1027.0,2.0,2.0,44.0,2 BHK,4284.323271665044
Ready To Move,Thanisandra,1185.0,2.0,2.0,42.1,2 BHK,3552.7426160337554
Ready To Move,Doddathoguru,850.0,2.0,1.0,25.0,2 BHK,2941.176470588235
Ready To Move,Harlur,1197.0,2.0,1.0,84.0,2 BHK,7017.543859649123
Ready To Move,Byadarahalli,3500.0,3.0,3.0,450.0,4 BHK,12857.142857142857
Ready To Move,Poorna Pragna Layout,920.0,2.0,2.0,39.55,2 BHK,4298.91304347826
Ready To Move,Raja Rajeshwari Nagar,1105.0,2.0,1.0,65.0,2 BHK,5882.35294117647
Ready To Move,Yeshwanthpur,1850.0,3.0,3.0,100.0,3 BHK,5405.405405405405
Not Ready To Move,Judicial Layout,1300.0,3.0,1.0,64.0,3 BHK,4923.076923076923
Ready To Move,"Varthur Road, ",1595.0,3.0,2.0,76.0,3 BHK,4764.8902821316615
Not Ready To Move,Kodihalli,3073.0,5.0,2.0,696.0,4 BHK,22648.87731858119
Ready To Move,Horamavu Agara,755.0,2.0,1.0,37.49,2 BHK,4965.562913907284
Ready To Move,Nagasandra,4050.0,5.0,2.0,140.0,5 BHK,3456.7901234567903
Not Ready To Move,Kanakpura Road,1300.0,2.0,3.0,69.0,3 BHK,5307.692307692308
Ready To Move,Bannerghatta Road,1215.0,2.0,0.0,50.0,2 BHK,4115.22633744856
Not Ready To Move,Kanakpura Road,900.0,2.0,1.0,46.0,2 BHK,5111.111111111111
Not Ready To Move,Banashankari Stage III,1145.0,2.0,3.0,58.4,2 BHK,5100.436681222707
Ready To Move,Chikka Banaswadi,1093.0,2.0,2.0,65.0,2 BHK,5946.935041171088
Not Ready To Move,Babusapalaya,1213.0,2.0,2.0,41.39,3 BHK,3412.201154163232
Ready To Move,Bannerghatta Road,1654.0,3.0,2.0,100.0,3 BHK,6045.949214026602
Ready To Move,NGR Layout,1105.0,2.0,1.0,52.48,2 BHK,4749.321266968326
Ready To Move,Babusapalaya,1611.0,2.0,2.0,66.0,3 BHK,4096.83426443203
Ready To Move,Outer Ring Road East,1367.0,2.0,2.0,62.0,2 BHK,4535.479151426482
Ready To Move,Devanahalli,1010.0,2.0,1.0,51.0,2 BHK,5049.504950495049
Ready To Move,Kavika Layout,750.0,2.0,1.0,75.0,3 BHK,10000.0
Ready To Move,Vinayaka Nagar,1535.0,3.0,1.0,95.0,3 BHK,6188.9250814332245
Ready To Move,Anekal,620.0,2.0,1.0,22.0,2 BHK,3548.3870967741937
Ready To Move,Horamavu Agara,982.0,2.0,1.0,47.65,2 BHK,4852.34215885947
Ready To Move,Banashankari Stage II,1700.0,2.0,2.0,150.0,2 BHK,8823.529411764706
Not Ready To Move,Whitefield,1330.0,2.0,1.0,71.0,2 BHK,5338.345864661655
Ready To Move,JP Nagar,2500.0,3.0,2.0,135.0,3 BHK,5400.0
Ready To Move,Poorna Pragna Layout,1475.0,2.0,2.0,58.99,3 BHK,3999.322033898305
Ready To Move,Bhoganhalli,1410.0,3.0,1.0,65.0,3 BHK,4609.929078014185
Ready To Move,Yelahanka New Town,440.0,1.0,1.0,16.5,1 BHK,3750.0
Ready To Move,Yelahanka,1614.0,3.0,2.0,95.0,3 BHK,5885.9975216852545
Ready To Move,Neeladri Nagar,1363.0,2.0,2.0,68.0,2 BHK,4988.994864269993
Ready To Move,Kogilu,650.0,2.0,0.0,28.0,2 BHK,4307.692307692308
Ready To Move,Dodda Kempaiah Layout,1015.0,2.0,1.0,45.0,2 BHK,4433.4975369458125
Ready To Move,Horamavu Banaswadi,1156.0,2.0,2.0,46.0,2 BHK,3979.2387543252594
Not Ready To Move,Hennur Busstop,1100.0,2.0,1.0,62.7,2 BHK,5700.0
Not Ready To Move,KR Puram,1455.0,3.0,2.0,46.0,3 BHK,3161.512027491409
Ready To Move,GB Palya,930.0,2.0,1.0,45.0,2 BHK,4838.709677419355
Ready To Move,AMS Layout,1650.0,2.0,2.0,80.0,3 BHK,4848.484848484848
Ready To Move,KR Puram,1200.0,2.0,0.0,90.0,2 BHK,7500.0
Ready To Move,9th Block Jayanagar,700.0,1.0,0.0,150.0,1 BHK,21428.571428571428
Ready To Move,Karuna Nagar,2900.0,3.0,2.0,135.0,4 BHK,4655.172413793103
Not Ready To Move,Kadugodi,1890.0,4.0,3.0,127.0,3 BHK,6719.576719576719
Ready To Move,Ashwathnagar,2197.0,4.0,3.0,280.0,3 BHK,12744.651797906236
Ready To Move,Hebbal Kempapura,3522.0,3.0,2.0,380.0,3 BHK,10789.324247586599
Not Ready To Move,Gaurava Nagar,1240.0,2.0,2.0,46.0,3 BHK,3709.6774193548385
Ready To Move,HRBR Layout,1440.0,2.0,2.0,98.0,2 BHK,6805.555555555556
Ready To Move,Kodichikkanahalli,650.0,1.0,2.0,38.0,1 BHK,5846.153846153846
Not Ready To Move,Budigere,764.0,1.0,1.0,32.0,1 BHK,4188.48167539267
Ready To Move,Sector 7 HSR Layout,900.0,4.0,0.0,90.0,5 BHK,10000.0
Ready To Move,Raja Rajeshwari Nagar,1693.0,3.0,3.0,57.39,3 BHK,3389.84051978736
Ready To Move,Hoodi,1445.0,3.0,2.0,65.0,3 BHK,4498.269896193771
Not Ready To Move,Kanakpura Road,900.0,1.0,0.0,45.0,2 BHK,5000.0
Ready To Move,Singasandra,1030.0,2.0,1.0,55.0,2 BHK,5339.805825242718
Ready To Move,Yelahanka,1381.0,2.0,2.0,52.48,3 BHK,3800.1448225923245
Ready To Move,Basapura,1100.0,2.0,1.0,60.0,2 BHK,5454.545454545455
Ready To Move,Hoodi,1575.0,3.0,2.0,66.39,3 BHK,4215.238095238095
Ready To Move,Thigalarapalya,1200.0,2.0,1.0,65.0,2 BHK,5416.666666666667
Ready To Move,Begur Road,1200.0,2.0,2.0,43.2,2 BHK,3600.0
Ready To Move,Kasturi Nagar,1080.0,2.0,2.0,80.0,2 BHK,7407.407407407408
Ready To Move,Hebbal Kempapura,2280.0,5.0,2.0,200.0,5 BHK,8771.929824561403
Not Ready To Move,Akshaya Nagar,1360.0,2.0,2.0,85.0,3 BHK,6250.0
Not Ready To Move,Jakkur,1865.0,3.0,1.0,124.0,3 BHK,6648.793565683646
Not Ready To Move,Sarjapur  Road,1157.0,2.0,1.0,75.0,3 BHK,6482.281763180639
Ready To Move,Kammasandra,674.0,2.0,1.0,29.0,2 BHK,4302.670623145401
Ready To Move,Whitefield,1405.0,2.0,1.0,78.0,3 BHK,5551.601423487545
Ready To Move,Begur Road,1160.0,2.0,2.0,44.08,2 BHK,3800.0
Ready To Move,Kengeri Satellite Town ( BDA SITE),1600.0,3.0,1.0,172.0,4 BHK,10750.0
Not Ready To Move,Hebbal,1790.0,3.0,2.0,127.0,3 BHK,7094.972067039106
Not Ready To Move,Electronic City,1128.0,2.0,1.0,65.65,2 BHK,5820.035460992909
Ready To Move,Panathur,1180.0,2.0,1.0,70.0,2 BHK,5932.203389830508
Ready To Move,AGS Layout,1450.0,2.0,2.0,85.0,3 BHK,5862.068965517241
Not Ready To Move,Kengeri,340.0,1.0,1.0,10.0,1 BHK,2941.176470588235
Ready To Move,Srinagar,2000.0,3.0,1.0,166.0,4 BHK,8300.0
Ready To Move,Rachenahalli,1050.0,2.0,2.0,53.5,2 BHK,5095.238095238095
Ready To Move,Varthur,1125.0,2.0,2.0,40.0,2 BHK,3555.5555555555557
Ready To Move,Vittasandra,1246.0,2.0,1.0,68.0,2 BHK,5457.463884430176
Ready To Move,HSR Layout,1372.0,2.0,1.0,61.0,2 BHK,4446.064139941691
Ready To Move,Uttarahalli,1330.0,2.0,1.0,56.0,3 BHK,4210.526315789473
Not Ready To Move,Binny Pete,2465.0,5.0,2.0,234.0,3 BHK,9492.90060851927
Ready To Move,Dasarahalli,1300.0,2.0,3.0,55.0,2 BHK,4230.7692307692305
Ready To Move,Brigade Road,1420.0,1.0,0.0,220.0,2 BHK,15492.957746478873
Ready To Move,Bannerghatta,810.0,4.0,1.0,50.0,4 BHK,6172.83950617284
Ready To Move,Channasandra,1065.0,2.0,1.0,35.0,2 BHK,3286.3849765258215
Ready To Move,Hessarghatta,700.0,2.0,0.0,27.0,2 BHK,3857.1428571428573
Ready To Move,Belathur,1050.0,2.0,1.0,45.0,2 BHK,4285.714285714285
Not Ready To Move,Maruthi HBCS Layout,1250.0,3.0,3.0,39.5,3 BHK,3160.0
Ready To Move,Electronic City,865.0,2.0,0.0,42.0,2 BHK,4855.491329479769
Ready To Move,Uttarahalli,1200.0,2.0,2.0,44.0,2 BHK,3666.6666666666665
Ready To Move,Srirampura,1756.0,3.0,3.0,100.0,3 BHK,5694.760820045558
Ready To Move,Yelahanka,628.0,1.0,1.0,24.0,1 BHK,3821.6560509554142
Ready To Move,5th Phase JP Nagar,1207.0,2.0,2.0,63.0,2 BHK,5219.552609776305
Ready To Move,Kalena Agrahara,1765.0,3.0,1.0,125.0,3 BHK,7082.152974504249
Not Ready To Move,Electronic City,1130.0,2.0,1.0,32.64,2 BHK,2888.495575221239
Not Ready To Move,Devanahalli Road,1532.0,3.0,3.0,92.0,3 BHK,6005.221932114882
Ready To Move,Ejipura,1650.0,3.0,0.0,110.0,3 BHK,6666.666666666667
Not Ready To Move,Horamavu Banaswadi,1200.0,4.0,2.0,105.0,4 BHK,8750.0
Not Ready To Move,Bhoganhalli,804.1,2.0,1.0,69.09,2 BHK,8592.214898644446
Not Ready To Move,Doddathoguru,1200.0,2.0,2.0,75.0,2 BHK,6250.0
Ready To Move,Kengeri,1197.0,2.0,2.0,50.0,2 BHK,4177.109440267335
Ready To Move,Green Woods Layout,1200.0,2.0,2.0,66.0,2 BHK,5500.0
Ready To Move,Uttarahalli,1385.0,2.0,2.0,48.48,3 BHK,3500.361010830325
Ready To Move,Craig Park Layout,1010.0,2.0,3.0,148.0,2 BHK,14653.465346534653
Ready To Move,Whitefield,2225.0,3.0,3.0,115.0,3 BHK,5168.539325842697
Ready To Move,Immadihalli,1180.0,2.0,2.0,48.0,2 BHK,4067.7966101694915
Ready To Move,Banagiri Nagar,1525.0,2.0,3.0,122.0,3 BHK,8000.0
Ready To Move,Ananth Nagar,1100.0,2.0,2.0,31.5,2 BHK,2863.6363636363635
Ready To Move,Hiremath Layout,1435.0,3.0,3.0,70.0,3 BHK,4878.048780487805
Ready To Move,Attibele,400.0,1.0,1.0,14.0,1 BHK,3500.0
Ready To Move,Dommasandra,1200.0,2.0,2.0,50.0,2 BHK,4166.666666666667
Not Ready To Move,Whitefield,1272.0,2.0,1.0,95.05,2 BHK,7472.4842767295595
Ready To Move,Whitefield,1205.0,2.0,1.0,39.0,2 BHK,3236.514522821577
Ready To Move,Kalena Agrahara,980.0,2.0,1.0,40.0,2 BHK,4081.6326530612246
Not Ready To Move,Malleshpalya,1225.0,2.0,2.0,46.86,2 BHK,3825.3061224489797
Ready To Move,Whitefield,1541.0,3.0,1.0,72.0,3 BHK,4672.290720311486
Ready To Move,Ramagondanahalli,1610.0,2.0,2.0,111.0,3 BHK,6894.409937888198
Ready To Move,Jalahalli,1694.0,2.0,2.0,125.0,2 BHK,7378.984651711924
Ready To Move,Jnanabharathi Layout,600.0,3.0,2.0,75.0,3 BHK,12500.0
Ready To Move,Kaggalipura,950.0,2.0,1.0,39.0,2 BHK,4105.263157894737
Ready To Move,Muneshwara Nagar,1560.0,2.0,3.0,66.0,3 BHK,4230.7692307692305
Ready To Move,Chandapura,1201.0,2.0,2.0,27.0,2 BHK,2248.1265611990007
Ready To Move,Chandapura,1500.0,2.0,1.0,60.0,2 BHK,4000.0
Ready To Move,Malleshpalya,1785.0,3.0,2.0,75.0,3 BHK,4201.680672268908
Ready To Move,Raja Rajeshwari Nagar,1258.0,2.0,1.0,63.53,2 BHK,5050.079491255962
Ready To Move,Electronic City,910.0,2.0,2.0,42.0,2 BHK,4615.384615384615
Ready To Move,Thigalarapalya,1297.0,2.0,2.0,112.0,2 BHK,8635.312259059368
Ready To Move,Kundalahalli,1291.0,2.0,3.0,49.0,2 BHK,3795.5073586367157
Ready To Move,Chikkasandra,1070.0,2.0,2.0,42.0,2 BHK,3925.233644859813
Ready To Move,Varthur,1012.0,2.0,1.0,66.5,2 BHK,6571.146245059289
Ready To Move,Mahadevpura,1260.0,2.0,3.0,57.6,2 BHK,4571.428571428572
Ready To Move,Sarjapur  Road,1282.0,2.0,2.0,72.0,2 BHK,5616.224648985959
Ready To Move,Kanakpura Road,1843.0,3.0,2.0,92.15,3 BHK,5000.0
Ready To Move,Bharath Housing Society Layout,2400.0,3.0,2.0,200.0,4 BHK,8333.333333333334
Ready To Move,Chikka Tirupathi,3356.0,5.0,2.0,105.0,5 BHK,3128.7246722288437
Not Ready To Move,Hebbal,2790.0,5.0,3.0,198.0,4 BHK,7096.774193548387
Ready To Move,EPIP Zone,1330.0,2.0,1.0,86.98,2 BHK,6539.849624060151
Ready To Move,Konanakunte,1400.0,2.0,1.0,73.0,3 BHK,5214.285714285715
Not Ready To Move,Whitefield,1192.0,2.0,1.0,71.0,2 BHK,5956.375838926175
Ready To Move,3rd Block Jayanagar,1000.0,2.0,1.0,130.0,2 BHK,13000.0
Ready To Move,Thigalarapalya,1297.0,2.0,2.0,103.0,2 BHK,7941.403238242097
Not Ready To Move,Vijayanagar,1490.0,3.0,2.0,100.0,3 BHK,6711.4093959731545
Ready To Move,Rayasandra,1373.0,3.0,2.0,72.0,3 BHK,5243.991260014566
Ready To Move,7th Phase JP Nagar,1035.0,2.0,1.0,41.39,2 BHK,3999.0338164251207
Ready To Move,Kadugodi,3750.0,4.0,0.0,210.0,4 BHK,5600.0
Ready To Move,Doddakallasandra,1010.0,2.0,1.0,40.39,2 BHK,3999.009900990099
Ready To Move,Sarjapur,1195.0,2.0,1.0,42.0,2 BHK,3514.644351464435
Ready To Move,HSR Layout,1750.0,3.0,2.0,95.0,3 BHK,5428.571428571428
Ready To Move,Malleshpalya,1052.0,2.0,2.0,50.0,2 BHK,4752.851711026616
Ready To Move,Horamavu Banaswadi,1180.0,2.0,2.0,58.0,2 BHK,4915.254237288135
Ready To Move,Padmanabhanagar,3680.0,4.0,2.0,440.0,5 BHK,11956.521739130434
Ready To Move,Hormavu,2100.0,3.0,2.0,73.0,3 BHK,3476.190476190476
Not Ready To Move,Hoodi,2863.0,4.0,1.0,140.0,4 BHK,4889.97555012225
Ready To Move,Raja Rajeshwari Nagar,1128.0,2.0,2.0,38.24,2 BHK,3390.0709219858154
Ready To Move,Ulsoor,2700.0,3.0,1.0,450.0,3 BHK,16666.666666666668
Not Ready To Move,JP Nagar,1120.0,2.0,2.0,33.6,2 BHK,3000.0
Ready To Move,HSR Layout,2424.0,3.0,2.0,90.0,3 BHK,3712.871287128713
Ready To Move,Manjunatha Layout,1300.0,2.0,1.0,60.0,2 BHK,4615.384615384615
Ready To Move,Kanakapura,1090.0,2.0,2.0,32.69,2 BHK,2999.0825688073396
Ready To Move,Yelahanka,2710.0,3.0,1.0,251.0,3 BHK,9261.992619926199
Ready To Move,Konanakunte Cross,3040.0,1.0,1.0,180.0,2 BHK,5921.0526315789475
Ready To Move,Uttarahalli,1330.0,2.0,2.0,46.55,3 BHK,3500.0
Not Ready To Move,Hosur Road,1427.0,2.0,1.0,80.63,3 BHK,5650.31534688157
Not Ready To Move,Banjara Layout,1294.0,2.0,2.0,48.0,3 BHK,3709.4281298299848
Ready To Move,Begur,1580.0,3.0,2.0,75.0,3 BHK,4746.835443037975
Ready To Move,Uttarahalli,400.0,5.0,1.0,200.0,5 BHK,50000.0
Ready To Move,Chikka Tirupathi,1808.0,4.0,2.0,80.27,3 BHK,4439.712389380531
Ready To Move,Rajaji Nagar,3516.0,4.0,3.0,540.0,4 BHK,15358.361774744028
Ready To Move,Parappana Agrahara,1194.0,2.0,2.0,47.0,2 BHK,3936.348408710218
Not Ready To Move,Kanakpura Road,900.0,2.0,1.0,46.0,2 BHK,5111.111111111111
Ready To Move,Abbaiah Reddy Layout,1310.0,2.0,3.0,50.0,3 BHK,3816.793893129771
Not Ready To Move,Kanakpura Road,900.0,2.0,1.0,46.0,2 BHK,5111.111111111111
Ready To Move,Singasandra,3850.0,6.0,3.0,195.0,4 BHK,5064.935064935065
Not Ready To Move,Yelachenahalli,2400.0,1.0,1.0,150.0,2 BHK,6250.0
Ready To Move,Koramangala,1290.0,2.0,3.0,100.0,2 BHK,7751.937984496124
Ready To Move,Lakshmi Layout,1390.0,3.0,1.0,120.0,3 BHK,8633.093525179856
Ready To Move,Tavarekere,1200.0,4.0,2.0,72.0,4 BHK,6000.0
Ready To Move,Bisuvanahalli,845.0,2.0,1.0,33.0,2 BHK,3905.3254437869823
Ready To Move,Yelahanka,1537.0,3.0,3.0,120.0,3 BHK,7807.417046193884
Ready To Move,Immadihalli,1135.0,2.0,2.0,68.0,2 BHK,5991.1894273127755
Not Ready To Move,Hoodi,1512.0,3.0,2.0,75.77,3 BHK,5011.243386243386
Ready To Move,Srinivasa Nagar,900.0,2.0,1.0,55.0,2 BHK,6111.111111111111
Ready To Move,Jigani,1230.0,3.0,3.0,54.0,3 BHK,4390.243902439024
Not Ready To Move,Thirumenahalli,1378.0,2.0,3.0,42.33,3 BHK,3071.843251088534
Not Ready To Move,Whitefield,1277.0,2.0,1.0,61.3,2 BHK,4800.313234142522
Not Ready To Move,Hebbal,1985.0,4.0,2.0,189.0,3 BHK,9521.410579345089
Ready To Move,Kengeri,8000.0,5.0,2.0,500.0,5 BHK,6250.0
Ready To Move,KPC Layout,1210.0,2.0,2.0,62.0,2 BHK,5123.966942148761
Ready To Move,Yelahanka,890.0,2.0,1.0,40.0,2 BHK,4494.38202247191
Ready To Move,Sarjapur,1200.0,5.0,2.0,110.0,4 BHK,9166.666666666666
Ready To Move,Ardendale,3198.0,4.0,3.0,200.0,4 BHK,6253.908692933083
Ready To Move,HOSUR MAIN ROAD,1464.0,3.0,2.0,56.0,3 BHK,3825.136612021858
Ready To Move,Hebbal,2483.0,5.0,2.0,215.0,4 BHK,8658.880386629078
Ready To Move,Begur,1550.0,4.0,2.0,130.0,4 BHK,8387.09677419355
Ready To Move,Sarjapur  Road,4111.0,4.0,1.0,310.0,4 BHK,7540.744344441741
Ready To Move,Electronic City,975.0,2.0,2.0,37.5,2 BHK,3846.153846153846
Ready To Move,Nandi Durga Road,2500.0,3.0,1.0,250.0,3 BHK,10000.0
Ready To Move,Rajiv Nagar,1690.0,3.0,1.0,125.0,3 BHK,7396.449704142012
Not Ready To Move,Hosa Road,1063.0,2.0,1.0,31.89,2 BHK,3000.0
Ready To Move,Cooke Town,2572.0,3.0,3.0,390.0,3 BHK,15163.297045101088
Ready To Move,Kumara Park,2200.0,4.0,2.0,350.0,3 BHK,15909.09090909091
Ready To Move,Daadys Gaarden Layout,1600.0,3.0,0.0,80.0,3 BHK,5000.0
Not Ready To Move,Maruthi Nagar,1250.0,3.0,1.0,39.5,3 BHK,3160.0
Ready To Move,Bommanahalli,520.0,1.0,0.0,19.5,1 BHK,3750.0
Ready To Move,Marathahalli,4000.0,5.0,2.0,212.0,4 BHK,5300.0
Ready To Move,Munnekollal,1390.0,3.0,2.0,68.0,3 BHK,4892.086330935252
Not Ready To Move,Whitefield,1185.0,2.0,2.0,40.0,2 BHK,3375.5274261603377
Ready To Move,Sahakara Nagar,1219.0,2.0,2.0,48.0,2 BHK,3937.653814602133
Not Ready To Move,Kudlu Gate,1564.0,2.0,1.0,92.0,3 BHK,5882.35294117647
Ready To Move,Hosa Road,1100.0,2.0,2.0,37.1,2 BHK,3372.7272727272725
Ready To Move,Kothannur,1300.0,2.0,0.0,60.0,3 BHK,4615.384615384615
Ready To Move,Chikkabanavar,1600.0,2.0,0.0,80.0,3 BHK,5000.0
Ready To Move,Ramamurthy Nagar,1600.0,3.0,2.0,75.0,3 BHK,4687.5
Not Ready To Move,Hennur Road,1482.0,2.0,1.0,92.0,3 BHK,6207.827260458839
Not Ready To Move,Marsur,1000.0,4.0,3.0,66.0,3 BHK,6600.0
Ready To Move,Shampura,1200.0,2.0,3.0,53.0,2 BHK,4416.666666666667
Ready To Move,Gubbalala,600.0,3.0,2.0,75.0,3 BHK,12500.0
Ready To Move,Kengeri,1200.0,2.0,0.0,58.0,2 BHK,4833.333333333333
Ready To Move,Nagarbhavi,2400.0,3.0,0.0,160.0,3 BHK,6666.666666666667
Not Ready To Move,Marathahalli,1469.0,3.0,1.0,89.0,3 BHK,6058.543226684819
Not Ready To Move,Kanakapura,551.0,1.0,1.0,30.0,1 BHK,5444.64609800363
Not Ready To Move,Electronics City Phase 1,1160.0,2.0,1.0,52.0,2 BHK,4482.758620689655
Ready To Move,Balagere,1205.0,2.0,1.0,78.5,2 BHK,6514.522821576764
Ready To Move,Kasavanhalli,1550.0,2.0,3.0,52.0,3 BHK,3354.8387096774195
Ready To Move,Gubbalala,1745.0,3.0,2.0,125.0,3 BHK,7163.323782234957
Ready To Move,AECS Layout,1028.0,2.0,1.0,42.0,2 BHK,4085.603112840467
Ready To Move,Frazer Town,1700.0,3.0,1.0,180.0,3 BHK,10588.235294117647
Ready To Move,Karuna Nagar,1200.0,2.0,1.0,34.0,3 BHK,2833.3333333333335
Ready To Move,Kodihalli,2700.0,4.0,1.0,270.0,3 BHK,10000.0
Ready To Move,Kallumantapa,1100.0,2.0,2.0,50.0,2 BHK,4545.454545454545
Ready To Move,Ramamurthy Nagar,1200.0,3.0,1.0,72.0,2 BHK,6000.0
Ready To Move,Kaverappa Layout,1269.72,2.0,2.0,68.0,2 BHK,5355.511451343603
Ready To Move,Electronic City Phase II,1266.0,2.0,2.0,59.0,2 BHK,4660.347551342812
Ready To Move,Mysore Road,1060.0,2.0,1.0,62.0,2 BHK,5849.056603773585
Ready To Move,Malimakanapura,1168.0,3.0,0.0,70.0,3 BHK,5993.1506849315065
Ready To Move,Medahalli,1552.0,2.0,1.0,51.0,2 BHK,3286.082474226804
Ready To Move,Attibele,500.0,1.0,1.0,17.0,1 BHK,3400.0
Ready To Move,Hulimavu,1080.0,2.0,2.0,43.2,2 BHK,4000.0
Ready To Move,Kattigenahalli,2100.0,4.0,2.0,155.0,4 BHK,7380.952380952381
Ready To Move,Rustam Bagh Layout,1300.0,2.0,2.0,65.0,2 BHK,5000.0
Ready To Move,Electronics City Phase 1,920.0,2.0,2.0,33.0,2 BHK,3586.9565217391305
Ready To Move,New Thippasandra,817.0,2.0,1.0,120.0,4 BHK,14687.882496940025
Ready To Move,Harlur,1310.0,2.0,1.0,50.0,2 BHK,3816.793893129771
Ready To Move,Horamavu Agara,1650.0,2.0,1.0,75.0,3 BHK,4545.454545454545
Ready To Move,Garden Layout,1515.0,3.0,3.0,93.93,3 BHK,6200.0
Not Ready To Move,Raja Rajeshwari Nagar,1157.0,2.0,1.0,53.8,2 BHK,4649.956784788245
Ready To Move,Viswapriyanagar.begur Road.bommanahalli.,2400.0,5.0,1.0,85.0,4 BHK,3541.6666666666665
Ready To Move,Konanakunte,3000.0,4.0,3.0,160.0,4 BHK,5333.333333333333
Ready To Move,Basavangudi,2200.0,2.0,1.0,162.0,3 BHK,7363.636363636364
Not Ready To Move,"Hoodi Circle, ",1243.0,2.0,1.0,58.0,2 BHK,4666.130329847144
Ready To Move,Rachenahalli,1530.0,2.0,2.0,74.39,3 BHK,4862.091503267974
Ready To Move,Judicial Layout,2070.0,3.0,3.0,162.0,3 BHK,7826.086956521739
Ready To Move,Yelahanka,1815.0,3.0,2.0,82.0,3 BHK,4517.906336088155
Ready To Move,Sarjapur  Road,3900.0,4.0,3.0,300.0,4 BHK,7692.307692307692
Not Ready To Move,Electronic City Phase II,1000.0,2.0,1.0,28.88,2 BHK,2888.0
Not Ready To Move,Ananth Nagar,982.0,2.0,2.0,24.55,2 BHK,2500.0
Ready To Move,Hennur Road,1232.0,2.0,2.0,89.0,2 BHK,7224.025974025974
Not Ready To Move,Binny Pete,1282.0,3.0,2.0,178.0,3 BHK,13884.555382215289
Ready To Move,Yelahanka,654.0,1.0,1.0,38.4,1 BHK,5871.559633027523
Ready To Move,Bannerghatta Road,1181.0,2.0,0.0,55.0,2 BHK,4657.070279424217
Ready To Move,Bisuvanahalli,1075.0,2.0,1.0,45.0,3 BHK,4186.046511627907
Ready To Move,2nd Stage Nagarbhavi,1200.0,4.0,2.0,245.0,4 BHK,20416.666666666668
Ready To Move,T K Reddy Layout,1616.0,3.0,1.0,75.0,3 BHK,4641.089108910891
Ready To Move,Herohalli,1800.0,6.0,0.0,44.5,5 BHK,2472.222222222222
Not Ready To Move,Whitefield,1306.0,3.0,2.0,54.65,3 BHK,4184.532924961715
Ready To Move,Whitefield,1626.0,3.0,3.0,89.0,3 BHK,5473.554735547355
Ready To Move,Whitefield,1585.0,3.0,2.0,88.0,3 BHK,5552.05047318612
Ready To Move,7th Phase JP Nagar,1370.0,2.0,1.0,56.17,2 BHK,4100.0
Ready To Move,Whitefield,3250.0,5.0,3.0,900.0,5 BHK,27692.30769230769
Ready To Move,Kanakpura Road,1495.0,2.0,2.0,90.0,2 BHK,6020.066889632107
Ready To Move,frazertown,2000.0,3.0,2.0,210.0,3 BHK,10500.0
Ready To Move,Akshayanagara East,2400.0,4.0,1.0,300.0,5 BHK,12500.0
Ready To Move,Bannerghatta,1375.0,3.0,0.0,57.0,3 BHK,4145.454545454545
Ready To Move,Kereguddadahalli,1400.0,2.0,2.0,48.0,3 BHK,3428.5714285714284
Ready To Move,Kadugodi,1100.0,5.0,0.0,135.0,5 BHK,12272.727272727272
Ready To Move,Hebbal Kempapura,1200.0,4.0,2.0,215.0,4 BHK,17916.666666666668
Ready To Move,Yelahanka,1150.0,2.0,2.0,46.0,2 BHK,4000.0
Ready To Move,Hebbal,1080.0,2.0,1.0,54.0,2 BHK,5000.0
Ready To Move,Kaikondrahalli,1645.0,3.0,2.0,100.0,3 BHK,6079.0273556231
Ready To Move,Doddanekundi,1760.0,3.0,3.0,176.0,3 BHK,10000.0
Ready To Move,Venkatadri Layout,595.0,1.0,1.0,42.0,1 BHK,7058.823529411765
Ready To Move,Bommenahalli,1200.0,3.0,1.0,125.0,3 BHK,10416.666666666666
Ready To Move,Mahaganapathy Nagar,1410.0,2.0,3.0,67.0,2 BHK,4751.77304964539
Not Ready To Move,Huskur,1090.0,2.0,1.0,31.48,2 BHK,2888.0733944954127
Ready To Move,Ramagondanahalli,540.0,1.0,0.0,30.0,1 BHK,5555.555555555556
Ready To Move,Sarjapur  Road,1300.0,2.0,2.0,60.0,2 BHK,4615.384615384615
Ready To Move,9th Phase JP Nagar,1890.0,2.0,2.0,85.0,3 BHK,4497.354497354498
Ready To Move,Belathur,1254.0,2.0,1.0,53.0,2 BHK,4226.475279106858
Ready To Move,Ulsoor,1275.0,2.0,1.0,120.0,2 BHK,9411.764705882353
Ready To Move,Kathriguppe,1245.0,2.0,2.0,68.48,3 BHK,5500.401606425703
Ready To Move,Rustam Bagh Layout,1170.0,2.0,2.0,86.0,2 BHK,7350.427350427351
Not Ready To Move,Panathur,1193.0,2.0,1.0,86.0,2 BHK,7208.717518860017
Not Ready To Move,Chandapura,850.0,2.0,1.0,25.4,2 BHK,2988.235294117647
Ready To Move,Marathahalli,1678.0,3.0,3.0,70.0,3 BHK,4171.6328963051255
Ready To Move,Gunjur,1600.0,3.0,3.0,75.0,3 BHK,4687.5
Ready To Move,Electronics City Phase 1,1750.0,3.0,2.0,84.0,3 BHK,4800.0
Not Ready To Move,Whitefield,1125.0,2.0,2.0,62.0,2 BHK,5511.111111111111
Ready To Move,Andrahalli,2200.0,4.0,3.0,235.0,4 BHK,10681.818181818182
Ready To Move,HBR Layout,2800.0,2.0,0.0,200.0,3 BHK,7142.857142857143
Ready To Move,R.T. Nagar,1200.0,2.0,1.0,120.0,2 BHK,10000.0
Ready To Move,Vittal Nagar,1000.0,2.0,1.0,50.0,2 BHK,5000.0
Ready To Move,Sadashiva Nagar,2780.0,5.0,2.0,480.0,4 BHK,17266.187050359713
Not Ready To Move,Electronic City Phase II,1320.0,2.0,1.0,38.13,3 BHK,2888.636363636364
Ready To Move,Ardendale,2422.0,4.0,2.0,160.0,4 BHK,6606.110652353427
Ready To Move,Kasavanhalli,1100.0,2.0,1.0,50.0,2 BHK,4545.454545454545
Ready To Move,Uttarahalli,882.0,2.0,1.0,30.0,2 BHK,3401.360544217687
Ready To Move,Bisuvanahalli,845.0,2.0,1.0,37.0,2 BHK,4378.698224852071
Ready To Move,Kambipura,883.0,2.0,1.0,39.0,2 BHK,4416.761041902605
Ready To Move,Brookefield,1595.0,3.0,3.0,88.0,3 BHK,5517.241379310345
Ready To Move,Whitefield,1280.0,2.0,0.0,85.0,2 BHK,6640.625
Ready To Move,3rd Block Banashankari,1700.0,2.0,1.0,550.0,4 BHK,32352.941176470587
Ready To Move,Bhuvaneshwari Nagar,920.0,2.0,0.0,35.0,2 BHK,3804.3478260869565
Ready To Move,Choodasandra,1300.0,2.0,3.0,57.0,2 BHK,4384.615384615385
Ready To Move,Shanthala Nagar,1450.0,1.0,0.0,230.0,2 BHK,15862.068965517241
Ready To Move,Harlur,1757.0,3.0,2.0,132.0,3 BHK,7512.805919180421
Ready To Move,Anekal,600.0,1.0,1.0,16.5,1 BHK,2750.0
Ready To Move,Jnanabharathi Layout,2400.0,3.0,2.0,142.0,4 BHK,5916.666666666667
Ready To Move,Sarjapur,1240.0,2.0,1.0,44.0,2 BHK,3548.3870967741937
Not Ready To Move,EPIP Zone,1330.0,2.0,1.0,93.36,2 BHK,7019.548872180451
Ready To Move,8th Phase JP Nagar,1062.0,2.0,1.0,42.47,2 BHK,3999.0583804143125
Ready To Move,JP Nagar,1078.0,2.0,2.0,45.0,2 BHK,4174.397031539888
Ready To Move,Bannerghatta Road,1460.0,2.0,2.0,72.0,3 BHK,4931.506849315068
Not Ready To Move,Whitefield,1200.0,3.0,2.0,68.5,3 BHK,5708.333333333333
Ready To Move,Laggere,1200.0,1.0,1.0,48.0,1 BHK,4000.0
Ready To Move,Kammasandra,912.0,2.0,1.0,39.0,3 BHK,4276.315789473684
Ready To Move,Victoria Layout,2400.0,5.0,1.0,625.0,5 BHK,26041.666666666668
Ready To Move,Prithvi Layout,2028.0,4.0,3.0,162.0,4 BHK,7988.165680473373
Not Ready To Move,Mysore Road,980.0,2.0,1.0,45.47,2 BHK,4639.7959183673465
Ready To Move,Sarjapur  Road,1000.0,2.0,2.0,40.0,2 BHK,4000.0
Ready To Move,Sarjapur  Road,1050.0,2.0,1.0,62.0,2 BHK,5904.761904761905
Not Ready To Move,Bannerghatta,2611.0,3.0,1.0,239.0,3 BHK,9153.581003446956
Ready To Move,Domlur,1875.0,2.0,2.0,150.0,3 BHK,8000.0
Ready To Move,Hennur Road,1065.0,2.0,1.0,42.6,2 BHK,4000.0
Ready To Move,Sanjay nagar,1800.0,3.0,2.0,180.0,3 BHK,10000.0
Ready To Move,Sector 7 HSR Layout,1163.0,2.0,2.0,98.86,2 BHK,8500.42992261393
Ready To Move,Tumkur Road,1098.0,2.0,1.0,72.0,2 BHK,6557.377049180328
Ready To Move,5th Phase JP Nagar,1725.0,2.0,2.0,100.0,3 BHK,5797.101449275362
Ready To Move,Whitefield,4000.0,4.0,2.0,330.0,4 BHK,8250.0
Ready To Move,Thubarahalli,1128.0,2.0,2.0,75.0,2 BHK,6648.936170212766
Ready To Move,Yelahanka,1705.0,3.0,1.0,74.16,3 BHK,4349.560117302053
Ready To Move,Thigalarapalya,1418.0,2.0,2.0,95.0,2 BHK,6699.576868829337
Ready To Move,Ramamurthy Nagar,1500.0,3.0,1.0,160.0,3 BHK,10666.666666666666
Ready To Move,Hebbal,1100.0,2.0,2.0,50.0,2 BHK,4545.454545454545
Ready To Move,KUDLU MAIN ROAD,1464.0,3.0,2.0,56.0,3 BHK,3825.136612021858
Not Ready To Move,Hebbal,812.0,2.0,2.0,55.0,2 BHK,6773.399014778325
Ready To Move,Doddanekundi,1280.0,2.0,2.0,40.0,2 BHK,3125.0
Ready To Move,Whitefield,1420.0,2.0,2.0,136.0,2 BHK,9577.464788732394
Ready To Move,Banashankari Stage II,1200.0,2.0,1.0,150.0,4 BHK,12500.0
Not Ready To Move,Old Airport Road,2774.0,4.0,2.0,207.0,4 BHK,7462.148521989906
Ready To Move,5th Stage BEML Layout,2000.0,3.0,2.0,85.0,3 BHK,4250.0
Ready To Move,HBR Layout,1722.0,3.0,2.0,95.0,3 BHK,5516.8408826945415
Ready To Move,Indira Nagar,2800.0,3.0,1.0,330.0,3 BHK,11785.714285714286
Ready To Move,Jaya Mahal layout,1650.0,3.0,3.0,175.0,3 BHK,10606.060606060606
Ready To Move,BSM Extension,840.0,2.0,2.0,27.0,2 BHK,3214.285714285714
Ready To Move,Jigani,914.0,2.0,2.0,47.0,2 BHK,5142.231947483589
Not Ready To Move,Hennur Road,1482.0,2.0,2.0,83.73,3 BHK,5649.797570850203
Not Ready To Move,Kundalahalli,1724.0,3.0,2.0,127.0,3 BHK,7366.589327146172
Ready To Move,Vijinapura,1670.0,3.0,3.0,91.86,3 BHK,5500.5988023952095
Ready To Move,Banaswadi,1184.0,2.0,3.0,53.0,2 BHK,4476.351351351352
Ready To Move,Kodigehaali,1200.0,2.0,1.0,55.0,2 BHK,4583.333333333333
Ready To Move,TC Palaya,1200.0,2.0,0.0,65.0,2 BHK,5416.666666666667
Ready To Move,Jigani,927.0,2.0,2.0,55.0,2 BHK,5933.117583603021
Ready To Move,P&T Layout,1242.0,2.0,3.0,39.7,2 BHK,3196.45732689211
Not Ready To Move,Electronic City Phase II,1220.0,3.0,1.0,35.23,3 BHK,2887.7049180327863
Ready To Move,Electronic City,1360.0,2.0,1.0,75.0,3 BHK,5514.705882352941
Ready To Move,Brookefield,2800.0,4.0,2.0,240.0,4 BHK,8571.42857142857
Ready To Move,7th Phase JP Nagar,1180.0,2.0,2.0,72.0,2 BHK,6101.6949152542375
Ready To Move,Whitefield,1697.0,3.0,2.0,108.0,3 BHK,6364.172068355922
Ready To Move,Yelahanka New Town,550.0,2.0,1.0,26.0,2 BHK,4727.272727272727
Ready To Move,Hennur,1225.0,2.0,1.0,57.0,2 BHK,4653.061224489796
Ready To Move,Byrasandra,1690.0,2.0,2.0,55.0,3 BHK,3254.437869822485
Ready To Move,Veerannapalya,1488.0,3.0,2.0,57.0,3 BHK,3830.6451612903224
Ready To Move,Chowdeshwari Layout,1250.0,2.0,1.0,80.0,3 BHK,6400.0
Ready To Move,JP Nagar,1050.0,1.0,1.0,44.0,1 BHK,4190.476190476191
Ready To Move,HSR Layout,1027.0,2.0,2.0,44.0,2 BHK,4284.323271665044
Not Ready To Move,Kanakpura Road,1699.0,3.0,3.0,81.94,3 BHK,4822.836962919364
Ready To Move,Whitefield,1205.0,2.0,2.0,58.0,2 BHK,4813.278008298756
Ready To Move,Mathikere Extension,712.0,2.0,1.0,67.5,4 BHK,9480.337078651686
Not Ready To Move,Horamavu Agara,950.0,2.0,3.0,39.0,2 BHK,4105.263157894737
Ready To Move,TC Palaya,1200.0,2.0,0.0,70.0,2 BHK,5833.333333333333
Ready To Move,Akshaya Nagar,1476.0,3.0,1.0,120.0,3 BHK,8130.081300813008
Ready To Move,CV Raman Nagar,1070.0,2.0,1.0,55.0,2 BHK,5140.186915887851
Ready To Move,EPIP Zone,2160.0,4.0,2.0,172.0,3 BHK,7962.962962962963
Ready To Move,Sector 2 HSR Layout,1296.0,2.0,1.0,75.0,2 BHK,5787.037037037037
Ready To Move,Chikkalasandra,1800.0,1.0,1.0,128.0,2 BHK,7111.111111111111
Ready To Move,Kanakpura Road,1570.0,3.0,3.0,64.5,3 BHK,4108.28025477707
Ready To Move,Koramangala,1300.0,2.0,3.0,110.0,2 BHK,8461.538461538461
Ready To Move,Sarjapur,1550.0,2.0,2.0,65.0,4 BHK,4193.548387096775
Ready To Move,Electronic City,770.0,1.0,1.0,40.0,2 BHK,5194.805194805195
Ready To Move,Jalahalli,1870.0,3.0,2.0,110.0,3 BHK,5882.35294117647
Ready To Move,Anantapura,1650.0,4.0,2.0,160.0,3 BHK,9696.969696969696
Ready To Move,Domlur,1429.0,3.0,3.0,86.0,3 BHK,6018.194541637508
Not Ready To Move,Babusapalaya,1167.0,2.0,2.0,39.98,3 BHK,3425.8783204798624
Not Ready To Move,Bommasandra,1035.0,2.0,1.0,41.73,2 BHK,4031.884057971014
Ready To Move,Kengeri,1188.0,2.0,2.0,38.0,3 BHK,3198.6531986531986
Ready To Move,2nd Stage Nagarbhavi,1200.0,4.0,2.0,285.0,5 BHK,23750.0
Ready To Move,Nagarbhavi,884.0,2.0,2.0,36.0,1 BHK,4072.398190045249
Ready To Move,Haralur Road,1194.0,2.0,2.0,46.0,2 BHK,3852.5963149078725
Not Ready To Move,Hoodi,1026.0,2.0,1.0,60.87,2 BHK,5932.748538011696
Ready To Move,Kaikondrahalli,1115.0,2.0,2.0,50.0,2 BHK,4484.304932735426
Ready To Move,Hebbal Kempapura,1200.0,2.0,1.0,125.0,2 BHK,10416.666666666666
Not Ready To Move,Old Airport Road,2690.0,4.0,3.0,191.0,4 BHK,7100.371747211896
Ready To Move,Subramanyapura,975.0,2.0,1.0,58.0,2 BHK,5948.717948717948
Ready To Move,Hosa Road,675.0,3.0,2.0,72.5,3 BHK,10740.74074074074
Ready To Move,Chamrajpet,1900.0,2.0,1.0,170.0,4 BHK,8947.368421052632
Not Ready To Move,Banashankari,600.0,3.0,1.0,100.0,3 BHK,16666.666666666668
Ready To Move,OMBR Layout,1101.0,2.0,2.0,65.5,2 BHK,5949.13714804723
Ready To Move,Sarjapur  Road,1700.0,3.0,3.0,135.0,3 BHK,7941.176470588235
Ready To Move,Whitefield,3606.0,4.0,2.0,312.0,4 BHK,8652.246256239601
Ready To Move,Padmanabhanagar,1258.0,2.0,2.0,115.0,2 BHK,9141.494435612083
Ready To Move,Kanakpura Road,1560.0,3.0,2.0,92.0,3 BHK,5897.4358974358975
Ready To Move,Old Madras Road,3630.0,6.0,1.0,195.0,4 BHK,5371.900826446281
Ready To Move,JP Nagar,2000.0,3.0,2.0,250.0,3 BHK,12500.0
Not Ready To Move,Hebbal,2790.0,4.0,3.0,198.0,4 BHK,7096.774193548387
Not Ready To Move,Badavala Nagar,1494.0,2.0,2.0,94.55,3 BHK,6328.647925033467
Not Ready To Move,Hennur Road,1482.0,2.0,1.0,87.0,3 BHK,5870.4453441295545
Ready To Move,Rustam Bagh Layout,800.0,2.0,3.0,50.0,2 BHK,6250.0
Ready To Move,Raja Rajeshwari Nagar,1185.0,2.0,2.0,47.39,2 BHK,3999.15611814346
Ready To Move,Hulimavu,1100.0,2.0,2.0,71.5,2 BHK,6500.0
Ready To Move,NRI Layout,1300.0,2.0,0.0,120.0,2 BHK,9230.76923076923
Ready To Move,4th Block Koramangala,1225.0,2.0,2.0,150.0,2 BHK,12244.897959183674
Ready To Move,Hulimavu,1758.0,3.0,2.0,65.0,3 BHK,3697.3833902161546
Ready To Move,Banaswadi,1145.0,2.0,2.0,55.0,2 BHK,4803.493449781659
Ready To Move,Hormavu,1180.0,2.0,2.0,50.0,2 BHK,4237.28813559322
Ready To Move,Belatur,1260.0,2.0,2.0,58.0,2 BHK,4603.174603174603
Ready To Move,Arekere,1190.0,2.0,2.0,55.0,2 BHK,4621.848739495798
Ready To Move,Sarjapur  Road,1691.0,3.0,2.0,119.0,3 BHK,7037.25606150207
Not Ready To Move,Lalbagh Road,3675.0,4.0,3.0,367.0,4 BHK,9986.394557823129
Ready To Move,Frazer Town,1305.0,3.0,2.0,95.45,3 BHK,7314.176245210728
Not Ready To Move,Basavangudi,2337.0,4.0,3.0,292.0,3 BHK,12494.651262302097
Ready To Move,Kamakya Layout,1200.0,2.0,2.0,150.0,2 BHK,12500.0
Not Ready To Move,Domlur,1206.0,2.0,1.0,217.0,2 BHK,17993.366500829186
Ready To Move,Vignana Nagar,1350.0,4.0,1.0,130.0,5 BHK,9629.62962962963
Ready To Move,Kogilu,1140.0,2.0,1.0,50.66,2 BHK,4443.859649122807
Ready To Move,Nallurhalli,1250.0,2.0,2.0,65.0,2 BHK,5200.0
Ready To Move,Kamakshipalya,600.0,2.0,1.0,60.0,3 BHK,10000.0
Not Ready To Move,Chinnapanahalli,1225.0,2.0,2.0,48.0,2 BHK,3918.3673469387754
Ready To Move,Kereguddadahalli,800.0,2.0,2.0,28.0,2 BHK,3500.0
Ready To Move,Jalahalli East,1020.0,2.0,1.0,58.0,2 BHK,5686.274509803921
Ready To Move,TC Palaya,2100.0,2.0,1.0,50.0,4 BHK,2380.9523809523807
Ready To Move,Lingarajapuram,1350.0,2.0,1.0,80.0,2 BHK,5925.925925925926
Ready To Move,Anekal,925.0,2.0,1.0,40.0,2 BHK,4324.324324324324
Ready To Move,Yelachenahalli,1800.0,3.0,1.0,220.0,4 BHK,12222.222222222223
Ready To Move,3rd Block HBR Layout,2000.0,3.0,1.0,100.0,3 BHK,5000.0
Ready To Move,Frazer Town,1510.0,2.0,1.0,75.0,3 BHK,4966.887417218543
Ready To Move,Kasavanhalli,5800.0,7.0,2.0,1200.0,5 BHK,20689.655172413793
Ready To Move,Laxmi Sagar Layout,1614.0,3.0,1.0,110.0,3 BHK,6815.365551425031
Ready To Move,Yeshwanthpur,682.0,2.0,1.0,130.0,3 BHK,19061.58357771261
Ready To Move,Gottigere,1200.0,2.0,0.0,95.0,2 BHK,7916.666666666667
Ready To Move,TC Palaya,900.0,2.0,0.0,55.0,2 BHK,6111.111111111111
Ready To Move,Bommenahalli,1632.0,3.0,0.0,145.0,4 BHK,8884.803921568628
Ready To Move,OMBR Layout,1041.0,2.0,2.0,65.5,2 BHK,6292.026897214217
Not Ready To Move,Bannerghatta,3012.0,6.0,2.0,250.0,4 BHK,8300.132802124834
Ready To Move,Marathahalli,1530.0,3.0,2.0,74.5,3 BHK,4869.281045751634
Ready To Move,Sector 2 HSR Layout,1450.0,2.0,2.0,135.0,3 BHK,9310.344827586207
Ready To Move,Bannerghatta Road,1200.0,2.0,2.0,75.0,2 BHK,6250.0
Ready To Move,Sahakara Nagar,1200.0,4.0,2.0,130.0,4 BHK,10833.333333333334
Ready To Move,Hosur Road,1508.0,2.0,1.0,110.0,3 BHK,7294.429708222811
Ready To Move,Dodda Nekkundi Extension,1188.0,2.0,3.0,73.0,2 BHK,6144.781144781145
Not Ready To Move,Old Airport Road,2690.0,4.0,3.0,199.0,4 BHK,7397.769516728625
Ready To Move,Harlur,1174.0,2.0,1.0,76.0,2 BHK,6473.594548551959
Not Ready To Move,Old Madras Road,1350.0,3.0,1.0,58.99,3 BHK,4369.62962962963
Ready To Move,Frazer Town,1870.0,3.0,3.0,185.0,3 BHK,9893.048128342247
Not Ready To Move,Kengeri Satellite Town,1072.0,2.0,1.0,25.0,2 BHK,2332.089552238806
Ready To Move,Nelamangala,52272.0,2.0,1.0,140.0,3 BHK,267.82981328435875
Not Ready To Move,Kengeri,726.0,2.0,1.0,31.0,2 BHK,4269.972451790633
Ready To Move,Hosur Road,1345.0,2.0,2.0,106.0,2 BHK,7881.0408921933085
Ready To Move,Begur Road,1200.0,2.0,2.0,45.0,2 BHK,3750.0
Ready To Move,Nagavarapalya,980.0,2.0,0.0,37.0,2 BHK,3775.5102040816328
Ready To Move,Hormavu,1050.0,2.0,1.0,77.0,2 BHK,7333.333333333333
Ready To Move,Uttarahalli,993.0,2.0,1.0,39.71,2 BHK,3998.9929506545823
Ready To Move,7th Phase JP Nagar,1300.0,2.0,2.0,52.0,3 BHK,4000.0
Ready To Move,Vittasandra,1743.0,3.0,2.0,85.0,3 BHK,4876.649454962708
Ready To Move,Whitefield,1204.0,4.0,1.0,125.0,4 BHK,10382.059800664452
Ready To Move,Hormavu,1200.0,2.0,0.0,67.0,2 BHK,5583.333333333333
Ready To Move,2nd Block Hrbr Layout,1480.0,3.0,2.0,90.0,3 BHK,6081.081081081081
Ready To Move,Sarjapur,950.0,2.0,2.0,32.5,2 BHK,3421.0526315789475
Ready To Move,Domlur,640.0,1.0,0.0,55.0,1 BHK,8593.75
Not Ready To Move,Electronic City Phase II,972.0,2.0,1.0,44.0,2 BHK,4526.748971193416
Ready To Move,Marathahalli,1840.0,3.0,3.0,98.0,3 BHK,5326.086956521739
Ready To Move,Electronic City,1128.0,2.0,1.0,64.0,2 BHK,5673.758865248227
Ready To Move,Hongasandra,680.0,2.0,0.0,42.0,2 BHK,6176.470588235294
Ready To Move,Harappanahalli,2400.0,2.0,1.0,95.0,2 BHK,3958.3333333333335
Ready To Move,Basapura,1045.0,2.0,2.0,42.0,2 BHK,4019.1387559808613
Ready To Move,Roopena Agrahara,955.0,2.0,3.0,53.55,2 BHK,5607.3298429319375
Ready To Move,Doddakallasandra,1360.0,2.0,2.0,54.39,3 BHK,3999.264705882353
Ready To Move,BTM Layout,1150.0,2.0,2.0,63.0,2 BHK,5478.260869565217
Not Ready To Move,Hennur Road,3450.0,4.0,3.0,294.0,4 BHK,8521.739130434782
Not Ready To Move,Chennammana Kere,1115.0,2.0,2.0,56.87,2 BHK,5100.448430493274
Ready To Move,Jigani,920.0,2.0,2.0,46.0,2 BHK,5000.0
Not Ready To Move,Bommasandra Industrial Area,1030.0,2.0,1.0,41.0,2 BHK,3980.5825242718447
Ready To Move,Thanisandra,1564.0,3.0,1.0,101.0,3 BHK,6457.800511508952
Ready To Move,Uttarahalli,1045.0,2.0,1.0,45.0,2 BHK,4306.2200956937795
Ready To Move,Hegde Nagar,1200.0,4.0,1.0,83.0,4 BHK,6916.666666666667
Ready To Move,Subramanyapura,1277.0,2.0,2.0,55.0,2 BHK,4306.969459671104
Ready To Move,Kanaka Nagar,2479.13,3.0,1.0,215.0,3 BHK,8672.39717158842
Ready To Move,Sarjapur  Road,1846.0,3.0,2.0,140.0,3 BHK,7583.965330444204
Ready To Move,Tasker Town,1100.0,2.0,0.0,106.0,2 BHK,9636.363636363636
Ready To Move,Govindpura,1690.0,3.0,2.0,75.0,3 BHK,4437.869822485207
Not Ready To Move,Hormavu,1200.0,3.0,0.0,70.0,2 BHK,5833.333333333333
Ready To Move,Yelahanka,3042.0,4.0,0.0,131.0,4 BHK,4306.37738330046
Ready To Move,Rajaji Nagar,1640.0,3.0,3.0,223.0,3 BHK,13597.560975609756
Not Ready To Move,NR Colony,1068.0,2.0,1.0,40.05,2 BHK,3749.9999999999995
Ready To Move,Kanakpura Road,1135.0,2.0,2.0,58.0,2 BHK,5110.132158590309
Ready To Move,Agara Village,1925.0,3.0,2.0,120.0,3 BHK,6233.766233766234
Ready To Move,Begur Road,1615.0,3.0,2.0,60.0,3 BHK,3715.170278637771
Ready To Move,Shettigere,650.0,1.0,1.0,26.0,1 BHK,4000.0
Ready To Move,Kaggadasapura,1150.0,2.0,3.0,42.0,2 BHK,3652.1739130434785
Not Ready To Move,Kenchanehalli R R Nagar,1410.0,2.0,2.0,45.12,3 BHK,3200.0
Ready To Move,6th Phase JP Nagar,600.0,2.0,0.0,100.0,3 BHK,16666.666666666668
Not Ready To Move,Kumara Park,2000.0,3.0,3.0,207.0,3 BHK,10350.0
Ready To Move,Tumkur Road,1354.0,3.0,1.0,90.0,3 BHK,6646.971935007386
Ready To Move,BEL Road,1050.0,2.0,0.0,110.0,2 BHK,10476.190476190477
Ready To Move,Arekere,600.0,1.0,1.0,28.0,1 BHK,4666.666666666667
Ready To Move,Varthur,1320.0,2.0,1.0,110.0,4 BHK,8333.333333333334
Not Ready To Move,Koramangala,1600.0,3.0,2.0,88.0,3 BHK,5500.0
Ready To Move,Kanakpura Road,3500.0,6.0,2.0,225.0,4 BHK,6428.571428571428
Ready To Move,GM Palaya,1000.0,2.0,1.0,36.0,2 BHK,3600.0
Ready To Move,Byagadadhenahalli,1130.0,3.0,1.0,38.0,3 BHK,3362.83185840708
Ready To Move,Vittasandra,1238.0,2.0,1.0,67.0,2 BHK,5411.954765751211
Ready To Move,Ashwathnagar,2204.0,2.0,3.0,305.0,3 BHK,13838.47549909256
Not Ready To Move,Kudlu Gate,1364.0,2.0,3.0,46.38,3 BHK,3400.293255131965
Ready To Move,Srinivasa Nagar,900.0,2.0,1.0,45.0,2 BHK,5000.0
Ready To Move,Gubbalala,1745.0,3.0,2.0,104.0,3 BHK,5959.885386819485
Ready To Move,Kogilu,1200.0,2.0,1.0,53.33,2 BHK,4444.166666666667
Ready To Move,Kanakapura,1020.0,2.0,1.0,42.83,2 BHK,4199.019607843137
Not Ready To Move,Banashankari Stage III,1650.0,3.0,2.0,118.0,3 BHK,7151.515151515152
Ready To Move,Doddabommasandra,1550.0,2.0,3.0,70.0,3 BHK,4516.129032258064
Ready To Move,5th Phase JP Nagar,1440.0,2.0,2.0,60.0,2 BHK,4166.666666666667
Ready To Move,Sarjapura - Attibele Road,1329.0,2.0,2.0,45.95,3 BHK,3457.486832204665
Ready To Move,Maruthi Layout,916.0,2.0,1.0,42.0,2 BHK,4585.152838427947
Ready To Move,Hulimavu,688.0,1.0,2.0,50.0,1 BHK,7267.441860465116
Ready To Move,Sree Narayana Nagar,1358.0,3.0,3.0,50.0,3 BHK,3681.8851251840942
Not Ready To Move,Kanakpura Road,1331.0,2.0,1.0,107.0,2 BHK,8039.068369646882
Ready To Move,Malleshwaram,686.0,1.0,1.0,62.5,1 BHK,9110.787172011662
Ready To Move,Hoodi,1050.0,2.0,2.0,50.0,2 BHK,4761.9047619047615
Ready To Move,Talaghattapura,2106.0,3.0,2.0,126.0,3 BHK,5982.9059829059825
Not Ready To Move,Bhoganhalli,1718.0,3.0,2.0,90.2,3 BHK,5250.291036088475
Ready To Move,Raja Rajeshwari Nagar,1530.0,3.0,2.0,57.0,3 BHK,3725.4901960784314
Ready To Move,5th Block Hbr Layout,1206.0,2.0,2.0,56.0,2 BHK,4643.449419568822
Ready To Move,Hebbal,1075.0,2.0,3.0,52.0,2 BHK,4837.209302325581
Not Ready To Move,Sarjapur  Road,1200.0,3.0,1.0,95.0,3 BHK,7916.666666666667
Not Ready To Move,Tunganagara,1936.0,2.0,2.0,54.21,3 BHK,2800.103305785124
Ready To Move,Nagavara,2172.65,3.0,3.0,120.0,4 BHK,5523.208984419948
Ready To Move,Sahakara Nagar,1100.0,2.0,2.0,75.0,3 BHK,6818.181818181818
Ready To Move,BTM 2nd Stage,1260.0,5.0,1.0,185.0,3 BHK,14682.539682539682
Ready To Move,Jalahalli East,800.0,2.0,1.0,80.0,3 BHK,10000.0
Ready To Move,Sarjapur  Road,1117.0,2.0,3.0,29.99,2 BHK,2684.870188003581
Ready To Move,Remco Bhel Layout,1685.0,2.0,1.0,110.0,3 BHK,6528.189910979228
Ready To Move,CV Raman Nagar,740.0,2.0,1.0,37.0,2 BHK,5000.0
Ready To Move,Chamrajpet,1080.0,4.0,2.0,250.0,4 BHK,23148.14814814815
Ready To Move,Magadi Road,1500.0,2.0,2.0,93.0,4 BHK,6200.0
Ready To Move,Banashankari,1800.0,3.0,2.0,115.0,3 BHK,6388.888888888889
Ready To Move,Yelachenahalli,1700.0,3.0,2.0,130.0,3 BHK,7647.058823529412
Ready To Move,Uttarahalli,850.0,2.0,2.0,37.93,2 BHK,4462.35294117647
Ready To Move,Hennur Road,1891.0,3.0,1.0,139.0,3 BHK,7350.608143839238
Ready To Move,Jalahalli,1400.0,1.0,1.0,80.0,2 BHK,5714.285714285715
Ready To Move,Lakshminarayana Pura,1172.0,2.0,2.0,82.0,2 BHK,6996.587030716723
Not Ready To Move,Electronic City Phase II,1400.0,2.0,2.0,40.43,3 BHK,2887.8571428571427
Ready To Move,Sonnenahalli,896.0,2.0,1.0,43.75,2 BHK,4882.8125
Not Ready To Move,Vijayanagar,1180.0,2.0,2.0,65.0,2 BHK,5508.474576271186
Ready To Move,Chokkasandra,850.0,2.0,1.0,33.0,2 BHK,3882.3529411764707
Not Ready To Move,Anekal,530.0,1.0,1.0,18.0,1 BHK,3396.2264150943397
Not Ready To Move,2nd Block Hrbr Layout,1550.0,3.0,3.0,110.0,3 BHK,7096.774193548387
Not Ready To Move,Kanakapura,1699.0,3.0,3.0,97.0,3 BHK,5709.240729841083
Not Ready To Move,Bellandur,2025.0,4.0,3.0,109.0,4 BHK,5382.716049382716
Not Ready To Move,Ananth Nagar,500.0,2.0,2.0,14.0,1 BHK,2800.0
Ready To Move,Panduranga Nagar,500.0,1.0,0.0,20.0,1 BHK,4000.0
Ready To Move,Sri Venkateshpura Layout,1146.0,2.0,1.0,38.5,2 BHK,3359.5113438045373
Ready To Move,Malleshwaram,2475.0,4.0,3.0,332.0,3 BHK,13414.141414141413
Ready To Move,Haralur Road,1455.0,2.0,1.0,145.0,2 BHK,9965.635738831616
Ready To Move,Seegehalli,800.0,1.0,0.0,50.0,2 BHK,6250.0
Ready To Move,Abbigere,765.0,2.0,2.0,30.0,1 BHK,3921.5686274509803
Ready To Move,Lingadheeranahalli,1521.0,3.0,1.0,94.99,3 BHK,6245.233399079553
Ready To Move,Gottigere,1600.0,2.0,2.0,55.0,3 BHK,3437.5
Ready To Move,Byadarahalli,3155.0,4.0,2.0,370.0,3 BHK,11727.41679873217
Ready To Move,Hebbal Kempapura,2900.0,4.0,2.0,240.0,3 BHK,8275.862068965518
Ready To Move,Jakkur Plantation,1765.0,3.0,3.0,105.0,3 BHK,5949.008498583569
Ready To Move,Kasavanhalli,1980.0,3.0,2.0,88.0,3 BHK,4444.444444444444
Ready To Move,Amruthahalli,1900.0,3.0,1.0,135.0,3 BHK,7105.263157894737
Ready To Move,Kaverappa Layout,1265.0,2.0,3.0,70.0,2 BHK,5533.596837944664
Ready To Move,Bommasandra,1034.0,2.0,3.0,40.0,2 BHK,3868.4719535783365
Ready To Move,Kaverappa Layout,1012.0,2.0,1.0,59.0,2 BHK,5830.0395256917
Ready To Move,Electronic City,1070.0,2.0,1.0,54.0,2 BHK,5046.728971962617
Ready To Move,Mahadevpura,3555.0,4.0,1.0,230.0,4 BHK,6469.760900140647
Ready To Move,5th Block Hbr Layout,1270.0,2.0,2.0,70.0,3 BHK,5511.811023622047
Ready To Move,Yeshwanthpur,585.0,1.0,0.0,70.0,2 BHK,11965.811965811965
Ready To Move,Doddanekundi,2045.0,4.0,3.0,154.0,3 BHK,7530.562347188264
Ready To Move,Bellandur,1490.0,2.0,2.0,98.0,3 BHK,6577.181208053691
Ready To Move,Mysore Road,883.0,2.0,1.0,40.0,2 BHK,4530.011325028313
Ready To Move,Yeshwanthpur,671.0,1.0,1.0,36.85,1 BHK,5491.803278688524
Ready To Move,Kammasandra,1156.0,2.0,2.0,32.0,2 BHK,2768.166089965398
Ready To Move,Haralur Road,2017.0,3.0,2.0,125.0,3 BHK,6197.322756569162
Ready To Move,Thigalarapalya,3122.0,6.0,2.0,235.0,4 BHK,7527.226137091608
Not Ready To Move,Ramagondanahalli,1635.0,3.0,1.0,62.0,3 BHK,3792.0489296636088
Not Ready To Move,Kanakpura Road,1296.0,2.0,1.0,89.0,2 BHK,6867.283950617284
Ready To Move,Budigere,1139.0,2.0,2.0,62.0,2 BHK,5443.371378402107
Not Ready To Move,CV Raman Nagar,1230.0,3.0,2.0,47.0,2 BHK,3821.1382113821137
Ready To Move,Basaveshwara Nagar Yelahanka,581.91,2.0,1.0,25.0,1 BHK,4296.197006409926
Not Ready To Move,Binny Pete,1245.0,2.0,1.0,86.28,2 BHK,6930.120481927711
Ready To Move,Sidedahalli,1158.0,2.0,2.0,85.0,3 BHK,7340.241796200346
Ready To Move,Marathahalli,3951.0,4.0,2.0,220.0,4 BHK,5568.2105796001015
Ready To Move,Electronic City,550.0,1.0,1.0,15.0,2 BHK,2727.2727272727275
Ready To Move,Ramamurthy Nagar,360.0,1.0,1.0,26.0,1 BHK,7222.222222222223
Ready To Move,Electronics City Phase 1,1350.0,3.0,1.0,55.0,3 BHK,4074.074074074074
Ready To Move,Green Glen Layout,1670.0,3.0,2.0,120.0,3 BHK,7185.62874251497
Ready To Move,Akshaya Nagar,1600.0,2.0,2.0,65.0,3 BHK,4062.5
Ready To Move,Horamavu Banaswadi,1307.0,2.0,2.0,51.6,2 BHK,3947.972456006121
Ready To Move,7th Phase JP Nagar,1050.0,2.0,1.0,57.0,3 BHK,5428.571428571428
Ready To Move,Hennur Road,1703.0,3.0,2.0,101.0,3 BHK,5930.710510863182
Ready To Move,Kaggalipura,1210.0,2.0,1.0,58.0,3 BHK,4793.388429752066
Not Ready To Move,Electronic City,1025.0,2.0,1.0,29.6,2 BHK,2887.8048780487807
Ready To Move,Haralur Road,1140.0,2.0,2.0,43.0,2 BHK,3771.9298245614036
Ready To Move,7th Phase JP Nagar,1343.0,2.0,2.0,56.41,3 BHK,4200.297840655249
Ready To Move,R.T. Nagar,1560.0,3.0,2.0,85.0,3 BHK,5448.717948717948
Not Ready To Move,Kalkere,925.0,2.0,2.0,51.0,2 BHK,5513.513513513513
Ready To Move,Kanakpura Road,1420.0,2.0,2.0,75.0,3 BHK,5281.69014084507
Ready To Move,1st Block Koramangala,1415.0,2.0,3.0,110.0,2 BHK,7773.851590106007
Ready To Move,Shree Ananth Nagar Layout,1210.0,2.0,2.0,60.0,2 BHK,4958.677685950413
Ready To Move,Yeshwanthpur,1852.0,3.0,2.0,160.0,3 BHK,8639.308855291576
Ready To Move,Hoskote,1250.0,3.0,2.0,50.0,3 BHK,4000.0
Not Ready To Move,9th Phase JP Nagar,1100.0,2.0,1.0,65.0,2 BHK,5909.090909090909
Ready To Move,2nd Phase Judicial Layout,1150.0,2.0,1.0,40.25,2 BHK,3500.0
Not Ready To Move,Jakkur,1100.0,2.0,1.0,53.35,2 BHK,4850.0
Ready To Move,Magadi Road,1350.0,1.0,0.0,100.0,2 BHK,7407.407407407408
Ready To Move,Panathur,1546.0,3.0,2.0,99.0,3 BHK,6403.622250970246
Ready To Move,Ambedkar Nagar,1424.0,2.0,2.0,90.0,2 BHK,6320.224719101124
Ready To Move,Bellandur,1398.0,3.0,1.0,68.0,3 BHK,4864.0915593705295
Ready To Move,Indira Nagar,1650.0,3.0,2.0,200.0,3 BHK,12121.212121212122
Ready To Move,HBR Layout,1200.0,4.0,0.0,120.0,4 BHK,10000.0
Ready To Move,Brookefield,1476.0,3.0,2.0,105.0,3 BHK,7113.821138211382
Ready To Move,Attiguppe,500.0,2.0,1.0,70.0,2 BHK,14000.0
Not Ready To Move,Magadi Road,1322.0,2.0,2.0,58.82,3 BHK,4449.3192133131615
Ready To Move,Srirampuram,432.0,2.0,1.0,40.0,2 BHK,9259.25925925926
Ready To Move,Yemlur,1100.0,2.0,2.0,55.0,2 BHK,5000.0
Ready To Move,Race Course Road,4750.0,5.0,2.0,600.0,4 BHK,12631.578947368422
Ready To Move,Sarjapur,1285.0,2.0,2.0,68.0,3 BHK,5291.828793774319
Ready To Move,Ambalipura,1150.0,2.0,2.0,80.0,2 BHK,6956.521739130435
Ready To Move,Thanisandra,1430.0,2.0,2.0,56.0,3 BHK,3916.083916083916
Ready To Move,Marathahalli,1350.0,2.0,2.0,62.0,3 BHK,4592.592592592592
Ready To Move,Gkvk Layout,1350.0,3.0,3.0,195.0,3 BHK,14444.444444444445
Ready To Move,Thubarahalli,1185.0,2.0,2.0,65.0,2 BHK,5485.232067510548
Ready To Move,Bannerghatta Road,1760.0,3.0,2.0,67.0,3 BHK,3806.818181818182
Ready To Move,Bank Of Baroda Colony,2400.0,5.0,2.0,350.0,4 BHK,14583.333333333334
Not Ready To Move,Kanakpura Road,900.0,2.0,1.0,41.0,2 BHK,4555.555555555556
Not Ready To Move,Kanakpura Road,1297.0,2.0,1.0,105.0,2 BHK,8095.605242868157
Ready To Move,Sector 1 HSR Layout,1840.0,3.0,2.0,155.0,3 BHK,8423.91304347826
Ready To Move,Ramamurthy Nagar,950.0,2.0,1.0,50.79,2 BHK,5346.315789473684
Ready To Move,Chikkabanavar,1200.0,4.0,1.0,70.0,5 BHK,5833.333333333333
Ready To Move,BTM 2nd Stage,950.0,2.0,1.0,52.0,2 BHK,5473.684210526316
Not Ready To Move,Electronic City,1571.0,3.0,2.0,89.0,3 BHK,5665.1814131126675
Ready To Move,Electronic City Phase II,1031.0,2.0,1.0,55.0,2 BHK,5334.62657613967
Not Ready To Move,Whitefield,1485.0,2.0,1.0,90.0,2 BHK,6060.606060606061
Not Ready To Move,Ananth Nagar,1109.0,2.0,1.0,60.0,2 BHK,5410.279531109108
Ready To Move,Koramangala,2200.0,3.0,2.0,180.0,3 BHK,8181.818181818182
Not Ready To Move,Whitefield,950.0,1.0,1.0,50.0,1 BHK,5263.1578947368425
Ready To Move,Laggere,1200.0,2.0,0.0,150.0,3 BHK,12500.0
Not Ready To Move,Hosa Road,1161.0,2.0,1.0,55.15,2 BHK,4750.215331610681
Ready To Move,Basavangudi,2350.0,3.0,3.0,300.0,3 BHK,12765.95744680851
Not Ready To Move,Electronic City Phase II,1003.0,2.0,1.0,40.6,2 BHK,4047.8564307078764
Ready To Move,Bank Of Baroda Colony,1350.0,2.0,1.0,185.0,2 BHK,13703.703703703704
Not Ready To Move,9th Phase JP Nagar,1080.0,2.0,2.0,37.0,2 BHK,3425.925925925926
Ready To Move,Hulimavu,1255.0,2.0,2.0,73.0,2 BHK,5816.733067729084
Ready To Move,Banaswadi,1250.0,2.0,0.0,60.0,2 BHK,4800.0
Ready To Move,Brookefield,1700.0,4.0,1.0,152.0,4 BHK,8941.176470588236
Ready To Move,Ramamurthy Nagar,1200.0,2.0,0.0,66.0,3 BHK,5500.0
Ready To Move,St. John's Road,824.0,2.0,0.0,60.0,2 BHK,7281.553398058252
Ready To Move,1st Phase JP Nagar,1875.0,3.0,1.0,167.0,3 BHK,8906.666666666666
Not Ready To Move,Bommasandra Industrial Area,1320.0,2.0,1.0,38.12,3 BHK,2887.8787878787875
Ready To Move,Kothanur,9600.0,5.0,2.0,550.0,5 BHK,5729.166666666667
Ready To Move,Uttarahalli,1330.0,2.0,1.0,47.0,3 BHK,3533.8345864661655
Ready To Move,Kaikondrahalli,1220.0,3.0,2.0,56.0,3 BHK,4590.163934426229
Not Ready To Move,Electronic City,1111.0,3.0,1.0,50.0,3 BHK,4500.450045004501
Ready To Move,Kothannur,1197.0,2.0,1.0,47.88,2 BHK,4000.0
Ready To Move,Marathahalli,2519.0,5.0,2.0,185.0,4 BHK,7344.184200079397
Not Ready To Move,Doopanahalli,1340.0,2.0,1.0,100.0,3 BHK,7462.686567164179
Ready To Move,Old Madras Road,1450.0,3.0,3.0,132.0,4 BHK,9103.448275862069
Not Ready To Move,Hoodi,1837.0,3.0,3.0,145.0,3 BHK,7893.304300489929
Ready To Move,Haralur Road,1200.0,4.0,2.0,245.0,4 BHK,20416.666666666668
Ready To Move,Kudlu Gate,1238.0,2.0,3.0,55.0,2 BHK,4442.64943457189
Ready To Move,7th Phase JP Nagar,1405.0,2.0,2.0,59.01,3 BHK,4200.0
Ready To Move,Doddaballapur,1690.0,3.0,2.0,80.0,4 BHK,4733.7278106508875
Ready To Move,Sathanur,1620.0,2.0,1.0,110.0,3 BHK,6790.123456790124
Ready To Move,Kanakpura Road,1673.0,3.0,2.0,115.0,3 BHK,6873.879258816497
Ready To Move,Margondanahalli,1090.0,2.0,0.0,58.0,2 BHK,5321.100917431193
Ready To Move,Varthur,1112.0,2.0,2.0,40.0,2 BHK,3597.122302158273
Ready To Move,Marathahalli,1385.0,2.0,2.0,66.65,3 BHK,4812.274368231047
Ready To Move,Electronic City Phase II,545.0,1.0,1.0,27.0,2 BHK,4954.128440366972
Ready To Move,Subramanyapura,985.0,2.0,1.0,58.0,2 BHK,5888.324873096447
Ready To Move,Kanakpura Road,1080.0,2.0,1.0,37.8,2 BHK,3499.9999999999995
Not Ready To Move,Hosa Road,1430.0,2.0,1.0,97.52,2 BHK,6819.580419580419
Ready To Move,Kengeri Satellite Town,1050.0,2.0,2.0,43.0,2 BHK,4095.2380952380954
Ready To Move,Kumaraswami Layout,2000.0,4.0,1.0,139.0,4 BHK,6950.0
Ready To Move,Banashankari Stage VI,4800.0,4.0,3.0,190.0,4 BHK,3958.3333333333335
Ready To Move,ITI Layout,1533.0,3.0,2.0,115.0,3 BHK,7501.630789302022
Ready To Move,Ramamohanapuram,2800.0,3.0,2.0,500.0,4 BHK,17857.14285714286
Ready To Move,Malleshwaram,2610.0,3.0,2.0,399.0,3 BHK,15287.356321839081
Ready To Move,Lakshminarayana Pura,1750.0,3.0,2.0,150.0,3 BHK,8571.42857142857
Ready To Move,TC Palaya,1200.0,2.0,0.0,66.0,3 BHK,5500.0
Ready To Move,Prithvi Layout,1352.0,2.0,2.0,87.5,2 BHK,6471.89349112426
Ready To Move,Harlur,1754.0,3.0,2.0,125.0,3 BHK,7126.567844925884
Ready To Move,Tejaswini Nagar,1560.0,3.0,2.0,85.0,3 BHK,5448.717948717948
Not Ready To Move,Bannerghatta,3012.0,6.0,2.0,268.0,4 BHK,8897.742363877822
Ready To Move,Whitefield,3584.0,4.0,2.0,199.0,4 BHK,5552.455357142857
Ready To Move,Channasandra,1470.0,2.0,1.0,90.0,3 BHK,6122.448979591837
Ready To Move,9th Phase JP Nagar,1035.0,2.0,1.0,45.0,2 BHK,4347.826086956522
Ready To Move,Whitefield,2400.0,5.0,2.0,329.0,4 BHK,13708.333333333334
Ready To Move,Kammanahalli,1160.0,2.0,1.0,52.0,2 BHK,4482.758620689655
Ready To Move,Jakkur,1100.0,2.0,2.0,52.0,2 BHK,4727.272727272727
Ready To Move,Horamavu Agara,1170.0,2.0,1.0,38.0,2 BHK,3247.863247863248
Not Ready To Move,Bannerghatta Road,595.0,1.0,1.0,31.83,1 BHK,5349.579831932773
Ready To Move,HSR Layout,1650.0,3.0,2.0,110.0,3 BHK,6666.666666666667
Ready To Move,1st Block Jayanagar,1875.0,2.0,3.0,235.0,3 BHK,12533.333333333334
Ready To Move,Kamakshipalya,800.0,4.0,1.0,80.0,4 BHK,10000.0
Ready To Move,kanakapura road,1375.0,2.0,3.0,48.06,3 BHK,3495.2727272727275
Not Ready To Move,Ramagondanahalli,1235.0,2.0,1.0,46.8,2 BHK,3789.4736842105262
Ready To Move,Kaveri Nagar,750.0,1.0,2.0,25.0,1 BHK,3333.3333333333335
Ready To Move,7th Phase JP Nagar,1400.0,3.0,1.0,115.0,3 BHK,8214.285714285714
Ready To Move,Poorna Pragna Layout,1270.0,2.0,2.0,50.79,3 BHK,3999.212598425197
Not Ready To Move,Bannerghatta Road,1105.0,2.0,1.0,51.0,2 BHK,4615.384615384615
Ready To Move,Sundar Ram Shetty Nagar,1375.0,2.0,3.0,85.0,3 BHK,6181.818181818182
Ready To Move,Attibele,2168.0,4.0,2.0,95.0,4 BHK,4381.918819188192
Ready To Move,Yelahanka,1065.0,2.0,1.0,40.84,2 BHK,3834.7417840375592
Ready To Move,Sector 6 HSR Layout,3800.0,3.0,0.0,580.0,3 BHK,15263.157894736842
Ready To Move,Whitefield,825.0,1.0,1.0,45.0,1 BHK,5454.545454545455
Ready To Move,Nelamangala,1095.0,2.0,0.0,40.0,2 BHK,3652.9680365296804
Ready To Move,Ganga Nagar,720.0,3.0,3.0,65.0,3 BHK,9027.777777777777
Not Ready To Move,Udayapur Village,1440.0,2.0,2.0,60.33,3 BHK,4189.583333333333
Ready To Move,Electronic City,870.0,2.0,1.0,39.5,2 BHK,4540.229885057472
Ready To Move,Panathur,1195.0,2.0,1.0,84.0,2 BHK,7029.28870292887
Ready To Move,"Kirloskar layout, Basaveshwarnagar",1200.0,2.0,1.0,49.5,2 BHK,4125.0
Ready To Move,Raja Rajeshwari Nagar,1530.0,3.0,3.0,61.2,3 BHK,4000.0
Not Ready To Move,Padmanabhanagar,1708.0,2.0,1.0,90.5,3 BHK,5298.594847775175
Ready To Move,Alfa Garden Layout,975.0,2.0,1.0,43.0,2 BHK,4410.25641025641
Ready To Move,KR Puram,750.0,2.0,1.0,25.0,2 BHK,3333.3333333333335
Not Ready To Move,Iblur Village,1920.0,3.0,2.0,130.0,3 BHK,6770.833333333333
Not Ready To Move,Thanisandra,1183.0,2.0,1.0,58.56,2 BHK,4950.126796280642
Ready To Move,Kothanur,1140.0,4.0,1.0,90.0,4 BHK,7894.736842105263
Ready To Move,Mico Layout,1550.0,2.0,2.0,65.0,3 BHK,4193.548387096775
Ready To Move,Kaggadasapura,1110.0,2.0,3.0,53.0,2 BHK,4774.774774774774
Ready To Move,Kaggadasapura,1105.0,2.0,1.0,38.67,2 BHK,3499.547511312217
Ready To Move,Anekal,1800.0,3.0,2.0,68.0,3 BHK,3777.777777777778
Ready To Move,2nd Phase JP Nagar,2800.0,4.0,2.0,200.0,5 BHK,7142.857142857143
Not Ready To Move,Bommanahalli,1000.0,2.0,2.0,29.9,2 BHK,2990.0
Ready To Move,Prithvi Layout,1190.0,2.0,2.0,68.0,2 BHK,5714.285714285715
Ready To Move,2nd Stage Nagarbhavi,1350.0,4.0,1.0,200.0,4 BHK,14814.814814814816
Not Ready To Move,Hebbal,3067.0,4.0,2.0,230.0,4 BHK,7499.184871209651
Not Ready To Move,Sarjapur  Road,1929.0,4.0,1.0,103.0,3 BHK,5339.554173146708
Ready To Move,Ramamurthy Nagar,1525.0,3.0,1.0,100.0,3 BHK,6557.377049180328
Ready To Move,Nehru Nagar,1775.0,3.0,3.0,110.0,3 BHK,6197.183098591549
Ready To Move,Banashankari,1125.0,2.0,1.0,63.0,2 BHK,5600.0
Ready To Move,Hessarghatta,900.0,2.0,2.0,42.0,2 BHK,4666.666666666667
Not Ready To Move,Sarjapur  Road,1155.0,2.0,1.0,58.0,2 BHK,5021.645021645022
Ready To Move,Hulimavu,1200.0,4.0,0.0,75.0,4 BHK,6250.0
Ready To Move,Sonnenahalli,1268.0,2.0,1.0,73.0,2 BHK,5757.097791798107
Ready To Move,Hoodi Layout,1500.0,3.0,2.0,88.0,3 BHK,5866.666666666667
Not Ready To Move,Electronic City,630.0,1.0,1.0,47.0,1 BHK,7460.31746031746
Ready To Move,Seegehalli,1525.0,3.0,2.0,65.0,3 BHK,4262.295081967213
Ready To Move,Kaggadasapura,1060.0,2.0,2.0,48.0,2 BHK,4528.301886792453
Ready To Move,Lingadheeranahalli,1687.0,3.0,3.0,127.0,3 BHK,7528.156490812093
Ready To Move,Thanisandra,1847.0,3.0,2.0,123.0,3 BHK,6659.447753113156
Ready To Move,Begur Road,1410.0,2.0,3.0,53.0,3 BHK,3758.8652482269504
Ready To Move,7th Phase JP Nagar,1075.0,2.0,1.0,42.99,2 BHK,3999.0697674418607
Ready To Move,Rajaji Nagar,3526.0,4.0,2.0,492.0,4 BHK,13953.488372093023
Ready To Move,BTM Layout,3000.0,3.0,0.0,338.0,3 BHK,11266.666666666666
Not Ready To Move,Basavangudi,1500.0,2.0,1.0,143.0,3 BHK,9533.333333333334
Ready To Move,Gaundanapalya,1010.0,2.0,2.0,46.0,2 BHK,4554.455445544554
Not Ready To Move,Haralur Road,1875.0,3.0,3.0,110.0,3 BHK,5866.666666666667
Ready To Move,Arasanakunte,1200.0,6.0,2.0,137.0,5 BHK,11416.666666666666
Not Ready To Move,Kanakpura Road,983.0,2.0,1.0,50.6,2 BHK,5147.5076297049845
Ready To Move,Kasturi Nagar,1101.0,2.0,2.0,65.0,2 BHK,5903.723887375114
Ready To Move,Laxmi Sagar Layout,1140.0,2.0,1.0,76.0,2 BHK,6666.666666666667
Ready To Move,Sarjapur  Road,1215.0,2.0,2.0,110.0,2 BHK,9053.497942386832
Ready To Move,Kengeri Satellite Town,1007.0,2.0,3.0,42.0,2 BHK,4170.8043694141015
Ready To Move,Bellandur,2039.0,3.0,2.0,168.0,3 BHK,8239.333006375675
Ready To Move,Ulsoor,1020.0,3.0,2.0,110.0,3 BHK,10784.313725490196
Ready To Move,Outer Ring Road East,1198.0,2.0,1.0,84.0,2 BHK,7011.686143572621
Ready To Move,5th block Koramangala,4000.0,4.0,1.0,520.0,4 BHK,13000.0
Ready To Move,Nelamangala,1470.0,4.0,2.0,34.5,4 BHK,2346.938775510204
Ready To Move,JakkurYelahanka,1370.0,2.0,2.0,75.0,2 BHK,5474.4525547445255
Ready To Move,Yemlur,1316.0,2.0,3.0,55.5,2 BHK,4217.325227963526
Ready To Move,Kaggadasapura,1350.0,3.0,1.0,55.5,3 BHK,4111.111111111111
Not Ready To Move,Gunjur Palya,1050.0,2.0,1.0,43.0,2 BHK,4095.2380952380954
Ready To Move,Electronic City,921.0,2.0,1.0,34.0,2 BHK,3691.6395222584147
Ready To Move,Kundalahalli,1010.0,2.0,1.0,49.27,2 BHK,4878.217821782178
Not Ready To Move,KR Puram,1015.0,2.0,1.0,43.0,2 BHK,4236.453201970443
Ready To Move,TC Palaya,1200.0,2.0,0.0,66.5,3 BHK,5541.666666666667
Ready To Move,Lakshminarayana Pura,1179.0,2.0,1.0,75.0,2 BHK,6361.323155216285
Ready To Move,Anjanapura,1850.0,4.0,2.0,86.0,4 BHK,4648.648648648648
Ready To Move,Kammasandra,870.0,2.0,1.0,24.0,2 BHK,2758.6206896551726
Ready To Move,Bellandur,1605.0,3.0,2.0,85.0,3 BHK,5295.95015576324
Ready To Move,Banashankari Stage VI,2800.0,4.0,2.0,89.0,4 BHK,3178.5714285714284
Ready To Move,Malleshwaram,2475.0,4.0,3.0,320.0,3 BHK,12929.29292929293
Ready To Move,Ngef Layout,3000.0,2.0,0.0,510.0,2 BHK,17000.0
Ready To Move,2nd Phase JP Nagar,1000.0,1.0,1.0,55.0,2 BHK,5500.0
Ready To Move,Ramamurthy Nagar,1200.0,2.0,0.0,80.0,2 BHK,6666.666666666667
Ready To Move,Manjunatha Layout,1200.0,2.0,2.0,125.0,2 BHK,10416.666666666666
Not Ready To Move,Kammasandra,1200.0,2.0,1.0,66.0,2 BHK,5500.0
Ready To Move,Kashi Nagar,1200.0,2.0,2.0,50.0,2 BHK,4166.666666666667
Ready To Move,Hennur,1255.0,2.0,1.0,57.5,2 BHK,4581.673306772908
Ready To Move,Hosur Road,1085.0,2.0,2.0,30.38,2 BHK,2800.0
Not Ready To Move,Kanakpura Road,1592.0,3.0,2.0,125.0,3 BHK,7851.75879396985
Not Ready To Move,B Narayanapura,1313.0,2.0,1.0,58.27,2 BHK,4437.928408225438
Not Ready To Move,Kogilu,1934.0,3.0,2.0,150.0,3 BHK,7755.946225439504
Ready To Move,Harlur,1200.0,2.0,1.0,49.5,2 BHK,4125.0
Not Ready To Move,Old Madras Road,935.0,2.0,1.0,45.0,2 BHK,4812.834224598931
Ready To Move,Bommasandra,877.0,2.0,2.0,30.0,2 BHK,3420.752565564424
Ready To Move,Ashwathnagar,936.0,2.0,2.0,42.0,2 BHK,4487.179487179487
Ready To Move,Nagasandra,1470.0,2.0,2.0,110.0,3 BHK,7482.993197278912
Ready To Move,Upkar Layout,1050.0,1.0,1.0,70.0,1 BHK,6666.666666666667
Not Ready To Move,Hennur Road,1232.0,2.0,0.0,69.61,2 BHK,5650.162337662337
Ready To Move,Ambedkar Nagar,2225.0,4.0,2.0,169.0,3 BHK,7595.505617977528
Ready To Move,Sunkadakatte,1200.0,2.0,0.0,80.0,3 BHK,6666.666666666667
Ready To Move,Dasarahalli,1901.0,3.0,2.0,119.0,3 BHK,6259.863229879011
Not Ready To Move,Sarjapur  Road,1819.0,3.0,2.0,100.0,3 BHK,5497.526113249038
Ready To Move,HOSUR MAIN ROAD,1464.0,3.0,2.0,56.0,3 BHK,3825.136612021858
Ready To Move,9th Phase JP Nagar,5000.0,4.0,3.0,290.0,4 BHK,5800.0
Ready To Move,Someshwara Layout,1200.0,4.0,3.0,169.0,4 BHK,14083.333333333334
Ready To Move,Kacharakanahalli,1256.0,2.0,1.0,60.0,2 BHK,4777.070063694267
Ready To Move,7th Phase JP Nagar,1100.0,2.0,2.0,44.0,2 BHK,4000.0
Ready To Move,TC Palaya,4800.0,3.0,3.0,302.0,4 BHK,6291.666666666667
Ready To Move,Kothanur,1435.0,3.0,3.0,70.0,3 BHK,4878.048780487805
Ready To Move,6th Phase JP Nagar,3245.0,4.0,2.0,250.0,4 BHK,7704.160246533128
Ready To Move,Sarjapur  Road,1845.0,4.0,1.0,110.0,3 BHK,5962.059620596206
Ready To Move,Jigani,2400.0,4.0,1.0,130.0,3 BHK,5416.666666666667
Ready To Move,HSR Layout,1140.0,2.0,2.0,46.0,2 BHK,4035.0877192982457
Not Ready To Move,Ulsoor,1200.0,2.0,0.0,60.0,2 BHK,5000.0
Not Ready To Move,Talaghattapura,2254.0,3.0,2.0,170.0,3 BHK,7542.147293700089
Ready To Move,Frazer Town,1750.0,3.0,2.0,150.0,3 BHK,8571.42857142857
Ready To Move,Jalahalli West,1020.0,2.0,1.0,37.0,2 BHK,3627.450980392157
Ready To Move,Bommanahalli,515.0,1.0,1.0,25.0,1 BHK,4854.368932038835
Ready To Move,Lingadheeranahalli,1893.0,3.0,2.0,140.0,3 BHK,7395.66825145272
Ready To Move,Vasanth nagar,3025.0,3.0,0.0,500.0,3 BHK,16528.92561983471
Ready To Move,Suddaguntepalya,830.0,2.0,0.0,34.0,2 BHK,4096.385542168675
Ready To Move,Singasandra,600.0,2.0,1.0,36.5,2 BHK,6083.333333333333
Ready To Move,Bisuvanahalli,1075.0,2.0,1.0,90.0,3 BHK,8372.093023255815
Ready To Move,Kathreguppe,3200.0,4.0,2.0,1200.0,4 BHK,37500.0
Ready To Move,Kasavanhalli,1200.0,2.0,1.0,78.0,2 BHK,6500.0
Not Ready To Move,Sarjapur  Road,1233.0,2.0,2.0,77.65,2 BHK,6297.6480129764805
Ready To Move,Bannerghatta Road,1255.0,2.0,2.0,65.26,2 BHK,5200.000000000001
Ready To Move,Begur Road,1200.0,2.0,2.0,37.8,2 BHK,3149.9999999999995
Ready To Move,Varthur,2145.0,3.0,2.0,175.0,3 BHK,8158.508158508159
Ready To Move,1st Phase JP Nagar,1500.0,5.0,2.0,85.0,5 BHK,5666.666666666667
Ready To Move,Kothannur,740.0,2.0,1.0,34.0,2 BHK,4594.594594594595
Ready To Move,Kengeri,1250.0,3.0,3.0,48.0,3 BHK,3840.0
Ready To Move,Channasandra Layout,1210.0,2.0,2.0,40.0,2 BHK,3305.785123966942
Ready To Move,Sarjapur  Road,1525.0,2.0,2.0,60.0,3 BHK,3934.4262295081967
Ready To Move,Kogilu,540.0,1.0,0.0,36.0,1 BHK,6666.666666666667
Ready To Move,Tumkur Road,1240.0,2.0,1.0,84.0,3 BHK,6774.193548387097
Ready To Move,Subramanyapura,1245.0,2.0,1.0,68.0,3 BHK,5461.847389558233
Ready To Move,HAL 3rd Stage,1865.0,3.0,3.0,350.0,3 BHK,18766.756032171583
Ready To Move,Bisuvanahalli,1075.0,2.0,1.0,35.99,3 BHK,3347.906976744186
Not Ready To Move,Nagavara,2200.0,2.0,1.0,55.0,2 BHK,2500.0
Ready To Move,Whitefield,1155.0,2.0,1.0,60.0,2 BHK,5194.805194805195
Ready To Move,Doctors Layout,1520.0,2.0,3.0,62.0,2 BHK,4078.9473684210525
Ready To Move,Thigalarapalya,3122.0,6.0,2.0,245.0,4 BHK,7847.533632286995
Ready To Move,Harlur,1290.0,2.0,1.0,85.0,2 BHK,6589.147286821705
Ready To Move,1st Block HRBR Layout,2300.0,3.0,2.0,80.0,3 BHK,3478.2608695652175
Ready To Move,Kannamangala,3000.0,4.0,0.0,200.0,4 BHK,6666.666666666667
Ready To Move,Austin Town,400.0,1.0,0.0,14.0,1 BHK,3500.0
Ready To Move,Banashankari,1340.0,2.0,3.0,53.6,3 BHK,4000.0
Ready To Move,Malleshwaram,900.0,2.0,1.0,95.0,2 BHK,10555.555555555555
Ready To Move,Hennur Road,987.0,2.0,1.0,49.0,2 BHK,4964.5390070921985
Ready To Move,Old Madras Road,1720.0,3.0,2.0,100.0,3 BHK,5813.953488372093
Ready To Move,Hebbal,1040.0,2.0,1.0,50.0,2 BHK,4807.692307692308
Ready To Move,Anandapura,900.0,2.0,0.0,64.0,2 BHK,7111.111111111111
Ready To Move,Raja Rajeshwari Nagar,1030.0,2.0,1.0,50.0,2 BHK,4854.368932038835
Ready To Move,Neeladri Nagar,2556.0,3.0,2.0,133.0,3 BHK,5203.442879499217
Ready To Move,Basavangudi,1850.0,3.0,1.0,168.0,3 BHK,9081.081081081082
Ready To Move,Kaval Byrasandra,750.0,4.0,3.0,110.0,4 BHK,14666.666666666666
Not Ready To Move,Balagere,1028.0,2.0,1.0,31.86,2 BHK,3099.2217898832687
Ready To Move,7th Phase JP Nagar,1270.0,2.0,1.0,83.0,2 BHK,6535.433070866142
Not Ready To Move,Sahakara Nagar,1655.0,3.0,1.0,115.0,3 BHK,6948.640483383686
Ready To Move,Electronics City Phase 1,940.0,2.0,1.0,40.0,2 BHK,4255.31914893617
Ready To Move,Domlur,1050.0,2.0,2.0,85.0,2 BHK,8095.238095238095
Ready To Move,Rajagopala Nagar,600.0,4.0,1.0,40.0,4 BHK,6666.666666666667
Not Ready To Move,Vishwapriya Nagar,946.0,2.0,1.0,38.0,2 BHK,4016.913319238901
Ready To Move,CV Raman Nagar,1726.0,3.0,3.0,145.0,3 BHK,8400.92699884125
Ready To Move,Sarakki Nagar,2121.0,4.0,3.0,253.0,3 BHK,11928.335690711929
Ready To Move,Vittasandra,1404.0,2.0,1.0,75.0,2 BHK,5341.880341880342
Ready To Move,Sarjapur,1525.0,2.0,2.0,48.0,3 BHK,3147.5409836065573
Ready To Move,Kengeri,1025.0,2.0,2.0,57.0,2 BHK,5560.975609756098
Ready To Move,Bahubali Nagar,1575.0,4.0,0.0,150.0,5 BHK,9523.809523809523
Ready To Move,RMV 2nd Stage,860.0,1.0,1.0,43.0,2 BHK,5000.0
Ready To Move,Talaghattapura,1223.0,2.0,1.0,42.81,3 BHK,3500.408830744072
Ready To Move,Lottegolla Halli,3750.0,3.0,2.0,550.0,4 BHK,14666.666666666666
Ready To Move,Kothannur,1197.0,2.0,1.0,47.8,2 BHK,3993.316624895572
Ready To Move,Garudachar Palya,1150.0,2.0,1.0,52.75,2 BHK,4586.95652173913
Ready To Move,Kodbisanhalli,4800.0,5.0,3.0,629.0,4 BHK,13104.166666666666
Ready To Move,R.T. Nagar,1040.0,2.0,2.0,46.0,2 BHK,4423.076923076923
Not Ready To Move,Banashankari,1310.0,2.0,2.0,80.0,2 BHK,6106.8702290076335
Ready To Move,Uttarahalli,1788.0,3.0,2.0,98.34,3 BHK,5500.0
Ready To Move,Raja Rajeshwari Nagar,1144.0,2.0,2.0,38.55,2 BHK,3369.7552447552443
Not Ready To Move,Anjanapura,1070.0,2.0,2.0,39.0,2 BHK,3644.8598130841124
Ready To Move,Nandini Layout,1200.0,2.0,2.0,70.0,2 BHK,5833.333333333333
Ready To Move,Ambedkar Nagar,1862.0,3.0,2.0,120.0,3 BHK,6444.68313641246
Ready To Move,Margondanahalli,1200.0,2.0,1.0,58.5,2 BHK,4875.0
Ready To Move,Begur Road,970.0,2.0,2.0,27.0,2 BHK,2783.505154639175
Not Ready To Move,Kasavanhalli,1646.0,3.0,2.0,79.5,3 BHK,4829.890643985419
Ready To Move,Sarjapur  Road,4395.0,4.0,2.0,242.0,4 BHK,5506.257110352673
Ready To Move,Vibhutipura Extension,1200.0,4.0,1.0,100.0,5 BHK,8333.333333333334
Not Ready To Move,Iblur Village,1995.0,3.0,2.0,135.0,3 BHK,6766.917293233083
Ready To Move,1st Block Jayanagar,2400.0,4.0,2.0,450.0,4 BHK,18750.0
Not Ready To Move,Hosakerehalli,1085.0,2.0,1.0,47.74,2 BHK,4400.0
Ready To Move,Budigere,1139.0,2.0,2.0,56.8,2 BHK,4986.830553116769
Ready To Move,Haralur Road,1092.0,2.0,2.0,44.0,2 BHK,4029.3040293040294
Ready To Move,Pattandur Agrahara,1767.0,3.0,2.0,98.0,3 BHK,5546.1233729485
Ready To Move,HMT Layout,1700.0,3.0,2.0,80.0,3 BHK,4705.882352941177
Ready To Move,Bellandur,1692.0,3.0,2.0,88.0,3 BHK,5200.945626477542
Ready To Move,6th Phase JP Nagar,1645.0,3.0,3.0,100.0,3 BHK,6079.0273556231
Ready To Move,Uttarahalli,1345.0,2.0,1.0,57.0,3 BHK,4237.918215613383
Ready To Move,Basapura,1100.0,2.0,1.0,60.0,2 BHK,5454.545454545455
Ready To Move,Gollarapalya Hosahalli,1408.0,3.0,3.0,62.0,3 BHK,4403.409090909091
Ready To Move,Banashankari Stage III,2400.0,4.0,1.0,240.0,4 BHK,10000.0
Ready To Move,Kadugodi,1920.0,4.0,2.0,200.0,4 BHK,10416.666666666666
Ready To Move,Bileshivale,6040.0,4.0,2.0,170.0,5 BHK,2814.569536423841
Ready To Move,Thigalarapalya,2072.0,4.0,2.0,150.0,3 BHK,7239.382239382239
Ready To Move,Malleshwaram,1420.0,2.0,1.0,158.0,2 BHK,11126.760563380281
Ready To Move,Electronics City Phase 1,2040.0,3.0,2.0,137.0,3 BHK,6715.686274509804
Ready To Move,Sarjapur  Road,1220.0,3.0,2.0,56.0,3 BHK,4590.163934426229
Ready To Move,8th Phase JP Nagar,1200.0,4.0,2.0,145.0,4 BHK,12083.333333333334
Ready To Move,B Channasandra,1300.0,2.0,1.0,79.0,2 BHK,6076.923076923077
Not Ready To Move,Electronics City Phase 1,1150.0,2.0,2.0,39.0,2 BHK,3391.304347826087
Ready To Move,KR Puram,1470.0,2.0,2.0,86.0,2 BHK,5850.340136054422
Not Ready To Move,Hosa Road,1063.0,2.0,1.0,31.9,2 BHK,3000.9407337723424
Ready To Move,Harappanahalli,1311.0,2.0,2.0,48.0,2 BHK,3661.3272311212813
Ready To Move,Dollars Colony,3500.0,4.0,3.0,350.0,4 BHK,10000.0
Ready To Move,Nagarbhavi,600.0,2.0,1.0,100.0,4 BHK,16666.666666666668
Ready To Move,Arehalli,1400.0,2.0,2.0,55.0,3 BHK,3928.5714285714284
Not Ready To Move,Kanakpura Road,2200.0,2.0,0.0,62.0,2 BHK,2818.181818181818
Ready To Move,Thanisandra,1430.0,2.0,2.0,56.0,3 BHK,3916.083916083916
Ready To Move,Vidyaranyapura,1060.0,2.0,2.0,55.0,2 BHK,5188.679245283019
Ready To Move,Cambridge  road,1000.0,2.0,0.0,110.0,3 BHK,11000.0
Ready To Move,Sector 7 HSR Layout,1760.0,3.0,2.0,145.0,3 BHK,8238.636363636364
Ready To Move,Whitefield,2010.0,3.0,3.0,92.0,3 BHK,4577.114427860696
Ready To Move,Kanakpura Road,1480.0,2.0,2.0,64.23,3 BHK,4339.864864864865
Not Ready To Move,8th Phase JP Nagar,1230.0,2.0,2.0,43.5,3 BHK,3536.5853658536585
Ready To Move,Gottigere,1300.0,3.0,3.0,65.0,3 BHK,5000.0
Ready To Move,Vajarahalli,800.0,4.0,0.0,120.0,4 BHK,15000.0
Ready To Move,Frazer Town,4850.0,6.0,2.0,385.0,4 BHK,7938.144329896907
Ready To Move,Singasandra,1100.0,2.0,1.0,52.0,2 BHK,4727.272727272727
Ready To Move,Harlur,1752.12,3.0,2.0,116.0,3 BHK,6620.551103805676
Ready To Move,Marathahalli,957.0,2.0,1.0,46.9,2 BHK,4900.73145245559
Ready To Move,Hennur Gardens,1942.0,3.0,2.0,102.0,3 BHK,5252.317198764161
Ready To Move,Ashirvad Colony,1000.0,2.0,2.0,53.0,2 BHK,5300.0
Ready To Move,Yeshwanthpur,668.0,1.0,1.0,36.85,1 BHK,5516.4670658682635
Ready To Move,Cholanayakanahalli,3000.0,6.0,3.0,1000.0,5 BHK,33333.333333333336
Ready To Move,Nagarbhavi,600.0,2.0,1.0,80.0,3 BHK,13333.333333333334
Ready To Move,Uttarahalli,1089.0,2.0,1.0,43.55,2 BHK,3999.0817263544536
Ready To Move,Thanisandra,1800.0,3.0,3.0,90.0,3 BHK,5000.0
Ready To Move,Yelahanka New Town,960.0,2.0,1.0,18.0,1 BHK,1875.0
Ready To Move,Yelahanka,1036.0,2.0,3.0,39.35,2 BHK,3798.262548262548
Ready To Move,Marathahalli,1583.0,3.0,3.0,105.0,3 BHK,6632.975363234365
Ready To Move,7th Phase JP Nagar,3300.0,4.0,0.0,150.0,4 BHK,4545.454545454545
Ready To Move,Padmanabhanagar,1100.0,2.0,2.0,65.0,2 BHK,5909.090909090909
Ready To Move,Thyagaraja Nagar,800.0,1.0,1.0,100.0,1 BHK,12500.0
Ready To Move,Vittasandra,1246.0,2.0,1.0,65.0,2 BHK,5216.69341894061
Ready To Move,Dodda Nekkundi,850.0,2.0,3.0,28.0,2 BHK,3294.1176470588234
Ready To Move,Raja Rajeshwari Nagar,1196.0,2.0,2.0,51.51,2 BHK,4306.8561872909695
Ready To Move,Thanisandra,1697.0,3.0,2.0,114.0,3 BHK,6717.737183264585
Ready To Move,TC Palaya,1000.0,2.0,0.0,64.0,2 BHK,6400.0
Ready To Move,HRBR Layout,1567.0,3.0,3.0,90.0,3 BHK,5743.458838544991
Not Ready To Move,Anekal,1200.0,1.0,1.0,36.0,2 BHK,3000.0
Ready To Move,Sarjapur  Road,3750.0,6.0,3.0,290.0,4 BHK,7733.333333333333
Ready To Move,Veerannapalya,950.0,2.0,2.0,45.0,2 BHK,4736.8421052631575
Ready To Move,Howthinarayanappa Garden,1022.0,2.0,2.0,52.0,2 BHK,5088.062622309198
Ready To Move,Kammasandra,1018.0,2.0,0.0,23.45,2 BHK,2303.5363457760313
Ready To Move,Basavanagara,2000.0,3.0,2.0,25.0,4 BHK,1250.0
Ready To Move,Bharathi Nagar,1322.0,2.0,2.0,68.0,2 BHK,5143.721633888048
Ready To Move,Marsur,1800.0,4.0,2.0,145.0,4 BHK,8055.555555555556
Ready To Move,Doddakallasandra,1460.0,2.0,2.0,58.39,3 BHK,3999.3150684931506
Not Ready To Move,SRINIVASAPURA,990.0,2.0,1.0,44.55,2 BHK,4500.0
Ready To Move,Cambridge Layout,2400.0,3.0,1.0,260.0,3 BHK,10833.333333333334
Ready To Move,Whitefield,1635.0,2.0,2.0,85.0,3 BHK,5198.7767584097855
Ready To Move,Rajaji Nagar,3526.0,4.0,1.0,558.0,4 BHK,15825.2977878616
Ready To Move,Padmanabhanagar,3400.0,3.0,1.0,210.0,4 BHK,6176.470588235294
Ready To Move,Ramakrishnappa Layout,2770.0,3.0,1.0,460.0,3 BHK,16606.49819494585
Ready To Move,Maragondanahalli,1533.0,3.0,2.0,85.0,3 BHK,5544.683626875408
Ready To Move,Akshaya Nagar,1720.0,3.0,1.0,134.0,3 BHK,7790.697674418605
Ready To Move,Frazer Town,2000.0,3.0,1.0,200.0,3 BHK,10000.0
Not Ready To Move,Yeshwanthpur,1185.0,2.0,2.0,75.84,2 BHK,6400.0
Not Ready To Move,Varthur Road,900.0,2.0,1.0,27.0,2 BHK,3000.0
Ready To Move,Attibele,395.0,1.0,1.0,10.25,1 BHK,2594.9367088607596
Ready To Move,Electronic City Phase II,1031.0,2.0,1.0,56.35,2 BHK,5465.56741028128
Ready To Move,Thanisandra,2650.0,4.0,2.0,240.0,4 BHK,9056.603773584906
Ready To Move,Basaveshwara Nagar,2400.0,5.0,1.0,415.0,5 BHK,17291.666666666668
Ready To Move,Uttarahalli,1330.0,2.0,2.0,46.55,3 BHK,3500.0
Ready To Move,Hennur,1259.0,2.0,2.0,57.0,2 BHK,4527.4027005559965
Ready To Move,Raja Rajeshwari Nagar,1570.0,3.0,2.0,88.0,3 BHK,5605.095541401274
Ready To Move,Bisuvanahalli,1075.0,2.0,1.0,36.0,3 BHK,3348.8372093023254
Not Ready To Move,Whitefield,1216.0,2.0,1.0,79.0,2 BHK,6496.710526315789
Ready To Move,Sarjapur  Road,1428.0,2.0,2.0,66.0,3 BHK,4621.848739495798
Ready To Move,Begur Road,1160.0,2.0,2.0,40.59,2 BHK,3499.1379310344832
Not Ready To Move, ittamadu,600.0,2.0,1.0,110.0,3 BHK,18333.333333333332
Ready To Move,Doddakannelli,1475.0,3.0,2.0,70.0,3 BHK,4745.762711864407
Ready To Move,Harlur,1754.0,3.0,2.0,135.0,3 BHK,7696.693272519954
Not Ready To Move,Rayasandra,1639.0,3.0,1.0,83.0,3 BHK,5064.063453325199
Not Ready To Move,Hennur Road,1804.0,3.0,2.0,102.0,3 BHK,5654.10199556541
Not Ready To Move,Whitefield,1200.0,3.0,2.0,56.2,3 BHK,4683.333333333333
Ready To Move,Anand Nagar,1135.0,2.0,3.0,55.0,2 BHK,4845.814977973569
Ready To Move,Begur Road,1260.0,2.0,2.0,46.62,2 BHK,3700.0
Ready To Move,Peenya,1440.0,5.0,1.0,110.0,5 BHK,7638.888888888889
Ready To Move,Hennur Road,2160.0,3.0,2.0,160.0,3 BHK,7407.407407407408
Ready To Move,Rachenahalli,1220.0,2.0,2.0,59.5,2 BHK,4877.049180327869
Ready To Move,Margondanahalli,1200.0,2.0,0.0,67.0,2 BHK,5583.333333333333
Ready To Move,Yelahanka,1300.0,2.0,3.0,65.0,2 BHK,5000.0
Ready To Move,Cox Town,605.0,1.0,1.0,29.0,1 BHK,4793.388429752066
Not Ready To Move,Bhoganhalli,1444.0,2.0,1.0,75.97,2 BHK,5261.0803324099725
Ready To Move,Amruthahalli,924.0,2.0,1.0,45.0,2 BHK,4870.12987012987
Not Ready To Move,Kaikondrahalli,1000.0,2.0,1.0,30.0,2 BHK,3000.0
Ready To Move,Vishveshwarya Layout,600.0,4.0,0.0,95.0,4 BHK,15833.333333333334
Ready To Move,Patelappa Layout,1200.0,3.0,3.0,225.0,3 BHK,18750.0
Ready To Move,Bisuvanahalli,845.0,2.0,1.0,29.0,2 BHK,3431.9526627218934
Not Ready To Move,Kanakpura Road,700.0,2.0,1.0,35.0,2 BHK,5000.0
Ready To Move,Kothanur,1187.0,2.0,2.0,58.0,2 BHK,4886.2679022746415
Ready To Move,Kaggadasapura,1625.0,3.0,2.0,55.0,3 BHK,3384.6153846153848
Ready To Move, Devarachikkanahalli,1200.0,2.0,2.0,83.0,2 BHK,6916.666666666667
Ready To Move,Pulkeshi Nagar,1452.55,2.0,3.0,110.0,2 BHK,7572.889057175313
Ready To Move,"Thanisandra Main Road, ",2357.0,3.0,2.0,151.0,3 BHK,6406.448875689436
Ready To Move,Kaval Byrasandra,1200.0,2.0,1.0,49.5,2 BHK,4125.0
Ready To Move,Budigere,1139.0,2.0,2.0,56.85,2 BHK,4991.220368744513
Ready To Move,Basavangudi,600.0,1.0,0.0,97.5,1 BHK,16250.0
Ready To Move,Kanakpura Road,1660.0,3.0,3.0,75.0,3 BHK,4518.0722891566265
Ready To Move,Jayanagar,1170.0,2.0,3.0,105.0,2 BHK,8974.358974358975
Ready To Move,Somasundara Palya,1448.0,2.0,2.0,68.0,2 BHK,4696.132596685083
Not Ready To Move,Kadugodi,1762.0,3.0,3.0,110.0,3 BHK,6242.905788876277
Ready To Move,Kaggadasapura,1105.0,2.0,1.0,38.65,2 BHK,3497.737556561086
Not Ready To Move,Yelahanka,1825.0,3.0,1.0,105.0,3 BHK,5753.424657534247
Ready To Move,Kumbalgodu,1200.0,4.0,1.0,85.0,5 BHK,7083.333333333333
Ready To Move,Thanisandra,1185.0,2.0,2.0,43.0,2 BHK,3628.6919831223627
Not Ready To Move,Electronic City Phase II,1320.0,2.0,1.0,38.12,3 BHK,2887.8787878787875
Ready To Move,Hulimavu,1058.0,2.0,1.0,48.0,2 BHK,4536.862003780719
Ready To Move,Bellandur,1220.0,2.0,2.0,60.0,2 BHK,4918.0327868852455
Not Ready To Move,Sarjapur,925.0,2.0,1.0,25.0,2 BHK,2702.7027027027025
Not Ready To Move,Old Madras Road,1200.0,2.0,1.0,72.0,2 BHK,6000.0
Ready To Move,Kengeri,1160.0,2.0,2.0,40.6,3 BHK,3500.0
Ready To Move,Kengeri Satellite Town,600.0,4.0,3.0,72.0,3 BHK,12000.0
Not Ready To Move,banashankari stage iii sa,1411.0,3.0,2.0,91.72,3 BHK,6500.3543586109145
Ready To Move,Bannerghatta Road,1550.0,3.0,2.0,78.0,3 BHK,5032.258064516129
Ready To Move,Green Glen Layout,3250.0,4.0,3.0,230.0,4 BHK,7076.923076923077
Ready To Move,Haralur Road,2475.0,4.0,2.0,130.0,3 BHK,5252.525252525253
Not Ready To Move,7th Phase JP Nagar,2503.0,4.0,0.0,188.0,4 BHK,7510.986815821015
Ready To Move,Marathahalli,2524.0,5.0,2.0,190.0,4 BHK,7527.733755942948
Ready To Move,Kaggadasapura,1063.0,2.0,2.0,42.0,2 BHK,3951.081843838194
Ready To Move,Kanakpura Road,1077.0,2.0,1.0,37.7,2 BHK,3500.4642525533895
Ready To Move,Manayata Tech Park,1200.0,3.0,2.0,44.0,2 BHK,3666.6666666666665
Ready To Move,Hosakerehalli,1500.0,3.0,2.0,70.0,4 BHK,4666.666666666667
Ready To Move,Jalahalli,1045.0,2.0,2.0,76.77,2 BHK,7346.411483253589
Ready To Move,Kanakapura,1290.0,2.0,3.0,45.15,3 BHK,3500.0
Ready To Move,Hoodi,1400.0,2.0,1.0,78.0,2 BHK,5571.428571428572
Ready To Move,Begur Road,1600.0,3.0,2.0,58.14,3 BHK,3633.75
Ready To Move,Jayanagar,3095.0,3.0,3.0,375.0,3 BHK,12116.316639741519
Ready To Move,Nagavara,1545.0,2.0,1.0,58.0,3 BHK,3754.045307443366
Ready To Move,Sarjapur  Road,1680.0,3.0,1.0,112.0,3 BHK,6666.666666666667
Ready To Move,Amruthnagar,1350.0,2.0,1.0,67.5,2 BHK,5000.0
Ready To Move,Gottigere,950.0,2.0,1.0,38.0,2 BHK,4000.0
Ready To Move,Thanisandra,1050.0,2.0,2.0,45.0,2 BHK,4285.714285714285
Ready To Move,Banashankari Stage V,1305.0,2.0,2.0,49.0,3 BHK,3754.7892720306513
Ready To Move,Hosakerehalli,800.0,4.0,2.0,120.0,4 BHK,15000.0
Not Ready To Move,Kodichikkanahalli,2700.0,7.0,2.0,125.0,5 BHK,4629.62962962963
Ready To Move,MS Pallya,1100.0,3.0,1.0,78.0,3 BHK,7090.909090909091
Not Ready To Move,Begur Road,1634.0,3.0,1.0,83.33,3 BHK,5099.7552019583845
Ready To Move,Prithvi Layout,1352.0,2.0,2.0,85.0,2 BHK,6286.98224852071
Not Ready To Move,Balagere,1145.0,2.0,2.0,65.0,2 BHK,5676.855895196507
Not Ready To Move,Alfa Garden Layout,1240.0,2.0,1.0,43.79,2 BHK,3531.451612903226
Ready To Move,7th Phase JP Nagar,2200.0,3.0,2.0,190.0,3 BHK,8636.363636363636
Not Ready To Move,Bommasandra Industrial Area,1020.0,2.0,1.0,39.0,2 BHK,3823.529411764706
Ready To Move,Palace Guttahalli,3600.0,4.0,2.0,365.0,4 BHK,10138.888888888889
Not Ready To Move,Raja Rajeshwari Nagar,1168.0,2.0,1.0,61.0,2 BHK,5222.602739726028
Not Ready To Move,Electronic City Phase II,1205.0,2.0,1.0,75.0,2 BHK,6224.066390041494
Ready To Move,Yeshwanthpur,1195.0,2.0,2.0,100.0,2 BHK,8368.200836820084
Ready To Move,CV Raman Nagar,1028.0,2.0,1.0,49.0,2 BHK,4766.536964980544
Ready To Move,Akshya Nagar,1175.0,2.0,2.0,48.27,2 BHK,4108.085106382979
Ready To Move,Pai Layout,1550.0,2.0,2.0,90.0,3 BHK,5806.451612903225
Ready To Move,Yeshwanthpur,1826.0,3.0,2.0,165.0,3 BHK,9036.144578313253
Ready To Move,Hoodi,2400.0,5.0,2.0,160.0,5 BHK,6666.666666666667
Ready To Move,Yelahanka,1603.0,3.0,2.0,96.0,3 BHK,5988.7710542732375
Ready To Move,Marathahalli,1350.0,3.0,1.0,72.0,3 BHK,5333.333333333333
Ready To Move,KR Puram,714.0,1.0,1.0,28.0,1 BHK,3921.5686274509803
Not Ready To Move,Whitefield,1215.0,2.0,3.0,65.0,2 BHK,5349.794238683127
Ready To Move,Malleshpalya,1405.0,2.0,2.0,77.0,3 BHK,5480.427046263345
Ready To Move,KR Puram,1142.0,2.0,1.0,51.0,2 BHK,4465.84938704028
Ready To Move,Akshaya Vana,4000.0,4.0,3.0,170.0,4 BHK,4250.0
Ready To Move,Whitefield,1870.0,3.0,2.0,90.0,3 BHK,4812.834224598931
Ready To Move,Subramanyapura,1313.0,2.0,2.0,73.0,2 BHK,5559.786747905559
Ready To Move,Hennur Gardens,1945.0,3.0,3.0,120.0,3 BHK,6169.665809768638
Not Ready To Move,Thanisandra,1573.0,3.0,2.0,95.0,3 BHK,6039.4151303242215
Ready To Move,Sarjapur  Road,1255.0,2.0,1.0,92.0,2 BHK,7330.677290836654
Ready To Move,Benson Town,1400.0,3.0,2.0,91.15,4 BHK,6510.714285714285
Not Ready To Move,Kannamangala,1235.0,2.0,2.0,43.63,2 BHK,3532.7935222672063
Ready To Move,Sarjapur  Road,1380.0,2.0,1.0,52.0,3 BHK,3768.1159420289855
Ready To Move,Vittasandra,1238.0,2.0,1.0,67.0,2 BHK,5411.954765751211
Not Ready To Move,Chennammana Kere,1465.0,2.0,3.0,74.72,3 BHK,5100.341296928327
Ready To Move,Thigalarapalya,1418.0,2.0,2.0,103.0,2 BHK,7263.7517630465445
Ready To Move,Victoria Layout,1650.0,3.0,1.0,165.0,3 BHK,10000.0
Ready To Move,Uttarahalli,1279.0,2.0,2.0,48.0,2 BHK,3752.9319781078966
Ready To Move,Kasavanhalli,1870.0,3.0,1.0,200.0,3 BHK,10695.187165775402
Ready To Move,BCC Layout,1500.0,5.0,1.0,230.0,4 BHK,15333.333333333334
Not Ready To Move,Hebbal,2526.0,2.0,2.0,250.0,3 BHK,9897.070467141726
Ready To Move,Mathikere,1550.0,2.0,1.0,150.0,3 BHK,9677.41935483871
Not Ready To Move,Uttarahalli,1845.0,2.0,1.0,68.27,3 BHK,3700.271002710027
Ready To Move,Motappa Layout,1360.0,2.0,1.0,59.27,3 BHK,4358.088235294118
Ready To Move,Friends Colony,1150.0,2.0,1.0,75.0,3 BHK,6521.739130434783
Ready To Move,Whitefield,1260.0,2.0,2.0,49.5,2 BHK,3928.5714285714284
Ready To Move,Doddabidrakallu,1200.0,3.0,1.0,74.0,3 BHK,6166.666666666667
Ready To Move,Dasanapura,965.0,2.0,1.0,42.5,2 BHK,4404.145077720207
Ready To Move,Hoodi,1350.0,2.0,3.0,48.0,3 BHK,3555.5555555555557
Not Ready To Move,Bhoganhalli,1447.0,2.0,1.0,75.97,2 BHK,5250.172771250864
Ready To Move,Arehalli,1229.0,3.0,1.0,86.03,3 BHK,7000.0
Ready To Move,Kudlu,1027.0,2.0,2.0,43.0,2 BHK,4186.952288218111
Ready To Move,Gottigere,1153.0,2.0,1.0,48.5,2 BHK,4206.418039895923
Ready To Move,Malleshpalya,1065.0,2.0,2.0,50.0,2 BHK,4694.835680751174
Ready To Move,Tala Cauvery Layout,1030.0,2.0,3.0,61.0,2 BHK,5922.330097087379
Ready To Move,Mallasandra,1340.0,2.0,2.0,61.0,2 BHK,4552.238805970149
Ready To Move,Marathahalli,4000.0,5.0,2.0,212.0,4 BHK,5300.0
Ready To Move,Sri Balaji Krupa Layout,600.0,1.0,0.0,32.0,1 BHK,5333.333333333333
Ready To Move,Begur Road,1410.0,2.0,3.0,44.42,3 BHK,3150.354609929078
Not Ready To Move,Varthur,1055.0,2.0,2.0,45.35,2 BHK,4298.578199052133
Not Ready To Move,Yelahanka,1304.0,2.0,1.0,79.0,2 BHK,6058.2822085889575
Not Ready To Move,Sadashiva Nagar,2720.0,4.0,1.0,485.0,4 BHK,17830.882352941175
Ready To Move,Kammasandra,990.0,2.0,1.0,31.5,2 BHK,3181.818181818182
Ready To Move,7th Phase JP Nagar,1035.0,2.0,1.0,39.33,2 BHK,3800.0
Ready To Move,Sonnenahalli,1120.0,2.0,2.0,43.0,2 BHK,3839.285714285714
Ready To Move,Haralur Road,1300.0,2.0,2.0,73.0,2 BHK,5615.384615384615
Not Ready To Move,Tumkur Road,1239.0,2.0,1.0,82.0,2 BHK,6618.240516545601
Not Ready To Move,Sarjapur  Road,1403.0,3.0,3.0,51.63,3 BHK,3679.9714896650034
Ready To Move,Hosa Road,1365.0,2.0,1.0,92.0,2 BHK,6739.92673992674
Ready To Move,8th block Koramangala,1165.0,2.0,1.0,135.0,2 BHK,11587.982832618025
Ready To Move,Subramanyapura,1130.0,2.0,3.0,45.19,3 BHK,3999.1150442477874
Ready To Move,Green Glen Layout,1776.42,3.0,2.0,105.0,3 BHK,5910.764346269463
Ready To Move,Vidyaranyapura,900.0,4.0,3.0,175.0,4 BHK,19444.444444444445
Ready To Move,Haralur Road,1194.0,2.0,2.0,47.0,2 BHK,3936.348408710218
Ready To Move,Bidadi,1107.0,2.0,2.0,33.0,2 BHK,2981.029810298103
Ready To Move,Nagavara,2319.0,3.0,2.0,180.0,3 BHK,7761.966364812419
Ready To Move,Nallurhalli,1520.0,3.0,3.0,80.0,3 BHK,5263.1578947368425
Not Ready To Move,Kannamangala,1536.0,3.0,1.0,89.0,3 BHK,5794.270833333333
Ready To Move,Teachers Colony,3000.0,4.0,2.0,240.0,4 BHK,8000.0
Ready To Move,Belathur,1050.0,2.0,1.0,38.0,2 BHK,3619.0476190476193
Not Ready To Move,Hoodi,1850.0,3.0,2.0,146.0,3 BHK,7891.891891891892
Ready To Move,Billekahalli,1112.0,2.0,2.0,62.0,2 BHK,5575.5395683453235
Ready To Move,Marathahalli,1535.0,3.0,2.0,72.5,3 BHK,4723.127035830619
Ready To Move,Kanakpura Road,1050.0,2.0,1.0,35.0,2 BHK,3333.3333333333335
Ready To Move,Banashankari,2400.0,3.0,2.0,370.0,4 BHK,15416.666666666666
Ready To Move,7th Phase JP Nagar,1250.0,3.0,2.0,65.0,3 BHK,5200.0
Ready To Move,Kalena Agrahara,1187.0,2.0,3.0,52.0,2 BHK,4380.791912384162
Ready To Move,9th Phase JP Nagar,1164.0,2.0,1.0,56.0,2 BHK,4810.996563573884
Not Ready To Move,Electronic City Phase II,1395.0,2.0,1.0,62.78,3 BHK,4500.358422939068
Not Ready To Move,Arekere,2072.0,3.0,2.0,108.0,3 BHK,5212.355212355213
Ready To Move,Kanakpura Road,1450.0,3.0,3.0,60.91,3 BHK,4200.689655172414
Ready To Move,Bannerghatta Road,1550.0,3.0,2.0,82.0,3 BHK,5290.322580645161
Ready To Move,Sampige Layout,1315.0,2.0,2.0,90.0,2 BHK,6844.106463878327
Not Ready To Move,Hebbal,3067.0,4.0,3.0,230.0,4 BHK,7499.184871209651
Ready To Move,Amruthnagar,1210.0,2.0,2.0,72.0,2 BHK,5950.413223140496
Ready To Move,Bisuvanahalli,1075.0,2.0,1.0,47.0,3 BHK,4372.093023255814
Not Ready To Move,Virgonagar,1215.0,3.0,1.0,42.2,3 BHK,3473.251028806584
Ready To Move,Kaggadasapura,1470.0,2.0,2.0,75.0,3 BHK,5102.040816326531
Not Ready To Move,Dodsworth Layout,30000.0,4.0,2.0,2100.0,4 BHK,7000.0
Ready To Move,Hosur Road,1590.0,2.0,2.0,125.0,3 BHK,7861.635220125786
Ready To Move,Kanakpura Road,1050.0,2.0,1.0,36.75,2 BHK,3500.0
Ready To Move,Raja Rajeshwari Nagar,1306.0,2.0,1.0,55.91,2 BHK,4281.010719754977
Ready To Move,Malleshwaram,2000.0,3.0,2.0,250.0,3 BHK,12500.0
Ready To Move,"Kudlu Village, ",1445.0,3.0,2.0,64.0,3 BHK,4429.065743944637
Ready To Move,Sarjapur  Road,1220.0,3.0,2.0,58.0,3 BHK,4754.098360655737
Ready To Move,Sarjapur,3190.0,3.0,1.0,160.0,4 BHK,5015.673981191223
Not Ready To Move,Ramagondanahalli,1215.0,2.0,1.0,51.26,2 BHK,4218.930041152264
Ready To Move,Budigere,1920.0,2.0,1.0,88.0,3 BHK,4583.333333333333
Ready To Move,Dodda Nekkundi,1390.0,2.0,2.0,60.0,2 BHK,4316.546762589928
Ready To Move,Battarahalli,800.0,2.0,1.0,75.0,3 BHK,9375.0
Ready To Move,Nagarbhavi,600.0,3.0,2.0,100.0,3 BHK,16666.666666666668
Not Ready To Move,Hoodi,1196.0,2.0,0.0,71.74,2 BHK,5998.327759197324
Ready To Move,Bannerghatta Road,1550.0,2.0,2.0,75.0,3 BHK,4838.709677419355
Ready To Move,Thigalarapalya,1418.0,2.0,2.0,101.0,2 BHK,7122.708039492242
Not Ready To Move,Varthur Road,1655.0,3.0,2.0,115.0,3 BHK,6948.640483383686
Ready To Move,KR Puram,1115.0,2.0,2.0,33.45,2 BHK,3000.0000000000005
Ready To Move,Rajiv Gandhi Nagar,1170.0,2.0,2.0,68.0,2 BHK,5811.965811965812
Ready To Move,Anekal,1035.0,2.0,2.0,38.3,2 BHK,3700.483091787439
Ready To Move,Singasandra,1306.0,2.0,2.0,58.0,3 BHK,4441.04134762634
Not Ready To Move,Kengeri,750.0,2.0,2.0,22.0,2 BHK,2933.3333333333335
Ready To Move,Thanisandra,1917.0,3.0,3.0,122.0,3 BHK,6364.110589462703
Ready To Move,Kaggadasapura,1615.0,3.0,3.0,58.0,3 BHK,3591.331269349845
Ready To Move,Marathahalli,1071.0,2.0,2.0,52.25,2 BHK,4878.618113912232
Ready To Move,Koramangala,1325.0,2.0,2.0,119.0,2 BHK,8981.132075471698
Ready To Move,5th Phase JP Nagar,1400.0,2.0,1.0,88.0,3 BHK,6285.714285714285
Not Ready To Move,Tumkur Road,1246.0,2.0,1.0,82.0,2 BHK,6581.0593900481545
Ready To Move,Sarjapur,1215.0,2.0,0.0,40.0,2 BHK,3292.1810699588477
Ready To Move,Munnekollal,1200.0,2.0,2.0,49.5,2 BHK,4125.0
Ready To Move,Kurubarahalli,450.0,3.0,1.0,53.0,4 BHK,11777.777777777777
Ready To Move,Kodigehaali,1200.0,2.0,2.0,60.0,2 BHK,5000.0
Ready To Move,Kaval Byrasandra,945.0,2.0,2.0,50.0,2 BHK,5291.005291005291
Ready To Move,Benson Town,4460.0,5.0,2.0,650.0,4 BHK,14573.991031390135
Ready To Move,Hormavu,1175.0,2.0,1.0,52.0,2 BHK,4425.531914893617
Ready To Move,Whitefield,920.0,2.0,1.0,63.0,2 BHK,6847.826086956522
Ready To Move,Hosakerehalli,3024.0,5.0,1.0,350.0,4 BHK,11574.074074074075
Ready To Move,Bidadi,1600.0,2.0,2.0,110.0,2 BHK,6875.0
Ready To Move,Sanjay nagar,750.0,2.0,0.0,110.0,4 BHK,14666.666666666666
Ready To Move,Sector 4 HSR Layout,2400.0,4.0,2.0,700.0,4 BHK,29166.666666666668
Ready To Move,Bhagyalakshmi Avenue,955.0,1.0,2.0,34.01,2 BHK,3561.256544502618
Ready To Move,Ardendale,1750.0,3.0,3.0,100.0,3 BHK,5714.285714285715
Ready To Move,Uttarahalli,1425.0,2.0,2.0,64.0,3 BHK,4491.228070175439
Ready To Move,Basavangudi,2150.0,3.0,2.0,265.0,3 BHK,12325.581395348838
Not Ready To Move,Whitefield,1165.0,2.0,1.0,40.5,2 BHK,3476.3948497854076
Ready To Move,Kaggadasapura,1050.0,2.0,2.0,48.0,2 BHK,4571.428571428572
Ready To Move,Cholanayakanahalli,1370.0,2.0,2.0,75.0,3 BHK,5474.4525547445255
Not Ready To Move,Electronic City,1374.0,2.0,1.0,72.0,3 BHK,5240.174672489083
Ready To Move,Harlur,1754.0,3.0,2.0,124.0,3 BHK,7069.555302166476
Ready To Move,Kothanur,1847.0,3.0,2.0,110.0,3 BHK,5955.603681645913
Ready To Move,Ambedkar Nagar,1850.0,4.0,3.0,139.0,3 BHK,7513.513513513513
Not Ready To Move,Chikka Tirupathi,3297.0,3.0,1.0,135.0,3 BHK,4094.631483166515
Ready To Move,Doddakannelli,1187.0,2.0,2.0,45.0,2 BHK,3791.0699241786015
Not Ready To Move,Bommasandra Industrial Area,1400.0,2.0,1.0,40.44,3 BHK,2888.5714285714284
Ready To Move,Kengeri Hobli,600.0,2.0,0.0,30.0,3 BHK,5000.0
Ready To Move,Chamrajpet,1350.0,2.0,3.0,180.0,2 BHK,13333.333333333334
Ready To Move,Doddaballapur,3000.0,2.0,2.0,120.0,3 BHK,4000.0
Not Ready To Move,Thanisandra,693.0,1.0,1.0,34.3,1 BHK,4949.494949494949
Not Ready To Move,Dairy Circle,1980.0,3.0,2.0,224.0,3 BHK,11313.131313131313
Ready To Move,KR Puram,1021.0,2.0,1.0,48.0,2 BHK,4701.273261508325
Ready To Move,Thigalarapalya,1165.0,2.0,2.0,95.0,2 BHK,8154.50643776824
Not Ready To Move,Horamavu Agara,1756.0,3.0,2.0,92.0,3 BHK,5239.179954441914
Ready To Move,Bharathi Nagar,1739.0,3.0,1.0,105.0,3 BHK,6037.952846463485
Ready To Move,Varthur,1280.0,2.0,1.0,65.0,2 BHK,5078.125
Ready To Move,Marathahalli,1215.0,2.0,2.0,58.86,2 BHK,4844.444444444444
Not Ready To Move,Munnekollal,950.0,2.0,1.0,46.5,2 BHK,4894.736842105263
Ready To Move,Kengeri,1082.0,2.0,1.0,49.0,3 BHK,4528.650646950093
Ready To Move,7th Phase JP Nagar,1050.0,2.0,1.0,42.0,2 BHK,4000.0
Ready To Move,Devanahalli,1080.0,2.0,0.0,53.35,2 BHK,4939.814814814815
Ready To Move,Arekere,1100.0,2.0,2.0,55.0,2 BHK,5000.0
Ready To Move,Ardendale,3200.0,4.0,1.0,205.0,4 BHK,6406.25
Ready To Move,Sarjapur  Road,1311.0,2.0,1.0,78.0,2 BHK,5949.656750572082
Ready To Move,Raja Rajeshwari Nagar,1608.0,3.0,1.0,67.98,3 BHK,4227.611940298508
Ready To Move,Begur Road,1160.0,2.0,2.0,36.0,2 BHK,3103.448275862069
Ready To Move,Whitefield,1170.0,2.0,1.0,71.0,2 BHK,6068.376068376068
Ready To Move,Kengeri,1155.0,2.0,2.0,40.6,2 BHK,3515.151515151515
Not Ready To Move,Hebbal,1255.0,2.0,1.0,77.68,3 BHK,6189.641434262949
Ready To Move,Rayasandra,1065.0,2.0,2.0,44.95,2 BHK,4220.657276995305
Ready To Move,Neeladri Nagar,674.0,1.0,1.0,21.0,1 BHK,3115.727002967359
Ready To Move,Ambedkar Nagar,1936.0,4.0,2.0,126.0,3 BHK,6508.264462809917
Not Ready To Move,Sarakki Nagar,2289.0,3.0,2.0,260.0,3 BHK,11358.671909130624
Ready To Move,Abbaiah Reddy Layout,1100.0,2.0,1.0,38.45,2 BHK,3495.454545454546
Ready To Move,Ramagondanahalli,2257.0,4.0,2.0,157.0,3 BHK,6956.136464333185
Ready To Move,Nagarbhavi,1055.0,2.0,2.0,55.0,2 BHK,5213.270142180095
Ready To Move,Raja Rajeshwari Nagar,1530.0,3.0,3.0,51.87,3 BHK,3390.1960784313724
Ready To Move,Dinnur,1700.0,3.0,1.0,97.0,3 BHK,5705.882352941177
Ready To Move,Raja Rajeshwari Nagar,1575.0,2.0,2.0,78.0,3 BHK,4952.380952380952
Ready To Move,Frazer Town,3500.0,4.0,2.0,330.0,3 BHK,9428.57142857143
Ready To Move,Rajiv Nagar,1263.0,2.0,1.0,93.32,2 BHK,7388.756927949327
Ready To Move,Kengeri Satellite Town,1043.0,2.0,2.0,65.0,2 BHK,6232.023010546501
Ready To Move,Hennur,1255.0,2.0,2.0,53.5,2 BHK,4262.948207171315
Not Ready To Move,Chandapura,590.0,1.0,0.0,13.57,1 BHK,2300.0
Ready To Move,Yelahanka,1550.0,3.0,1.0,120.0,3 BHK,7741.935483870968
Ready To Move,Sarjapur  Road,1220.0,3.0,3.0,56.0,3 BHK,4590.163934426229
Ready To Move,Rustam Bagh Layout,1900.0,3.0,3.0,160.0,3 BHK,8421.052631578947
Ready To Move,Vasantha Vallabha Nagar,1360.0,3.0,3.0,55.0,3 BHK,4044.1176470588234
Ready To Move,Vyalikaval,1100.0,2.0,1.0,75.0,2 BHK,6818.181818181818
Not Ready To Move,8th Phase JP Nagar,1455.0,3.0,2.0,73.31,3 BHK,5038.487972508591
Ready To Move,KR Puram,1035.0,2.0,1.0,40.5,2 BHK,3913.0434782608695
Ready To Move,Harlur,1152.0,2.0,2.0,69.0,2 BHK,5989.583333333333
Ready To Move,Bellandur,1299.0,2.0,2.0,82.0,2 BHK,6312.548113933795
Not Ready To Move,Sarjapur  Road,1157.0,2.0,1.0,75.0,3 BHK,6482.281763180639
Ready To Move,Rachenahalli,1050.0,2.0,2.0,52.5,2 BHK,5000.0
Ready To Move,Pai Layout,1050.0,2.0,2.0,40.0,2 BHK,3809.5238095238096
Ready To Move,Vittasandra,1246.0,2.0,1.0,67.4,2 BHK,5409.309791332264
Ready To Move,"Sarjapur Road, ",1929.0,3.0,2.0,115.0,3 BHK,5961.638154484189
Ready To Move,Hennur,1285.0,2.0,1.0,60.0,2 BHK,4669.260700389105
Ready To Move,Margondanahalli,1200.0,2.0,0.0,65.0,3 BHK,5416.666666666667
Ready To Move,"Banaswadi, ",3161.0,4.0,3.0,214.0,4 BHK,6770.00949066751
Ready To Move,BTM 2nd Stage,1850.0,3.0,2.0,170.0,3 BHK,9189.18918918919
Ready To Move,Sompura,1025.0,2.0,0.0,37.0,3 BHK,3609.756097560976
Ready To Move,Malleshwaram,1124.0,3.0,2.0,80.0,2 BHK,7117.437722419929
Not Ready To Move,Balagere,1012.0,2.0,1.0,54.59,2 BHK,5394.268774703557
Ready To Move,8th Phase JP Nagar,871.0,2.0,2.0,55.0,2 BHK,6314.580941446613
Ready To Move,Chinnapanahalli,1020.0,2.0,2.0,40.0,2 BHK,3921.5686274509803
Ready To Move,Rachenahalli,1550.0,3.0,3.0,73.5,3 BHK,4741.935483870968
Ready To Move,Anand Nagar,3515.0,3.0,1.0,420.0,3 BHK,11948.790896159317
Ready To Move,Akshaya Nagar,1410.0,2.0,2.0,80.0,3 BHK,5673.758865248227
Not Ready To Move,Chikka Tirupathi,3500.0,5.0,3.0,150.0,4 BHK,4285.714285714285
Not Ready To Move,Whitefield,1118.0,2.0,1.0,75.0,2 BHK,6708.4078711985685
Ready To Move,Thanisandra,1098.0,2.0,1.0,68.0,2 BHK,6193.078324225865
Ready To Move,Kanakapura,1130.0,2.0,1.0,45.2,2 BHK,4000.0
Ready To Move,Sarjapur  Road,1145.0,2.0,2.0,75.0,2 BHK,6550.218340611354
Ready To Move,Kadugodi,950.0,3.0,1.0,80.0,3 BHK,8421.052631578947
Ready To Move,Balaji Gardens Layout,1051.0,2.0,1.0,33.0,2 BHK,3139.8667935299713
Not Ready To Move,Marathahalli,1102.0,2.0,2.0,53.67,2 BHK,4870.235934664247
Ready To Move,Jalahalli,1478.0,2.0,2.0,125.0,2 BHK,8457.374830852503
Not Ready To Move,Chandapura,645.0,1.0,1.0,16.45,1 BHK,2550.3875968992247
Not Ready To Move,Hebbal,823.0,2.0,1.0,50.63,2 BHK,6151.883353584447
Not Ready To Move,Abbigere,880.0,2.0,1.0,35.0,2 BHK,3977.2727272727275
Ready To Move,KR Puram,600.0,5.0,2.0,75.0,4 BHK,12500.0
Ready To Move,Budigere,1991.0,4.0,2.0,100.0,3 BHK,5022.601707684581
Ready To Move,TC Palaya,1100.0,3.0,1.0,50.0,3 BHK,4545.454545454545
Ready To Move,Gubbalala,1745.0,3.0,2.0,115.0,3 BHK,6590.25787965616
Not Ready To Move,HAL 2nd Stage,1226.0,3.0,1.0,135.0,2 BHK,11011.419249592169
Ready To Move,Begur Road,680.0,4.0,1.0,68.0,3 BHK,10000.0
Ready To Move, Devarabeesana Halli,1100.0,2.0,1.0,70.0,2 BHK,6363.636363636364
Ready To Move,Banashankari Stage VI,1200.0,4.0,3.0,195.0,4 BHK,16250.0
Ready To Move,5th Phase JP Nagar,1450.0,2.0,1.0,58.0,2 BHK,4000.0
Ready To Move,Singasandra,3366.0,4.0,2.0,120.0,4 BHK,3565.0623885918003
Ready To Move,Sahakara Nagar,1150.0,2.0,1.0,54.0,2 BHK,4695.652173913043
Ready To Move,Kanakpura Road,1843.0,3.0,2.0,95.84,3 BHK,5200.217037438958
Ready To Move,Banashankari Stage VI,2200.0,4.0,2.0,195.0,4 BHK,8863.636363636364
Ready To Move,Bommanahalli,1090.0,3.0,2.0,44.0,2 BHK,4036.697247706422
Ready To Move,Kaggadasapura,1132.0,2.0,2.0,42.0,2 BHK,3710.2473498233217
Ready To Move,Hulimavu,1375.0,2.0,2.0,80.0,2 BHK,5818.181818181818
Ready To Move,7th Phase JP Nagar,1500.0,5.0,3.0,220.0,4 BHK,14666.666666666666
Ready To Move,Thanisandra,760.0,1.0,2.0,50.3,1 BHK,6618.421052631579
Ready To Move,Kaggadasapura,1180.0,2.0,2.0,65.0,2 BHK,5508.474576271186
Ready To Move,Jigani,918.0,2.0,2.0,45.0,2 BHK,4901.9607843137255
Ready To Move,Rachenahalli,600.0,5.0,2.0,50.0,5 BHK,8333.333333333334
Ready To Move,Margondanahalli,1200.0,1.0,0.0,53.0,2 BHK,4416.666666666667
Ready To Move,HSR Layout,1372.0,2.0,1.0,61.0,2 BHK,4446.064139941691
Ready To Move,Ardendale,1728.0,3.0,2.0,95.0,3 BHK,5497.685185185185
Ready To Move,Malleshwaram,2215.0,3.0,1.0,275.0,3 BHK,12415.349887133183
Ready To Move,BTM 2nd Stage,1200.0,2.0,2.0,80.0,2 BHK,6666.666666666667
Ready To Move,6th Phase JP Nagar,1280.0,2.0,1.0,56.0,2 BHK,4375.0
Ready To Move,Hulimavu,800.0,4.0,2.0,110.0,4 BHK,13750.0
Ready To Move,Byrasandra,1455.0,2.0,2.0,56.0,3 BHK,3848.7972508591065
Ready To Move,Kanakpura Road,1500.0,3.0,2.0,97.0,3 BHK,6466.666666666667
Ready To Move,Whitefield,1800.0,3.0,2.0,110.0,3 BHK,6111.111111111111
Ready To Move,Mysore Road,1525.0,3.0,2.0,96.0,3 BHK,6295.081967213115
Ready To Move,Rachenahalli,1204.0,2.0,3.0,38.5,2 BHK,3197.6744186046512
Not Ready To Move,Old Madras Road,1225.0,2.0,1.0,53.55,2 BHK,4371.428571428572
Ready To Move,Bannerghatta Road,1650.0,3.0,2.0,122.0,3 BHK,7393.939393939394
Ready To Move,Electronic City,880.0,2.0,1.0,18.0,3 BHK,2045.4545454545455
Ready To Move,Bikasipura,4200.0,4.0,2.0,255.0,4 BHK,6071.428571428572
Ready To Move,Tippenahalli,1200.0,2.0,0.0,55.0,2 BHK,4583.333333333333
Ready To Move,Sarjapur  Road,1152.0,4.0,1.0,230.0,4 BHK,19965.277777777777
Ready To Move,9th Phase JP Nagar,1005.0,2.0,1.0,42.0,2 BHK,4179.104477611941
Not Ready To Move,Whitefield,1562.0,3.0,2.0,103.0,3 BHK,6594.110115236876
Ready To Move,Devanahalli,5000.0,5.0,2.0,395.0,4 BHK,7900.0
Ready To Move,Ramamurthy Nagar,1200.0,2.0,3.0,42.0,2 BHK,3500.0
Ready To Move,Kasavanhalli,1555.0,3.0,2.0,82.5,3 BHK,5305.4662379421225
Ready To Move,KR Puram,1550.0,2.0,1.0,71.0,2 BHK,4580.645161290323
Ready To Move,Whitefield,1190.0,2.0,2.0,67.0,2 BHK,5630.252100840336
Ready To Move,Chikkalasandra,1070.0,2.0,2.0,50.0,2 BHK,4672.897196261682
Ready To Move,Jalahalli East,1020.0,2.0,1.0,42.48,2 BHK,4164.705882352941
Ready To Move,Yelahanka,1610.0,3.0,1.0,115.0,3 BHK,7142.857142857143
Ready To Move,Prestige Sunrise,700.0,1.0,1.0,41.0,1 BHK,5857.142857142857
Ready To Move,Akshaya Vana,1300.0,2.0,1.0,49.0,3 BHK,3769.230769230769
Ready To Move,Hebbal,1420.0,2.0,1.0,123.0,2 BHK,8661.971830985916
Not Ready To Move,Hebbal,1069.0,3.0,2.0,65.4,3 BHK,6117.867165575305
Ready To Move,Marathahalli,1900.0,3.0,3.0,123.0,3 BHK,6473.684210526316
Not Ready To Move,Old Airport Road,1655.0,2.0,1.0,97.65,2 BHK,5900.302114803625
Ready To Move,Uttarahalli,1155.0,2.0,2.0,40.42,2 BHK,3499.5670995670994
Ready To Move,Sarjapur  Road,1300.0,2.0,2.0,70.0,3 BHK,5384.615384615385
Ready To Move,Electronic City,1100.0,2.0,2.0,45.0,2 BHK,4090.909090909091
Ready To Move,Doddathoguru,1030.0,2.0,2.0,42.0,2 BHK,4077.669902912621
Ready To Move,Vittasandra,2105.0,2.0,1.0,70.2,2 BHK,3334.916864608076
Ready To Move,Bhoganhalli,1700.0,3.0,2.0,126.0,3 BHK,7411.764705882353
Ready To Move,Jakkur,1760.0,3.0,2.0,139.0,3 BHK,7897.727272727273
Ready To Move,1st Stage Indira Nagar,1400.0,2.0,1.0,67.0,2 BHK,4785.714285714285
Ready To Move,Srigandada Kaval,1200.0,2.0,0.0,53.0,2 BHK,4416.666666666667
Ready To Move,Bannerghatta Road,912.0,2.0,1.0,55.0,2 BHK,6030.701754385965
Ready To Move,Whitefield,1102.0,2.0,1.0,48.0,2 BHK,4355.716878402904
Ready To Move,Channasandra Layout,1535.0,3.0,1.0,55.0,3 BHK,3583.061889250814
Ready To Move,Haralur Road,1243.0,2.0,2.0,46.0,2 BHK,3700.7240547063557
Ready To Move,Jigani,918.0,2.0,2.0,63.2,2 BHK,6884.531590413943
Ready To Move,Begur Road,1500.0,2.0,3.0,70.0,3 BHK,4666.666666666667
Ready To Move,Mathikere Extension,3000.0,3.0,0.0,250.0,3 BHK,8333.333333333334
Ready To Move,Kasavanhalli,1476.0,3.0,0.0,89.0,3 BHK,6029.810298102981
Not Ready To Move,Mysore Road,1200.0,2.0,3.0,65.0,2 BHK,5416.666666666667
Not Ready To Move,Vijayanagar,606.0,1.0,0.0,34.78,1 BHK,5739.273927392739
Ready To Move,Viswajit Layout,1100.0,2.0,3.0,61.0,2 BHK,5545.454545454545
Ready To Move,Garudachar Palya,1295.0,2.0,1.0,59.5,3 BHK,4594.594594594595
Ready To Move,Neeladri Nagar,527.0,1.0,0.0,26.0,1 BHK,4933.586337760911
Ready To Move,OMBR Layout,1300.0,2.0,2.0,80.0,2 BHK,6153.846153846154
Ready To Move,Bommanahalli,680.0,4.0,1.0,68.0,3 BHK,10000.0
Ready To Move,Adityanagar,1260.0,1.0,0.0,41.0,1 BHK,3253.968253968254
Ready To Move,Koramangala,1140.0,2.0,1.0,75.2,2 BHK,6596.491228070176
Ready To Move,BDS Layout,1500.0,1.0,0.0,37.5,1 BHK,2500.0
Not Ready To Move,Whitefield,2321.0,4.0,1.0,128.0,3 BHK,5514.864282636794
Ready To Move,Sarjapur  Road,1390.0,2.0,2.0,62.0,2 BHK,4460.431654676259
Ready To Move,Sarjapur  Road,1725.0,3.0,3.0,90.0,3 BHK,5217.391304347826
Not Ready To Move,Hebbal,3067.0,4.0,1.0,310.0,4 BHK,10107.597000326052
Not Ready To Move,Hennur Road,1186.0,2.0,1.0,63.0,3 BHK,5311.973018549747
Not Ready To Move,Kanakpura Road,1230.0,2.0,1.0,85.0,2 BHK,6910.569105691057
Ready To Move, Mysore Highway,600.0,1.0,1.0,17.0,1 BHK,2833.3333333333335
Not Ready To Move,Yeshwanthpur,1313.0,3.0,1.0,96.0,3 BHK,7311.500380807312
Ready To Move,TC Palaya,900.0,2.0,0.0,55.0,2 BHK,6111.111111111111
Ready To Move,Ambalipura,1250.0,2.0,2.0,66.25,2 BHK,5300.0
Not Ready To Move,Binny Pete,660.0,1.0,1.0,54.0,1 BHK,8181.818181818182
Ready To Move,Basavangudi,1036.0,2.0,2.0,105.0,2 BHK,10135.135135135135
Ready To Move,Koramangala,2700.0,4.0,3.0,450.0,4 BHK,16666.666666666668
Ready To Move,Old Madras Road,1100.0,2.0,1.0,70.0,2 BHK,6363.636363636364
Ready To Move,BTM 2nd Stage,1500.0,2.0,1.0,450.0,4 BHK,30000.0
Ready To Move,Singasandra,525.0,5.0,2.0,56.0,4 BHK,10666.666666666666
Ready To Move,Electronics City Phase 1,1015.0,2.0,1.0,56.0,2 BHK,5517.241379310345
Ready To Move,Gottigere,812.0,1.0,0.0,26.0,1 BHK,3201.9704433497536
Ready To Move,Narayana Nagar 1st Block,1360.0,2.0,2.0,65.0,3 BHK,4779.411764705882
Ready To Move,Nehru Nagar,2167.0,3.0,3.0,170.0,3 BHK,7844.946931241348
Ready To Move,Raja Rajeshwari Nagar,1200.0,2.0,1.0,35.0,2 BHK,2916.6666666666665
Ready To Move,Gopalkrishna Nagar,1165.0,2.0,2.0,75.0,2 BHK,6437.768240343347
Ready To Move,BTM 2nd Stage,1274.0,2.0,2.0,70.0,2 BHK,5494.505494505494
Ready To Move,Raja Rajeshwari Nagar,1151.0,2.0,2.0,39.02,2 BHK,3390.095569070374
Ready To Move,Thubarahalli,1626.0,2.0,2.0,120.0,3 BHK,7380.073800738008
Ready To Move,Banashankari Stage V,1035.0,2.0,2.0,35.77,2 BHK,3456.038647342996
Ready To Move,Shanthi Layout,1272.0,4.0,0.0,75.0,3 BHK,5896.226415094339
Ready To Move,Jeevan bima nagar,965.0,2.0,1.0,45.0,2 BHK,4663.21243523316
Ready To Move,Esther Enclave Layout,1600.0,5.0,2.0,140.0,5 BHK,8750.0
Ready To Move,Kothannur,1070.0,2.0,1.0,42.79,2 BHK,3999.0654205607475
Ready To Move,Raja Rajeshwari Nagar,1570.0,2.0,2.0,65.0,3 BHK,4140.127388535032
Ready To Move,Keerthi Layout,780.0,2.0,2.0,25.0,2 BHK,3205.128205128205
Ready To Move,Ganga Nagar Extension,1000.0,2.0,1.0,65.0,3 BHK,6500.0
Ready To Move,9th Phase JP Nagar,1200.0,3.0,2.0,188.0,4 BHK,15666.666666666666
Ready To Move,5th Phase JP Nagar,1700.0,2.0,3.0,100.0,3 BHK,5882.35294117647
Ready To Move,Haralur Road,1850.0,3.0,2.0,110.0,3 BHK,5945.945945945946
Ready To Move,Kereguddadahalli,904.0,2.0,1.0,30.0,2 BHK,3318.5840707964603
Ready To Move,Shikaripalya,1121.0,2.0,1.0,43.72,2 BHK,3900.0892060660126
Ready To Move,7th Phase JP Nagar,1385.0,2.0,2.0,58.17,3 BHK,4200.0
Ready To Move,Sahakara Nagar,1270.0,2.0,1.0,69.85,2 BHK,5499.999999999999
Ready To Move,Kanakpura Road,1450.0,3.0,3.0,56.0,3 BHK,3862.0689655172414
Ready To Move,Huttanahalli,2400.0,4.0,2.0,325.0,3 BHK,13541.666666666666
Ready To Move,Mahadevpura,730.0,1.0,1.0,35.0,1 BHK,4794.520547945205
Ready To Move,Raja Rajeshwari Nagar,1580.0,3.0,3.0,53.56,3 BHK,3389.8734177215188
Ready To Move,Thanisandra,1111.0,2.0,1.0,50.0,2 BHK,4500.450045004501
Ready To Move,Kengeri,1125.0,2.0,1.0,88.0,4 BHK,7822.222222222223
Ready To Move,Varthur,977.0,2.0,2.0,36.0,2 BHK,3684.74923234391
Not Ready To Move,Gunjur Palya,674.0,1.0,1.0,19.9,2 BHK,2952.522255192878
Not Ready To Move,Nagarbhavi,600.0,3.0,1.0,83.0,3 BHK,13833.333333333334
Ready To Move,Sarjapur,2540.0,4.0,1.0,115.0,4 BHK,4527.55905511811
Not Ready To Move,Jakkur,1290.0,2.0,1.0,100.0,2 BHK,7751.937984496124
Ready To Move,Kumaraswami Layout,600.0,3.0,1.0,98.0,3 BHK,16333.333333333334
Ready To Move,Abbigere,795.0,2.0,1.0,32.54,2 BHK,4093.0817610062895
Not Ready To Move,Kanakpura Road,700.0,1.0,1.0,35.0,2 BHK,5000.0
Ready To Move,Ambedkar Colony,1463.0,1.0,1.0,142.0,2 BHK,9706.083390293916
Ready To Move,Vijayanagar,1000.0,3.0,0.0,140.0,3 BHK,14000.0
Ready To Move,Reliable Woods Layout,1306.0,2.0,2.0,58.0,3 BHK,4441.04134762634
Ready To Move,4th T block Jayanagar,2401.0,3.0,2.0,185.0,3 BHK,7705.12286547272
Ready To Move,Bommenahalli,1670.0,3.0,0.0,135.0,4 BHK,8083.832335329342
Ready To Move,Jayanagar,1875.0,2.0,3.0,235.0,3 BHK,12533.333333333334
Ready To Move,Marsur,1200.0,3.0,1.0,90.0,3 BHK,7500.0
Ready To Move,Dodda Nekkundi,1804.0,3.0,2.0,121.0,3 BHK,6707.317073170731
Ready To Move,1st Phase JP Nagar,2065.0,4.0,1.0,210.0,3 BHK,10169.49152542373
Ready To Move,Hoskote,1225.0,3.0,1.0,40.0,3 BHK,3265.3061224489797
Ready To Move,Bellandur,900.0,2.0,2.0,56.0,2 BHK,6222.222222222223
Not Ready To Move,Binny Pete,1350.0,2.0,1.0,91.0,2 BHK,6740.740740740741
Ready To Move,Kaggalipura,700.0,1.0,0.0,36.0,1 BHK,5142.857142857143
Ready To Move,Poorna Pragna Layout,1160.0,2.0,1.0,46.39,2 BHK,3999.137931034483
Ready To Move,Hennur Road,1680.0,3.0,2.0,99.27,3 BHK,5908.928571428572
Ready To Move,LB Shastri Nagar,1043.0,2.0,2.0,55.0,2 BHK,5273.250239693192
Ready To Move,Hoskote,1200.0,4.0,1.0,120.0,4 BHK,10000.0
Ready To Move,Hebbal,1040.0,2.0,2.0,46.0,2 BHK,4423.076923076923
Ready To Move,Tindlu,1357.0,2.0,2.0,65.0,3 BHK,4789.977892409727
Not Ready To Move,Vibhutipura Extension,1225.0,2.0,2.0,47.0,2 BHK,3836.734693877551
Ready To Move,Yelachenahalli,1130.0,2.0,2.0,40.0,2 BHK,3539.8230088495575
Ready To Move,Basavangudi,2500.0,4.0,1.0,150.0,4 BHK,6000.0
Ready To Move,Sultan Palaya,1700.0,3.0,3.0,120.0,3 BHK,7058.823529411765
Ready To Move,Doddathoguru,1549.0,3.0,2.0,65.0,3 BHK,4196.255648805681
Ready To Move,Yeshwanthpur,1400.0,2.0,2.0,100.0,2 BHK,7142.857142857143
Ready To Move,Dodda Nekkundi,1080.0,2.0,2.0,50.0,2 BHK,4629.62962962963
Ready To Move,Ulsoor,1180.0,2.0,2.0,100.0,2 BHK,8474.57627118644
Ready To Move,Domlur,1800.0,3.0,2.0,150.0,3 BHK,8333.333333333334
Not Ready To Move,Haralur Road,1225.0,2.0,1.0,67.38,2 BHK,5500.408163265306
Ready To Move,Chandra Layout,890.0,1.0,1.0,75.0,1 BHK,8426.966292134832
Ready To Move,Abbigere,1005.0,2.0,1.0,39.59,2 BHK,3939.303482587065
Ready To Move,Whitefield,1320.0,2.0,1.0,95.0,2 BHK,7196.969696969697
Ready To Move,Anandapura,1475.0,2.0,1.0,50.0,4 BHK,3389.830508474576
Ready To Move,Hagadur,1110.0,2.0,2.0,51.0,2 BHK,4594.594594594595
Not Ready To Move,Popular Colony,1300.0,2.0,0.0,54.0,2 BHK,4153.846153846154
Ready To Move,Vajarahalli,600.0,3.0,1.0,86.0,5 BHK,14333.333333333334
Not Ready To Move,Electronic City,1128.0,2.0,1.0,65.35,2 BHK,5793.439716312056
Not Ready To Move,Jakkur,1452.19,2.0,1.0,100.0,2 BHK,6886.151261198604
Ready To Move,8th block Koramangala,2400.0,3.0,2.0,290.0,3 BHK,12083.333333333334
Not Ready To Move,Banashankari,2600.0,4.0,1.0,135.0,3 BHK,5192.307692307692
Ready To Move,Sarakki Nagar,2500.0,4.0,2.0,325.0,3 BHK,13000.0
Ready To Move,Sanjay nagar,630.0,1.0,1.0,35.0,2 BHK,5555.555555555556
Ready To Move,Hosa Road,1243.0,2.0,2.0,48.5,2 BHK,3901.850362027353
Ready To Move,Soundarya Layout,960.0,2.0,2.0,32.0,2 BHK,3333.3333333333335
Ready To Move,"Banashankari 6th Stage ,Subramanyapura",1690.0,3.0,2.0,100.0,3 BHK,5917.15976331361
Ready To Move,Whitefield,735.0,2.0,1.0,35.0,2 BHK,4761.9047619047615
Ready To Move,Banaswadi,1365.0,2.0,2.0,73.0,2 BHK,5347.985347985348
Ready To Move,Rajaji Nagar,2849.0,5.0,0.0,300.0,5 BHK,10530.01053001053
Ready To Move,Hebbal,1420.0,2.0,1.0,99.39,2 BHK,6999.295774647887
Ready To Move,Somasundara Palya,1570.0,3.0,3.0,68.0,3 BHK,4331.210191082802
Ready To Move,Bisuvanahalli,850.0,1.0,1.0,32.0,2 BHK,3764.705882352941
Ready To Move,7th Phase JP Nagar,1575.0,2.0,2.0,110.0,3 BHK,6984.126984126984
Ready To Move,Thigalarapalya,1418.0,2.0,2.0,104.0,2 BHK,7334.273624823695
Ready To Move,Uttarahalli,1050.0,2.0,1.0,42.0,2 BHK,4000.0
Ready To Move,Hennur Road,1065.0,2.0,1.0,42.6,2 BHK,4000.0
Ready To Move,Ulsoor,1340.0,3.0,0.0,90.0,3 BHK,6716.417910447762
Ready To Move,Yelahanka New Town,1610.0,3.0,2.0,92.0,3 BHK,5714.285714285715
Not Ready To Move,Electronic City Phase II,1160.0,2.0,1.0,33.5,2 BHK,2887.9310344827586
Ready To Move,Kudlu,1092.0,2.0,2.0,44.0,2 BHK,4029.3040293040294
Ready To Move,Parappana Agrahara,1194.0,2.0,2.0,47.0,2 BHK,3936.348408710218
Ready To Move,Yelahanka,1455.0,3.0,1.0,61.5,3 BHK,4226.80412371134
Not Ready To Move,Abbigere,734.0,1.0,0.0,19.82,1 BHK,2700.272479564033
Ready To Move,Samethanahalli,799.0,2.0,1.0,38.0,2 BHK,4755.944931163955
Ready To Move,Whitefield,1896.0,3.0,1.0,75.0,3 BHK,3955.6962025316457
Ready To Move,Ardendale,1100.0,2.0,1.0,48.0,2 BHK,4363.636363636364
Ready To Move,Bellandur,1350.0,2.0,1.0,79.0,2 BHK,5851.851851851852
Ready To Move,Amarjyothi Colony,1355.0,3.0,1.0,61.0,3 BHK,4501.845018450184
Not Ready To Move,Electronic City,1128.0,2.0,1.0,65.0,2 BHK,5762.41134751773
Ready To Move,Pattanagere,1350.0,2.0,0.0,90.0,2 BHK,6666.666666666667
Ready To Move,Cunningham Road,3875.0,3.0,2.0,864.0,3 BHK,22296.774193548386
Ready To Move,Kasavanhalli,1493.0,3.0,2.0,82.0,3 BHK,5492.297387809779
Ready To Move,8th Phase JP Nagar,1098.0,2.0,1.0,43.91,2 BHK,3999.089253187614
Ready To Move,Banashankari,1900.0,2.0,1.0,170.0,3 BHK,8947.368421052632
Ready To Move,Dollars Layout,1460.0,3.0,2.0,88.0,3 BHK,6027.397260273972
Ready To Move,Frazer Town,2350.0,4.0,3.0,285.0,3 BHK,12127.659574468085
Ready To Move,Horamavu Banaswadi,1600.0,5.0,3.0,140.0,5 BHK,8750.0
Ready To Move,Varthur,1091.0,2.0,1.0,32.0,2 BHK,2933.0889092575617
Ready To Move,Yelahanka,1180.0,2.0,3.0,42.0,2 BHK,3559.322033898305
Not Ready To Move,Kanakpura Road,1366.0,3.0,1.0,76.85,2 BHK,5625.915080527086
Ready To Move,RMV Extension,1685.0,3.0,2.0,95.0,3 BHK,5637.982195845697
Ready To Move,Koramangala,1260.0,2.0,3.0,100.0,2 BHK,7936.507936507936
Ready To Move,Whitefield,3010.0,3.0,2.0,200.0,3 BHK,6644.518272425249
Ready To Move,Ramamurthy Nagar,1330.0,4.0,1.0,140.0,3 BHK,10526.315789473685
Ready To Move,Mallasandra,1200.0,2.0,0.0,130.0,2 BHK,10833.333333333334
Not Ready To Move,Whitefield,1346.0,2.0,1.0,96.17,2 BHK,7144.873699851411
Not Ready To Move,Chandapura,630.0,1.0,0.0,13.86,1 BHK,2200.0
Ready To Move,7th Phase JP Nagar,1850.0,3.0,2.0,140.0,3 BHK,7567.5675675675675
Ready To Move,Frazer Town,2350.0,2.0,0.0,423.0,5 BHK,18000.0
Ready To Move,Electronic City,755.0,1.0,1.0,34.0,2 BHK,4503.311258278146
Ready To Move,Basaveshwara Nagar Yelahanka,800.0,5.0,2.0,98.0,5 BHK,12250.0
Ready To Move,Parappana Agrahara,1194.0,2.0,2.0,46.0,2 BHK,3852.5963149078725
Not Ready To Move,Whitefield,3850.0,5.0,2.0,316.0,3 BHK,8207.792207792209
Not Ready To Move,Hebbal,4235.0,4.0,2.0,365.0,4 BHK,8618.654073199528
Not Ready To Move,Kurubarahalli,800.0,1.0,0.0,52.0,1 BHK,6500.0
Ready To Move,Rachenahalli,2250.0,3.0,1.0,195.0,3 BHK,8666.666666666666
Ready To Move,Vijayanagar,1352.0,2.0,2.0,68.0,2 BHK,5029.585798816568
Ready To Move,Thanisandra,2002.0,3.0,2.0,112.0,3 BHK,5594.4055944055945
Ready To Move,Bileshivale,4000.0,5.0,1.0,280.0,4 BHK,7000.0
Ready To Move,Kaval Byrasandra,1060.0,2.0,2.0,45.0,2 BHK,4245.2830188679245
Ready To Move,Kanakpura Road,1419.59,2.0,1.0,59.0,3 BHK,4156.129586711656
Ready To Move,Raja Rajeshwari Nagar,1196.0,2.0,2.0,51.15,2 BHK,4276.755852842809
Not Ready To Move,Electronic City,1220.0,2.0,2.0,35.24,3 BHK,2888.5245901639346
Not Ready To Move,Electronics City Phase 1,1595.0,3.0,2.0,75.0,3 BHK,4702.194357366771
Ready To Move,Banashankari,1260.0,2.0,3.0,75.0,2 BHK,5952.380952380952
Ready To Move,Hebbal,1100.0,2.0,2.0,47.0,2 BHK,4272.727272727273
Ready To Move,Frazer Town,1550.0,2.0,2.0,140.0,2 BHK,9032.258064516129
Ready To Move,ISRO Layout,1180.0,2.0,3.0,52.0,2 BHK,4406.779661016949
Not Ready To Move,Electronic City,4000.0,5.0,1.0,150.0,4 BHK,3750.0
Ready To Move,Akshaya Nagar,1662.0,3.0,2.0,85.0,3 BHK,5114.320096269555
Ready To Move,Hennur,1285.0,2.0,1.0,60.0,2 BHK,4669.260700389105
Ready To Move,Akshaya Nagar,1080.0,4.0,1.0,75.0,4 BHK,6944.444444444444
Ready To Move,Ambedkar Nagar,1862.0,3.0,2.0,119.0,3 BHK,6390.977443609023
Ready To Move,Raja Rajeshwari Nagar,1419.0,2.0,2.0,48.0,2 BHK,3382.663847780127
Not Ready To Move,Whitefield,1410.0,3.0,2.0,43.71,3 BHK,3100.0
Ready To Move,Raja Rajeshwari Nagar,1560.0,2.0,2.0,62.4,3 BHK,4000.0
Ready To Move,Chikkabettahalli,1100.0,4.0,3.0,150.0,5 BHK,13636.363636363636
Not Ready To Move,Thanisandra,1634.0,3.0,3.0,78.0,3 BHK,4773.561811505508
Ready To Move,Ambedkar Nagar,5530.0,5.0,3.0,627.0,5 BHK,11338.155515370705
Ready To Move,Whitefield,1150.0,2.0,3.0,44.0,3 BHK,3826.086956521739
Not Ready To Move,Ashirvad Colony,1100.0,2.0,1.0,53.0,2 BHK,4818.181818181818
Not Ready To Move,Yelahanka,1616.0,3.0,1.0,65.0,3 BHK,4022.2772277227723
Not Ready To Move,Nagavarapalya,1392.0,2.0,1.0,99.0,2 BHK,7112.068965517241
Not Ready To Move,Jakkur,1798.0,3.0,1.0,120.0,3 BHK,6674.082313681869
Ready To Move,Babusapalaya,1675.0,3.0,3.0,75.0,3 BHK,4477.611940298508
Ready To Move,Bhuvaneswari Nagar,792.0,2.0,1.0,70.0,2 BHK,8838.38383838384
Ready To Move,Varanasi,2000.0,4.0,1.0,103.0,5 BHK,5150.0
Not Ready To Move,Hebbal,1700.0,3.0,2.0,124.0,3 BHK,7294.117647058823
Ready To Move,Hulimavu,1248.0,2.0,1.0,69.0,2 BHK,5528.846153846154
Ready To Move,Kalkere,1147.0,2.0,1.0,54.0,2 BHK,4707.933740191805
Ready To Move,Sultan Palaya,1100.0,2.0,2.0,40.0,2 BHK,3636.3636363636365
Ready To Move,Vijayanagar,1527.0,3.0,2.0,115.0,3 BHK,7531.106745252128
Ready To Move,Shantiniketan Layout,2400.0,5.0,2.0,235.0,5 BHK,9791.666666666666
Not Ready To Move,Kanakpura Road,525.0,1.0,1.0,25.0,1 BHK,4761.9047619047615
Ready To Move,Kaggadasapura,1100.0,2.0,3.0,58.0,2 BHK,5272.727272727273
Not Ready To Move,Seegehalli,1118.0,2.0,2.0,37.5,2 BHK,3354.2039355992843
Not Ready To Move,Kanakapura,1476.0,3.0,1.0,75.0,3 BHK,5081.30081300813
Ready To Move,Gopal Reddy Layout,2100.0,3.0,1.0,75.0,3 BHK,3571.4285714285716
Not Ready To Move,Roopena Agrahara,1215.0,2.0,2.0,46.5,3 BHK,3827.1604938271603
Ready To Move,Ambalipura,1332.0,2.0,1.0,79.0,2 BHK,5930.930930930931
Ready To Move,Hennur Road,1350.0,2.0,3.0,49.0,2 BHK,3629.6296296296296
Ready To Move,Kothannur,600.0,4.0,1.0,81.0,4 BHK,13500.0
Ready To Move,Haralur Road,1243.0,2.0,2.0,46.0,2 BHK,3700.7240547063557
Ready To Move,NGR Layout,1105.0,2.0,2.0,49.73,2 BHK,4500.4524886877825
Ready To Move,Padmanabhanagar,1500.0,2.0,1.0,200.0,3 BHK,13333.333333333334
Ready To Move,Kasavanhalli,1200.0,2.0,2.0,50.0,2 BHK,4166.666666666667
Not Ready To Move,Ramagondanahalli,1251.0,2.0,1.0,47.4,2 BHK,3788.968824940048
Ready To Move,Kambipura,883.0,2.0,1.0,45.0,2 BHK,5096.262740656852
Ready To Move,Pai Layout,1400.0,2.0,3.0,67.0,3 BHK,4785.714285714285
Ready To Move,Rajaji Nagar,1800.0,3.0,3.0,260.0,3 BHK,14444.444444444445
Ready To Move,Hegde Nagar,1703.0,3.0,2.0,113.0,3 BHK,6635.3493834409865
Ready To Move,NRI Layout,2500.0,5.0,3.0,130.0,5 BHK,5200.0
Ready To Move,Varthur,1250.0,3.0,2.0,71.0,3 BHK,5680.0
Ready To Move,Jigani,933.0,2.0,2.0,43.0,2 BHK,4608.788853161844
Ready To Move,sankeswari,461.82,1.0,1.0,31.7,1 BHK,6864.146204148803
Ready To Move,Brookefield,1262.0,2.0,1.0,75.0,2 BHK,5942.947702060222
Ready To Move,Yelahanka,915.0,2.0,2.0,48.0,2 BHK,5245.901639344263
Ready To Move,Panathur,1370.0,2.0,2.0,61.5,3 BHK,4489.051094890511
Ready To Move,Malleshpalya,1210.0,2.0,3.0,55.0,2 BHK,4545.454545454545
Ready To Move,Kodihalli,2392.0,4.0,2.0,260.0,3 BHK,10869.565217391304
Not Ready To Move,T c palya,1500.0,2.0,0.0,85.0,3 BHK,5666.666666666667
Ready To Move,Govindraja Nagar,1065.0,2.0,3.0,50.0,2 BHK,4694.835680751174
Ready To Move,Rajaji Nagar,3100.0,4.0,2.0,570.0,4 BHK,18387.09677419355
Ready To Move,Ramamurthy Nagar,1515.0,3.0,3.0,65.0,3 BHK,4290.42904290429
Not Ready To Move,Sarjapura - Attibele Road,1800.0,4.0,2.0,110.0,4 BHK,6111.111111111111
Ready To Move,Thanisandra,1445.0,2.0,3.0,40.31,3 BHK,2789.61937716263
Ready To Move,Uttarahalli,1300.0,2.0,1.0,55.0,3 BHK,4230.7692307692305
Ready To Move,Vijayanagar,989.0,2.0,0.0,60.0,2 BHK,6066.734074823054
Ready To Move,Jakkur,1300.0,2.0,1.0,85.0,2 BHK,6538.461538461538
Not Ready To Move,Chandapura,1185.0,2.0,2.0,30.22,3 BHK,2550.2109704641352
Ready To Move,Battarahalli,1350.0,3.0,1.0,110.0,5 BHK,8148.148148148148
Ready To Move,Marathahalli,1045.0,2.0,3.0,60.0,2 BHK,5741.626794258374
Not Ready To Move,Virat Nagar,1205.0,2.0,2.0,42.18,2 BHK,3500.414937759336
Ready To Move,Chennammanakere Achukattu,1260.0,2.0,1.0,75.0,2 BHK,5952.380952380952
Ready To Move,Devanahalli Road,1320.0,5.0,2.0,199.0,5 BHK,15075.757575757576
Ready To Move,Ulsoor,1500.0,2.0,2.0,125.0,3 BHK,8333.333333333334
Not Ready To Move,Bommanahalli,1250.0,2.0,2.0,42.5,3 BHK,3400.0
Not Ready To Move,"Maragondana Halli, kr puram, old madras road",1199.0,2.0,2.0,50.0,2 BHK,4170.141784820684
Ready To Move,Hennur Road,1385.0,2.0,1.0,83.09,2 BHK,5999.27797833935
Ready To Move,Lakshminarayana Pura,1149.0,2.0,1.0,75.0,2 BHK,6527.415143603133
Ready To Move,Sarjapur  Road,2180.0,3.0,2.0,170.0,3 BHK,7798.165137614679
Ready To Move,Thurahalli,1200.0,5.0,0.0,195.0,5 BHK,16250.0
Ready To Move,Hulimavu,1818.0,3.0,1.0,135.0,3 BHK,7425.742574257426
Ready To Move,Volagerekallahalli,1070.0,2.0,2.0,33.0,2 BHK,3084.11214953271
Ready To Move,Rajaji Nagar,1640.0,3.0,2.0,241.0,3 BHK,14695.121951219513
Ready To Move,Nagarbhavi,1350.0,2.0,2.0,54.6,3 BHK,4044.4444444444443
Ready To Move,Chandapura,630.0,1.0,1.0,27.0,2 BHK,4285.714285714285
Not Ready To Move,Hoodi,1430.0,2.0,2.0,113.0,2 BHK,7902.097902097902
Ready To Move,Nagavara,2430.0,4.0,3.0,180.0,3 BHK,7407.407407407408
Ready To Move,Sarjapur  Road,1084.0,2.0,3.0,55.0,2 BHK,5073.8007380073805
Ready To Move,Hennur Road,1186.0,2.0,1.0,56.0,3 BHK,4721.753794266442
Ready To Move,Kengeri,1255.0,2.0,2.0,50.0,2 BHK,3984.06374501992
Ready To Move,Haralur Road,3400.0,5.0,3.0,240.0,4 BHK,7058.823529411765
Not Ready To Move,Hosa Road,1541.0,3.0,1.0,69.84,3 BHK,4532.121998702141
Ready To Move,Iblur Village,3596.0,5.0,1.0,282.0,4 BHK,7842.046718576195
Ready To Move,Raja Rajeshwari Nagar,1295.0,2.0,2.0,70.0,2 BHK,5405.405405405405
Ready To Move,Kasavanhalli,1000.0,4.0,3.0,110.0,3 BHK,11000.0
Ready To Move,Sanjeevini Nagar,2820.0,3.0,2.0,285.0,3 BHK,10106.382978723404
Ready To Move,7th Phase JP Nagar,1370.0,2.0,2.0,54.79,3 BHK,3999.2700729927005
Ready To Move,Electronic City,1100.0,2.0,1.0,40.0,2 BHK,3636.3636363636365
Not Ready To Move,Hebbal,4772.0,6.0,2.0,510.0,4 BHK,10687.34283319363
Ready To Move,Rajaji Nagar,1370.0,2.0,1.0,170.0,2 BHK,12408.759124087592
Ready To Move,7th Phase JP Nagar,1370.0,2.0,1.0,54.79,3 BHK,3999.2700729927005
Ready To Move,JP Nagar,1200.0,2.0,2.0,62.0,2 BHK,5166.666666666667
Ready To Move,Gunjur,2000.0,3.0,0.0,95.0,4 BHK,4750.0
Ready To Move,9th Phase JP Nagar,3500.0,4.0,2.0,300.0,4 BHK,8571.42857142857
Ready To Move,2nd Stage Nagarbhavi,1200.0,4.0,3.0,240.0,5 BHK,20000.0
Ready To Move,Kengeri,2400.0,5.0,2.0,253.0,4 BHK,10541.666666666666
Ready To Move,Sarjapur  Road,1220.0,3.0,2.0,62.0,3 BHK,5081.9672131147545
Ready To Move,Kanakapura Road,1950.0,3.0,2.0,130.0,3 BHK,6666.666666666667
Ready To Move,Somasundara Palya,1178.0,2.0,3.0,73.0,2 BHK,6196.9439728353145
Ready To Move,Dasanapura,1286.0,3.0,2.0,61.44,3 BHK,4777.604976671851
Ready To Move,Begur Road,1160.0,2.0,2.0,42.0,2 BHK,3620.689655172414
Ready To Move,Jigani,918.0,2.0,2.0,55.0,2 BHK,5991.285403050109
Not Ready To Move,Electronic City,1563.0,3.0,2.0,91.84,3 BHK,5875.879718490083
Not Ready To Move,Govindpura,1326.0,2.0,1.0,62.17,2 BHK,4688.536953242836
Ready To Move,3rd Block Jayanagar,1350.0,2.0,2.0,140.0,3 BHK,10370.37037037037
Not Ready To Move,Hebbal,3960.0,5.0,3.0,386.0,4 BHK,9747.474747474747
Ready To Move,Begur Road,1240.0,2.0,2.0,39.06,2 BHK,3150.0
Ready To Move,Kaggadasapura,1325.0,2.0,2.0,50.0,2 BHK,3773.5849056603774
Ready To Move,Sonnenahalli,1100.0,2.0,1.0,44.0,2 BHK,4000.0
Ready To Move,Cunningham Road,3875.0,3.0,2.0,800.0,3 BHK,20645.16129032258
Ready To Move,Gollarapalya Hosahalli,1605.0,3.0,2.0,50.0,3 BHK,3115.264797507788
Ready To Move,Hennur Road,5600.0,5.0,3.0,515.0,5 BHK,9196.42857142857
Ready To Move,Somasundara Palya,1260.0,2.0,1.0,60.0,2 BHK,4761.9047619047615
Not Ready To Move,Hoodi,1553.0,3.0,2.0,83.09,3 BHK,5350.289761751449
Ready To Move,Whitefield,1280.0,2.0,2.0,52.0,2 BHK,4062.5
Ready To Move,Hebbal,1550.0,2.0,2.0,75.0,3 BHK,4838.709677419355
Ready To Move,Arekere,1445.0,2.0,2.0,125.0,3 BHK,8650.519031141868
Ready To Move,Murugeshpalya,1550.0,3.0,2.0,74.0,3 BHK,4774.193548387097
Ready To Move,Electronics City Phase 1,1515.0,2.0,1.0,80.91,3 BHK,5340.59405940594
Not Ready To Move,Hosa Road,1332.0,2.0,1.0,86.12,3 BHK,6465.465465465465
Ready To Move,Electronic City,1652.0,3.0,2.0,70.0,3 BHK,4237.28813559322
Ready To Move,Hegde Nagar,1570.0,3.0,1.0,105.0,3 BHK,6687.898089171975
Ready To Move,Sarjapur  Road,5400.0,4.0,3.0,725.0,4 BHK,13425.925925925925
Ready To Move,Sector 2 HSR Layout,794.0,1.0,1.0,60.0,1 BHK,7556.675062972292
Ready To Move,Seegehalli,1200.0,2.0,0.0,62.0,3 BHK,5166.666666666667
Ready To Move,7th Phase JP Nagar,3600.0,3.0,2.0,410.0,4 BHK,11388.888888888889
Ready To Move,Hosakerehalli,1200.0,3.0,2.0,175.0,3 BHK,14583.333333333334
Ready To Move,JP Nagar,1650.0,3.0,1.0,220.0,4 BHK,13333.333333333334
Ready To Move,Chandra Layout,600.0,2.0,1.0,85.0,4 BHK,14166.666666666666
Ready To Move,HRBR Layout,2800.0,3.0,2.0,250.0,3 BHK,8928.57142857143
Ready To Move,Sarjapur  Road,1750.0,3.0,2.0,110.0,3 BHK,6285.714285714285
Ready To Move,Hebbal,1053.0,2.0,1.0,48.0,2 BHK,4558.404558404558
Not Ready To Move,Kanakpura Road,1100.0,3.0,2.0,53.0,3 BHK,4818.181818181818
Ready To Move,Kadubeesanahalli,1665.0,3.0,3.0,70.0,3 BHK,4204.204204204204
Ready To Move,Outer Ring Road East,4051.0,4.0,3.0,345.0,4 BHK,8516.415699827203
Ready To Move,Malleshwaram,5500.0,5.0,1.0,1500.0,4 BHK,27272.727272727272
Ready To Move,Bommasandra,1447.0,3.0,2.0,80.0,3 BHK,5528.6800276434005
Ready To Move,Balagere,1012.0,2.0,1.0,75.0,2 BHK,7411.067193675889
Ready To Move,Malleshpalya,1900.0,3.0,2.0,60.0,3 BHK,3157.8947368421054
Ready To Move,Narayanapura,1308.0,2.0,2.0,92.66,2 BHK,7084.0978593272175
Ready To Move,Green Glen Layout,3250.0,4.0,2.0,230.0,4 BHK,7076.923076923077
Ready To Move,Hormavu,1351.0,2.0,1.0,53.0,1 BHK,3923.019985196151
Ready To Move,Electronic City,1000.0,2.0,2.0,22.0,2 BHK,2200.0
Ready To Move,J P Nagar 7th Phase Ramayya City,1200.0,4.0,2.0,350.0,4 BHK,29166.666666666668
Not Ready To Move,Gunjur,1140.0,2.0,2.0,49.11,2 BHK,4307.894736842105
Ready To Move,Uttarahalli,1250.0,2.0,1.0,55.0,3 BHK,4400.0
Ready To Move,Kanakapura,1290.0,3.0,3.0,45.15,3 BHK,3500.0
Ready To Move,Ambedkar Nagar,1424.0,2.0,2.0,90.0,2 BHK,6320.224719101124
Ready To Move,Garudachar Palya,1320.0,2.0,2.0,60.6,3 BHK,4590.909090909091
Ready To Move,Akshaya Nagar,1662.0,3.0,2.0,85.5,3 BHK,5144.404332129964
Ready To Move,Shanthala Nagar,8321.0,5.0,3.0,2700.0,5 BHK,32448.02307414974
Ready To Move,Begur Road,1200.0,2.0,2.0,45.0,2 BHK,3750.0
Ready To Move,Koramangala,1975.0,3.0,2.0,210.0,3 BHK,10632.911392405063
Ready To Move,Garudachar Palya,1295.0,2.0,2.0,59.5,3 BHK,4594.594594594595
Ready To Move,Battarahalli,1777.0,3.0,2.0,100.0,3 BHK,5627.462014631401
Not Ready To Move,Kadugodi,1900.0,3.0,2.0,108.0,3 BHK,5684.210526315789
Not Ready To Move,Anandapura,1576.0,3.0,2.0,59.1,3 BHK,3750.0
Ready To Move,Sompura,1020.0,2.0,3.0,41.0,2 BHK,4019.607843137255
Ready To Move,Green Domain Layout,2100.0,3.0,3.0,170.0,3 BHK,8095.238095238095
Not Ready To Move,Raja Rajeshwari Nagar,648.0,1.0,1.0,31.75,1 BHK,4899.691358024691
Ready To Move,Neeladri Nagar,1167.0,2.0,1.0,38.0,3 BHK,3256.212510711225
Ready To Move,Hoodi,1220.0,2.0,2.0,50.89,2 BHK,4171.311475409836
Ready To Move,Kogilu,2350.0,5.0,1.0,327.0,3 BHK,13914.893617021276
Ready To Move,Vittasandra,1259.0,2.0,1.0,67.4,2 BHK,5353.455123113583
Ready To Move,Gottigere,2000.0,4.0,2.0,82.0,4 BHK,4100.0
Ready To Move,8th Phase JP Nagar,1800.0,3.0,1.0,80.0,3 BHK,4444.444444444444
Ready To Move,Cleveland Town,1991.0,3.0,2.0,160.0,3 BHK,8036.162732295329
Ready To Move,Bannerghatta,1665.0,3.0,3.0,110.0,3 BHK,6606.606606606607
Not Ready To Move,"Hoodi Circle, ",1234.0,2.0,1.0,61.0,2 BHK,4943.273905996759
Ready To Move,Mysore Road,1340.0,2.0,2.0,64.31,3 BHK,4799.253731343284
Ready To Move,Banashankari,1170.0,2.0,2.0,46.79,2 BHK,3999.1452991452993
Ready To Move,Electronics City Phase 1,995.0,2.0,0.0,46.0,2 BHK,4623.115577889447
Ready To Move,Old Airport Road,1075.0,2.0,2.0,60.0,2 BHK,5581.395348837209
Not Ready To Move,Electronic City,1025.0,2.0,1.0,54.5,2 BHK,5317.073170731707
Ready To Move,Rachenahalli,2721.0,3.0,2.0,113.0,3 BHK,4152.884968761485
Ready To Move,Thanisandra,2000.0,3.0,2.0,99.0,3 BHK,4950.0
Ready To Move,Whitefield,2500.0,4.0,3.0,155.0,4 BHK,6200.0
Ready To Move,Mallasandra,1325.0,2.0,2.0,70.0,2 BHK,5283.018867924528
Not Ready To Move,Kadugodi,1314.0,2.0,3.0,68.2,2 BHK,5190.258751902587
Not Ready To Move,Kanakpura Road,2265.0,3.0,2.0,136.0,3 BHK,6004.415011037528
Not Ready To Move,Yelahanka,1026.0,2.0,1.0,41.0,2 BHK,3996.101364522417
Ready To Move,Syndicate Bank Colony,1200.0,3.0,2.0,66.0,3 BHK,5500.0
Ready To Move,Kada Agrahara,2220.0,4.0,2.0,65.0,3 BHK,2927.927927927928
Not Ready To Move,Hebbal,1420.0,2.0,1.0,99.39,2 BHK,6999.295774647887
Ready To Move,Sarjapur  Road,1888.0,4.0,1.0,95.0,3 BHK,5031.779661016949
Not Ready To Move,JP Nagar,1300.0,2.0,1.0,90.87,2 BHK,6990.0
Not Ready To Move,Rajaji Nagar,1216.0,2.0,0.0,97.16,2 BHK,7990.131578947368
Not Ready To Move,"Off Sarjapur road, ",3000.0,4.0,3.0,342.0,4 BHK,11400.0
Ready To Move,Begur,1559.0,3.0,2.0,63.0,3 BHK,4041.0519563822963
Ready To Move,Harlur,1290.0,2.0,1.0,87.0,2 BHK,6744.186046511628
Not Ready To Move,Whitefield,905.0,1.0,1.0,55.0,1 BHK,6077.348066298343
Ready To Move,Nanjappa Layout,1069.0,2.0,1.0,55.0,2 BHK,5144.9953227315245
Not Ready To Move,Sarjapura - Attibele Road,829.0,2.0,1.0,22.8,2 BHK,2750.301568154403
Ready To Move,Koramangala,1900.0,2.0,1.0,200.0,2 BHK,10526.315789473685
Ready To Move,Sarjapur  Road,1300.0,3.0,2.0,60.0,3 BHK,4615.384615384615
Ready To Move,Channasandra,1115.0,2.0,1.0,33.45,2 BHK,3000.0000000000005
Ready To Move,Rajaji Nagar,2409.0,3.0,2.0,360.0,3 BHK,14943.960149439601
Ready To Move,Ambedkar Nagar,2150.0,4.0,2.0,125.0,3 BHK,5813.953488372093
Not Ready To Move,Marathahalli,1305.0,2.0,1.0,69.0,3 BHK,5287.35632183908
Not Ready To Move,Kanakpura Road,1252.0,2.0,1.0,56.32,2 BHK,4498.402555910543
Ready To Move,Hosakerehalli,2400.0,5.0,2.0,250.0,5 BHK,10416.666666666666
Not Ready To Move,Whitefield,1200.0,2.0,1.0,46.13,2 BHK,3844.1666666666665
Ready To Move,Koramangala,1750.0,3.0,1.0,130.0,3 BHK,7428.571428571428
Ready To Move,Electronic City Phase II,545.0,1.0,1.0,35.0,2 BHK,6422.018348623853
Ready To Move,BEL Layout,1375.0,2.0,1.0,105.0,2 BHK,7636.363636363636
Ready To Move,Subramanyapura,1313.0,2.0,2.0,66.5,2 BHK,5064.737242955065
Ready To Move,Attibele,3640.0,4.0,1.0,275.0,4 BHK,7554.945054945055
Not Ready To Move,Akshayanagara East,1693.0,3.0,2.0,108.0,3 BHK,6379.208505611341
Ready To Move,JCR Layout,1160.0,2.0,1.0,41.75,2 BHK,3599.137931034483
Ready To Move,Sri Kanteshwara Nagar,1200.0,3.0,0.0,200.0,3 BHK,16666.666666666668
Ready To Move,Subramanyapura,1255.0,2.0,2.0,79.0,3 BHK,6294.820717131474
Ready To Move,KR Puram,1000.0,4.0,1.0,75.0,4 BHK,7500.0
Ready To Move,Bellari Road,900.0,2.0,1.0,45.0,2 BHK,5000.0
Ready To Move,Yelahanka New Town,1700.0,3.0,2.0,90.0,3 BHK,5294.117647058823
Ready To Move,Indira Nagar,1875.0,3.0,1.0,180.0,3 BHK,9600.0
Ready To Move,Uttarahalli,1700.0,3.0,2.0,88.0,3 BHK,5176.470588235294
Ready To Move,Harlur,1749.0,3.0,2.0,115.0,3 BHK,6575.18582046884
Ready To Move,Dasanapura,1500.0,3.0,1.0,65.0,2 BHK,4333.333333333333
Ready To Move,Varanasi,1175.0,2.0,1.0,48.0,2 BHK,4085.1063829787236
Ready To Move,Akshaya Nagar,1280.0,2.0,1.0,60.0,2 BHK,4687.5
Ready To Move,Abbaiah Reddy Layout,1200.0,2.0,2.0,50.0,2 BHK,4166.666666666667
Ready To Move,Ramagondanahalli,1610.0,2.0,2.0,115.0,3 BHK,7142.857142857143
Ready To Move,Electronic City,1070.0,2.0,1.0,46.0,2 BHK,4299.065420560748
Ready To Move,TC Palaya,1200.0,2.0,0.0,66.0,2 BHK,5500.0
Not Ready To Move,9th Phase JP Nagar,1127.0,2.0,1.0,50.0,2 BHK,4436.557231588287
Ready To Move,Indira Nagar,1210.0,2.0,1.0,102.0,2 BHK,8429.752066115703
Ready To Move,Jyothi Nagar,600.0,2.0,1.0,23.0,2 BHK,3833.3333333333335
Ready To Move,Thigalarapalya,4190.0,4.0,3.0,380.0,4 BHK,9069.212410501194
Ready To Move,Tata Nagar,1364.0,2.0,2.0,70.0,2 BHK,5131.964809384164
Ready To Move,Whitefield,2268.0,3.0,0.0,146.0,4 BHK,6437.389770723104
Ready To Move,RK Layout 2nd Stage,1150.0,2.0,2.0,77.5,3 BHK,6739.130434782609
Ready To Move,Tirumanahalli,1146.0,2.0,1.0,39.5,2 BHK,3446.7713787085513
Ready To Move,Magadi Road,1345.0,2.0,2.0,55.0,2 BHK,4089.2193308550186
Ready To Move,Mylasandra,1110.0,2.0,2.0,41.0,2 BHK,3693.6936936936936
Ready To Move,Kengeri,750.0,2.0,1.0,36.0,2 BHK,4800.0
Ready To Move,Motappa Layout,1156.0,2.0,2.0,49.5,2 BHK,4282.006920415225
Ready To Move,Pattandur Agrahara,1247.0,2.0,1.0,59.8,2 BHK,4795.50922213312
Ready To Move,Mangammanapalya,1058.0,2.0,2.0,60.0,2 BHK,5671.077504725898
Ready To Move,Kaggalipura,950.0,2.0,1.0,48.0,2 BHK,5052.631578947368
Ready To Move,Vasanthapura,420.0,2.0,0.0,35.0,2 BHK,8333.333333333334
Ready To Move,BTM 1st Stage,600.0,2.0,2.0,90.0,4 BHK,15000.0
Not Ready To Move,Vijayanagar,1520.0,2.0,1.0,103.0,3 BHK,6776.315789473684
Ready To Move,Marathahalli,1215.0,2.0,2.0,58.86,2 BHK,4844.444444444444
Ready To Move,Raghuvanahalli,900.0,1.0,1.0,30.0,1 BHK,3333.3333333333335
Ready To Move,Hennur Road,2350.0,3.0,2.0,174.0,3 BHK,7404.255319148936
Ready To Move,Thanisandra,1050.0,2.0,2.0,46.0,2 BHK,4380.952380952381
Ready To Move, Devarabeesana Halli,1672.0,3.0,2.0,150.0,3 BHK,8971.291866028709
Ready To Move,Laggere,2800.0,5.0,2.0,125.0,5 BHK,4464.285714285715
Ready To Move,MCECHS  layout,1500.0,2.0,2.0,65.0,3 BHK,4333.333333333333
Ready To Move,Geddalahalli,1400.0,2.0,2.0,65.0,2 BHK,4642.857142857143
Ready To Move,8th Phase JP Nagar,2700.0,4.0,2.0,130.0,4 BHK,4814.814814814815
Not Ready To Move,Bommasandra,920.0,2.0,1.0,37.46,2 BHK,4071.7391304347825
Not Ready To Move,Sarjapur  Road,1200.0,3.0,2.0,70.0,3 BHK,5833.333333333333
Ready To Move,Brindavan Nagar,1250.0,3.0,2.0,139.0,3 BHK,11120.0
Not Ready To Move,Hosakerehalli,1817.0,4.0,2.0,153.0,3 BHK,8420.473307649972
Ready To Move,Cooke Town,2043.0,6.0,2.0,375.0,5 BHK,18355.359765051395
Ready To Move,HSR Layout,1140.0,2.0,2.0,46.0,2 BHK,4035.0877192982457
Ready To Move,Yelahanka,4346.0,4.0,1.0,450.0,4 BHK,10354.348826507134
Ready To Move,Haralur Road,1464.0,2.0,2.0,56.0,2 BHK,3825.136612021858
Ready To Move,Ambedkar Colony,1468.0,3.0,2.0,130.0,2 BHK,8855.58583106267
Ready To Move,Electronics City Phase 1,1555.0,2.0,1.0,82.0,3 BHK,5273.311897106109
Ready To Move,Whitefield,1150.0,2.0,0.0,55.0,2 BHK,4782.608695652174
Not Ready To Move,Kadubeesanahalli,970.0,2.0,1.0,35.0,2 BHK,3608.2474226804125
Not Ready To Move,Banashankari,2500.0,4.0,3.0,95.0,4 BHK,3800.0
Ready To Move,Seetharampalya,1166.0,2.0,1.0,53.0,2 BHK,4545.454545454545
Ready To Move,Konanakunte,2779.0,3.0,1.0,317.0,3 BHK,11406.980928391507
Ready To Move,Electronic City,1350.0,3.0,2.0,58.0,3 BHK,4296.2962962962965
Ready To Move,Mariyannapalya,900.0,2.0,3.0,46.0,2 BHK,5111.111111111111
Ready To Move,7th Phase JP Nagar,1300.0,2.0,2.0,52.0,3 BHK,4000.0
Ready To Move,Kanaka Nagar,1190.0,3.0,1.0,55.0,3 BHK,4621.848739495798
Ready To Move,Kodichikkanahalli,1495.0,2.0,2.0,75.0,3 BHK,5016.722408026756
Ready To Move,Indira Nagar,1224.0,2.0,2.0,105.0,2 BHK,8578.43137254902
Ready To Move,Banashankari Stage III,1350.0,2.0,2.0,68.0,3 BHK,5037.037037037037
Ready To Move,Green Glen Layout,940.0,2.0,1.0,56.8,2 BHK,6042.553191489362
Ready To Move,Raja Rajeshwari Nagar,1100.0,2.0,1.0,55.0,2 BHK,5000.0
Ready To Move,Kaikondrahalli,1300.0,2.0,2.0,61.0,2 BHK,4692.307692307692
Ready To Move,Palace Road,1480.0,2.0,0.0,145.0,3 BHK,9797.297297297297
Ready To Move,Hoodi,1105.0,2.0,2.0,46.37,2 BHK,4196.380090497738
Not Ready To Move,Sarjapur  Road,2600.0,3.0,2.0,200.0,3 BHK,7692.307692307692
Not Ready To Move,Yelahanka,1517.0,3.0,2.0,76.3,3 BHK,5029.663810151615
Ready To Move,Jalahalli,1615.0,3.0,2.0,89.75,3 BHK,5557.275541795666
Ready To Move,MCECHS  layout,1500.0,3.0,2.0,65.0,3 BHK,4333.333333333333
Ready To Move,Mysore Road,1082.0,3.0,1.0,50.5,3 BHK,4667.28280961183
Ready To Move,Marathahalli,1365.0,2.0,2.0,73.0,2 BHK,5347.985347985348
Ready To Move,Electronic City,1000.0,2.0,3.0,25.0,2 BHK,2500.0
Ready To Move,CV Raman Nagar,1392.0,2.0,1.0,98.0,2 BHK,7040.229885057472
Not Ready To Move,Kodigehalli,1086.0,2.0,1.0,33.66,2 BHK,3099.4475138121543
Ready To Move,Hennur Road,1586.0,3.0,3.0,93.94,3 BHK,5923.076923076923
Ready To Move,Hennur,1100.0,2.0,1.0,60.0,2 BHK,5454.545454545455
Not Ready To Move,Electronic City Phase II,1065.0,2.0,1.0,30.75,2 BHK,2887.323943661972
Ready To Move,TC Palaya,1500.0,2.0,1.0,120.0,3 BHK,8000.0
Ready To Move,7th Phase JP Nagar,1575.0,2.0,2.0,120.0,3 BHK,7619.047619047619
Ready To Move,Hennur Road,1975.0,3.0,3.0,123.0,3 BHK,6227.848101265823
Ready To Move,Nelamangala,820.0,2.0,2.0,24.0,2 BHK,2926.829268292683
Ready To Move,Gubbalala,1745.0,3.0,2.0,110.0,3 BHK,6303.7249283667625
Ready To Move,Nagarbhavi,1223.0,2.0,1.0,60.0,2 BHK,4905.968928863451
Ready To Move,Ananth Nagar,1200.0,2.0,1.0,65.0,3 BHK,5416.666666666667
Ready To Move,Basaveshwara Nagar,1200.0,2.0,0.0,90.0,2 BHK,7500.0
Not Ready To Move,Binny Pete,665.0,1.0,1.0,46.08,1 BHK,6929.3233082706765
Ready To Move,Bharathi Nagar,1351.0,2.0,2.0,70.0,2 BHK,5181.347150259067
Not Ready To Move,Hebbal,1355.0,3.0,1.0,83.87,3 BHK,6189.667896678967
Ready To Move,Sector 7 HSR Layout,3900.0,3.0,2.0,300.0,3 BHK,7692.307692307692
Not Ready To Move,Thanisandra,1588.0,3.0,1.0,75.55,3 BHK,4757.556675062972
Ready To Move,Amruthahalli,900.0,2.0,1.0,60.0,2 BHK,6666.666666666667
Ready To Move,Bhuvaneshwari Nagar,440.0,3.0,0.0,50.0,3 BHK,11363.636363636364
Not Ready To Move,Harlur,3385.0,4.0,2.0,260.0,4 BHK,7680.945347119646
Ready To Move,Panathur,1370.0,2.0,2.0,75.0,3 BHK,5474.4525547445255
Not Ready To Move,Whitefield,1500.0,3.0,1.0,71.8,3 BHK,4786.666666666667
Ready To Move,Pulikeshi Nagar,2280.0,3.0,2.0,285.0,3 BHK,12500.0
Not Ready To Move,Kanakpura Road,1100.0,3.0,2.0,53.0,3 BHK,4818.181818181818
Ready To Move,Hoodi,1247.0,2.0,0.0,53.0,2 BHK,4250.200481154771
Not Ready To Move,Domlur Layout,2000.0,3.0,2.0,200.0,3 BHK,10000.0
Not Ready To Move,Balagere,1020.07,2.0,1.0,68.38,2 BHK,6703.461527150097
Not Ready To Move,Gunjur Palya,1033.0,2.0,2.0,32.0,3 BHK,3097.773475314618
Ready To Move,B Narayanapura,1460.0,2.0,3.0,73.0,3 BHK,5000.0
Ready To Move,Garudachar Palya,1150.0,2.0,2.0,52.8,2 BHK,4591.304347826087
Ready To Move,Sarjapur  Road,5965.0,5.0,2.0,385.0,5 BHK,6454.316848281643
Ready To Move,Babusapalaya,1141.0,2.0,1.0,46.0,2 BHK,4031.5512708150745
Ready To Move,Doddaballapur,4200.0,4.0,3.0,325.0,4 BHK,7738.0952380952385
Not Ready To Move,Hosa Road,1665.0,2.0,3.0,125.0,3 BHK,7507.507507507507
Not Ready To Move,Kanakapura,1295.0,2.0,2.0,64.0,2 BHK,4942.084942084942
Not Ready To Move,Haralur Road,1230.0,2.0,1.0,78.0,2 BHK,6341.463414634146
Ready To Move,Anand Nagar,1080.0,2.0,2.0,75.0,3 BHK,6944.444444444444
Ready To Move,Kaggalipura,1000.0,2.0,1.0,60.0,2 BHK,6000.0
Ready To Move,Kaval Byrasandra,2400.0,2.0,0.0,50.0,3 BHK,2083.3333333333335
Not Ready To Move,Rayasandra,1708.0,3.0,2.0,75.0,3 BHK,4391.100702576113
Ready To Move,Thanisandra,1697.0,3.0,2.0,115.0,3 BHK,6776.664702416028
Ready To Move,Whitefield,3537.0,5.0,3.0,210.0,4 BHK,5937.234944868533
Not Ready To Move,Hosa Road,615.0,1.0,1.0,28.29,1 BHK,4600.0
Ready To Move,Banashankari,1350.0,2.0,0.0,83.0,3 BHK,6148.148148148148
Not Ready To Move,Jalahalli,1083.0,2.0,1.0,32.49,2 BHK,3000.0
Ready To Move,Gottigere,1460.0,2.0,2.0,65.0,3 BHK,4452.054794520548
Ready To Move,Babusapalaya,1084.0,2.0,1.0,58.0,2 BHK,5350.553505535056
Not Ready To Move,Bommasandra,1035.0,2.0,1.0,41.43,2 BHK,4002.8985507246375
Ready To Move,Vijaya Bank Layout,2400.0,2.0,1.0,150.0,3 BHK,6250.0
Ready To Move,Hosur Road,460.0,1.0,1.0,21.0,1 BHK,4565.217391304348
Ready To Move,Narayanappa Layout,950.0,5.0,2.0,90.0,5 BHK,9473.684210526315
Ready To Move,Whitefield,1285.0,2.0,2.0,55.9,2 BHK,4350.194552529183
Ready To Move,Sarjapur,1200.0,3.0,2.0,78.0,3 BHK,6500.0
Ready To Move,Raghuvanahalli,1070.0,2.0,1.0,35.0,2 BHK,3271.0280373831774
Ready To Move,Hegde Nagar,1801.0,3.0,2.0,140.0,3 BHK,7773.459189339256
Not Ready To Move,Whitefield,1697.0,3.0,2.0,115.0,3 BHK,6776.664702416028
Ready To Move,AECS Layout,1199.0,2.0,2.0,65.0,2 BHK,5421.184320266889
Ready To Move,Iblur Village,2300.0,3.0,1.0,220.0,3 BHK,9565.217391304348
Ready To Move,Mysore Road,1340.0,2.0,3.0,64.31,3 BHK,4799.253731343284
Ready To Move,Marathahalli,3800.0,4.0,3.0,205.0,4 BHK,5394.736842105263
Ready To Move,Jigani,600.0,5.0,2.0,50.0,5 BHK,8333.333333333334
Ready To Move,Wilson Garden,1125.0,2.0,1.0,75.0,2 BHK,6666.666666666667
Ready To Move,Anandapura,1200.0,2.0,1.0,67.0,2 BHK,5583.333333333333
Ready To Move,Subramanyapura,1050.0,2.0,3.0,41.0,2 BHK,3904.7619047619046
Ready To Move,Nagarbhavi,956.0,2.0,1.0,49.0,2 BHK,5125.523012552301
Ready To Move,Sarjapur,1000.0,2.0,2.0,30.0,2 BHK,3000.0
Ready To Move,Dooravani Nagar,1596.0,3.0,0.0,95.0,3 BHK,5952.380952380952
Not Ready To Move,Kanakpura Road,1296.0,2.0,3.0,89.06,2 BHK,6871.913580246914
Ready To Move,Challaghatta,1639.0,3.0,3.0,123.0,3 BHK,7504.5759609518
Ready To Move,Electronic City Phase II,1219.0,2.0,1.0,61.25,2 BHK,5024.610336341263
Ready To Move,Uttarahalli,1200.0,3.0,1.0,50.0,3 BHK,4166.666666666667
Ready To Move,Bannerghatta Road,1218.0,2.0,1.0,73.0,2 BHK,5993.431855500821
Ready To Move,Nyanappana Halli,920.0,2.0,3.0,37.0,2 BHK,4021.7391304347825
Ready To Move,Yeshwanthpur,2559.0,3.0,2.0,141.0,3 BHK,5509.964830011723
Not Ready To Move,2nd Phase Judicial Layout,525.0,1.0,1.0,26.0,1 BHK,4952.380952380952
Not Ready To Move,Bannerghatta Road,1427.0,2.0,2.0,48.51,3 BHK,3399.4393833216536
Not Ready To Move,Kothannur,1270.0,3.0,2.0,45.0,3 BHK,3543.3070866141734
Ready To Move,Ramagondanahalli,920.0,2.0,3.0,65.0,2 BHK,7065.217391304348
Ready To Move,Dommasandra,2700.0,3.0,2.0,68.0,4 BHK,2518.5185185185187
Ready To Move,Indira Nagar 3rd Stage,1740.0,3.0,2.0,199.0,3 BHK,11436.781609195403
Ready To Move,Ramamurthy Nagar,1355.0,2.0,2.0,40.0,3 BHK,2952.029520295203
Ready To Move,Lingadheeranahalli,1530.0,2.0,2.0,90.0,3 BHK,5882.35294117647
Ready To Move,Gokula Extension,1372.0,2.0,1.0,90.0,3 BHK,6559.766763848396
Ready To Move,Nehru Nagar,2363.0,5.0,2.0,120.0,4 BHK,5078.290308929327
Ready To Move,Marathahalli,3895.0,4.0,3.0,220.0,4 BHK,5648.267008985879
Not Ready To Move,Jakkur,1950.0,3.0,2.0,131.0,3 BHK,6717.948717948718
Ready To Move,Hoysalanagar,885.0,2.0,3.0,40.0,2 BHK,4519.774011299435
Ready To Move,Yelahanka,600.0,2.0,2.0,27.0,2 BHK,4500.0
Ready To Move,Kumaraswami Layout,1270.0,4.0,1.0,128.0,5 BHK,10078.740157480315
Ready To Move,Vijayanagar,1380.0,2.0,0.0,225.0,2 BHK,16304.347826086956
Ready To Move,Kanakpura Road,1339.0,2.0,2.0,62.0,2 BHK,4630.321135175504
Ready To Move,Whitefield,1130.0,2.0,1.0,36.0,2 BHK,3185.8407079646017
Ready To Move,Uttarahalli,1085.0,2.0,2.0,43.0,2 BHK,3963.1336405529955
Ready To Move,Yeshwanthpur,1430.0,3.0,2.0,72.0,3 BHK,5034.965034965035
Not Ready To Move,Bhoganhalli,1451.5,4.0,1.0,121.0,4 BHK,8336.203926972097
Ready To Move,Ramakrishnappa Layout,6200.0,5.0,2.0,720.0,5 BHK,11612.90322580645
Ready To Move,AGS Layout,1490.0,2.0,1.0,59.6,3 BHK,4000.0
Ready To Move,Vishwanatha Nagenahalli,1650.0,4.0,0.0,99.0,4 BHK,6000.0
Ready To Move,Bellandur,1286.0,2.0,2.0,57.0,2 BHK,4432.348367029549
Ready To Move,KR Garden,925.0,2.0,2.0,63.0,2 BHK,6810.810810810811
Ready To Move,Bellandur,3016.0,4.0,3.0,230.0,4 BHK,7625.994694960213
Ready To Move,Haralur Road,1000.0,2.0,2.0,44.0,2 BHK,4400.0
Ready To Move,Whitefield,1215.0,2.0,2.0,39.0,2 BHK,3209.8765432098767
Ready To Move,Kanakadasa Layout,1200.0,3.0,1.0,95.0,4 BHK,7916.666666666667
Ready To Move,Lakshminarayana Pura,1336.0,2.0,2.0,100.0,2 BHK,7485.029940119761
Ready To Move,Yeshwanthpur,673.0,1.0,1.0,36.85,1 BHK,5475.482912332838
Ready To Move,Anandapura,1200.0,2.0,1.0,58.0,2 BHK,4833.333333333333
Ready To Move,Malleshwaram,1600.0,3.0,3.0,160.0,3 BHK,10000.0
Ready To Move,Mallathahalli,1200.0,2.0,0.0,79.0,2 BHK,6583.333333333333
Not Ready To Move,Jayamahal Extension,2500.0,3.0,2.0,270.0,3 BHK,10800.0
Ready To Move,Devanahalli,2400.0,5.0,3.0,100.0,5 BHK,4166.666666666667
Ready To Move,Sector 2 HSR Layout,1143.0,2.0,2.0,65.0,2 BHK,5686.789151356081
Ready To Move,Kanakpura Road,1470.0,2.0,2.0,61.74,2 BHK,4200.0
Ready To Move,Laxminarayana Layout,1584.0,3.0,2.0,145.0,4 BHK,9154.040404040405
Ready To Move,Marathahalli,1785.0,3.0,2.0,94.0,3 BHK,5266.106442577031
Ready To Move,Koramangala,2292.0,3.0,2.0,286.0,3 BHK,12478.184991273996
Ready To Move,Kothanur,1460.0,3.0,3.0,71.0,3 BHK,4863.013698630137
Ready To Move,Kasturi Nagar,1500.0,2.0,3.0,80.0,3 BHK,5333.333333333333
Ready To Move,Yelahanka,1200.0,4.0,1.0,140.0,5 BHK,11666.666666666666
Ready To Move,Sanjay nagar,3300.0,3.0,2.0,250.0,5 BHK,7575.757575757576
Ready To Move,Chikkalasandra,1230.0,2.0,2.0,48.0,2 BHK,3902.439024390244
Ready To Move,Yelahanka New Town,650.0,1.0,1.0,20.0,1 BHK,3076.923076923077
Ready To Move,Benson Town,1480.0,2.0,1.0,120.0,2 BHK,8108.108108108108
Ready To Move,Thanisandra,1220.0,2.0,1.0,43.92,2 BHK,3600.0
Ready To Move,Dooravani Nagar,1570.0,3.0,1.0,115.0,3 BHK,7324.84076433121
Ready To Move,Sadashiva Nagar,3000.0,3.0,3.0,400.0,3 BHK,13333.333333333334
Ready To Move,Mallasandra,1665.0,3.0,2.0,86.91,3 BHK,5219.81981981982
Ready To Move,Banagiri Nagar,1350.0,3.0,1.0,380.0,3 BHK,28148.14814814815
Ready To Move,Sarjapur  Road,4000.0,5.0,2.0,600.0,4 BHK,15000.0
Ready To Move,Ramamurthy Nagar,1100.0,2.0,0.0,68.0,2 BHK,6181.818181818182
Ready To Move,Kathriguppe,1350.0,2.0,1.0,87.01,3 BHK,6445.185185185185
Ready To Move,Kasavanhalli,1719.0,3.0,2.0,116.0,3 BHK,6748.109365910413
Ready To Move,Budigere,664.0,1.0,1.0,35.0,1 BHK,5271.084337349397
Not Ready To Move,Sonnenahalli,1011.0,2.0,1.0,50.53,2 BHK,4998.021760633037
Ready To Move,Basaveshwara Nagar Yelahanka,1680.0,3.0,2.0,85.0,3 BHK,5059.523809523809
Ready To Move,Thyagaraja Nagar,700.0,4.0,2.0,110.0,4 BHK,15714.285714285714
Ready To Move,Whitefield,1520.0,2.0,2.0,150.0,3 BHK,9868.421052631578
Ready To Move,Uttarahalli,1350.0,2.0,2.0,53.0,3 BHK,3925.925925925926
Not Ready To Move,Kothanur,1760.0,3.0,2.0,150.0,3 BHK,8522.727272727272
Ready To Move,Pattandur Agrahara,875.0,2.0,1.0,33.0,2 BHK,3771.4285714285716
Ready To Move,Hennur,1231.0,2.0,2.0,48.0,2 BHK,3899.268887083672
Ready To Move,Somasundara Palya,1174.0,2.0,3.0,74.0,2 BHK,6303.236797274276
Ready To Move,Munnekollal,1560.0,3.0,3.0,75.0,3 BHK,4807.692307692308
Ready To Move,HOSUR MAIN ROAD,1464.0,2.0,2.0,56.0,2 BHK,3825.136612021858
Ready To Move,Kanakpura Road,2200.0,3.0,2.0,130.0,3 BHK,5909.090909090909
Ready To Move,Shivaji Nagar,850.0,2.0,2.0,55.0,2 BHK,6470.588235294118
Ready To Move,Sahyadri Layout,1750.0,3.0,1.0,180.0,3 BHK,10285.714285714286
Ready To Move,1st Phase JP Nagar,2024.0,3.0,2.0,157.0,3 BHK,7756.916996047431
Ready To Move,Mathikere SBM colony,1500.0,1.0,0.0,160.0,2 BHK,10666.666666666666
Ready To Move,Kodihalli,2408.0,4.0,2.0,260.0,3 BHK,10797.34219269103
Ready To Move,Devanahalli,1080.0,2.0,1.0,44.0,2 BHK,4074.074074074074
Ready To Move,Indira Nagar,2070.0,3.0,2.0,225.0,3 BHK,10869.565217391304
Not Ready To Move,Electronic City,1020.0,2.0,1.0,29.46,2 BHK,2888.235294117647
Ready To Move,Begur Road,1500.0,2.0,3.0,55.0,3 BHK,3666.6666666666665
Ready To Move,Mahalakshmi Layout,1575.0,5.0,1.0,158.0,4 BHK,10031.746031746032
Ready To Move,Kodichikkanahalli,3250.0,4.0,1.0,180.0,4 BHK,5538.461538461538
Ready To Move,Uttarahalli,1175.0,2.0,1.0,47.0,2 BHK,4000.0
Ready To Move,Channasandra,1030.0,2.0,1.0,34.5,2 BHK,3349.5145631067962
Not Ready To Move,Hebbal,1440.0,2.0,1.0,115.0,2 BHK,7986.111111111111
Ready To Move,Hoodi,1500.0,2.0,1.0,84.0,2 BHK,5600.0
Ready To Move,Thanisandra,1380.0,1.0,1.0,62.1,1 BHK,4500.0
Ready To Move,Bagalur,1200.0,2.0,3.0,50.0,2 BHK,4166.666666666667
Ready To Move,Vinayak Nagar,705.0,1.0,2.0,36.5,1 BHK,5177.304964539007
Ready To Move,Harlur,2240.0,5.0,2.0,155.0,3 BHK,6919.642857142857
Ready To Move,Hegde Nagar,1584.01,3.0,1.0,103.0,3 BHK,6502.484201488627
Ready To Move,P Krishnappa Layout,1340.0,3.0,3.0,77.0,3 BHK,5746.268656716418
Ready To Move,Green Garden Layout,1800.0,3.0,2.0,70.0,3 BHK,3888.8888888888887
Ready To Move,R.T. Nagar,1200.0,2.0,3.0,45.0,2 BHK,3750.0
Not Ready To Move,Sarjapur  Road,685.0,1.0,1.0,40.0,1 BHK,5839.41605839416
Ready To Move,Kalkere,925.0,2.0,3.0,42.0,2 BHK,4540.540540540541
Ready To Move,Crimson Layout,1230.0,2.0,2.0,57.0,2 BHK,4634.1463414634145
Ready To Move,Manjunath Nagar,1200.0,5.0,1.0,185.0,5 BHK,15416.666666666666
Ready To Move,Kodichikkanahalli,1125.0,2.0,1.0,52.0,2 BHK,4622.222222222223
Ready To Move,Hebbal,1100.0,2.0,1.0,54.0,2 BHK,4909.090909090909
Not Ready To Move,Jigani,2400.0,3.0,2.0,149.0,3 BHK,6208.333333333333
Not Ready To Move,Electronic City Phase II,1400.0,2.0,2.0,41.58,3 BHK,2970.0
Ready To Move,Jakkur,1858.0,3.0,1.0,98.3,3 BHK,5290.635091496232
Ready To Move,Adityanagar,1260.0,1.0,1.0,41.0,1 BHK,3253.968253968254
Ready To Move,Ambedkar Nagar,3530.0,4.0,2.0,290.0,4 BHK,8215.297450424929
Ready To Move,HSR Layout,1185.0,2.0,2.0,60.0,2 BHK,5063.291139240507
Ready To Move,RMV 2nd Stage,1200.0,2.0,1.0,216.0,2 BHK,18000.0
Ready To Move,Hennur,1255.0,2.0,1.0,58.0,2 BHK,4621.5139442231075
Ready To Move,Rajaji Nagar,3436.0,6.0,3.0,475.0,4 BHK,13824.214202561117
Ready To Move,Kudlu Gate,1335.0,3.0,2.0,89.0,3 BHK,6666.666666666667
Ready To Move,Dodda Nekkundi,1999.0,3.0,2.0,132.0,3 BHK,6603.301650825412
Ready To Move,Kanaka Nagar,1200.0,2.0,1.0,125.0,2 BHK,10416.666666666666
Ready To Move,Kundalahalli,1397.0,3.0,2.0,110.0,3 BHK,7874.0157480314965
Ready To Move,Cooke Town,3950.0,4.0,2.0,450.0,4 BHK,11392.405063291139
Ready To Move,Yelahanka New Town,1200.0,2.0,1.0,130.0,2 BHK,10833.333333333334
Ready To Move,Chikka Tirupathi,1616.0,3.0,0.0,95.0,3 BHK,5878.712871287129
Ready To Move,Hanumantha Nagar,1270.0,2.0,1.0,175.0,4 BHK,13779.527559055117
Ready To Move,Raja Rajeshwari Nagar,1140.0,2.0,2.0,38.55,2 BHK,3381.578947368421
Not Ready To Move,Kanakpura Road,525.0,1.0,1.0,30.0,1 BHK,5714.285714285715
Ready To Move,Varthur,1200.0,2.0,1.0,98.0,3 BHK,8166.666666666667
Ready To Move,Bagalakunte,700.0,1.0,1.0,162.0,1 BHK,23142.85714285714
Not Ready To Move,Balagere,1205.47,2.0,1.0,81.0,2 BHK,6719.370867794304
Ready To Move,T Dasarahalli,1200.0,3.0,2.0,130.0,3 BHK,10833.333333333334
Ready To Move,Electronic City,1700.0,3.0,2.0,75.0,3 BHK,4411.764705882353
Ready To Move,Thanisandra,750.0,4.0,0.0,62.0,5 BHK,8266.666666666666
Not Ready To Move,Kanakpura Road,1090.0,2.0,1.0,54.54,2 BHK,5003.6697247706425
Ready To Move,Yeshwanthpur,3600.0,5.0,2.0,220.0,4 BHK,6111.111111111111
Ready To Move,Kundalahalli,2400.0,1.0,0.0,650.0,1 BHK,27083.333333333332
Not Ready To Move,Thanisandra,923.0,1.0,1.0,60.84,1 BHK,6591.549295774648
Not Ready To Move,Muthurayya Swamy Layout,3595.0,6.0,2.0,360.0,4 BHK,10013.908205841446
Ready To Move,Green Glen Layout,1050.0,2.0,2.0,48.0,2 BHK,4571.428571428572
Ready To Move,Whitefield,1495.0,2.0,2.0,79.5,2 BHK,5317.725752508361
Ready To Move,Narayanapura,1485.0,3.0,2.0,85.0,3 BHK,5723.905723905724
Not Ready To Move,Dommasandra,1033.0,2.0,2.0,31.5,3 BHK,3049.3707647628266
Ready To Move,Electronic City,1400.0,2.0,1.0,48.0,3 BHK,3428.5714285714284
Ready To Move,Indira Nagar,500.0,1.0,0.0,70.0,1 BHK,14000.0
Ready To Move,Sarjapur  Road,944.0,2.0,1.0,35.0,2 BHK,3707.6271186440677
Ready To Move,Whitefield,3250.0,5.0,0.0,290.0,5 BHK,8923.076923076924
Not Ready To Move,Whitefield,1216.0,2.0,1.0,66.48,2 BHK,5467.105263157895
Ready To Move,Thirumenahalli,1100.0,2.0,1.0,39.5,2 BHK,3590.909090909091
Ready To Move,Thanisandra,1743.0,3.0,2.0,93.25,3 BHK,5349.971313826735
Ready To Move,Yelahanka,1274.0,2.0,2.0,48.42,2 BHK,3800.6279434850862
Ready To Move,Lavelle Road,2500.0,3.0,2.0,425.0,3 BHK,17000.0
Ready To Move,Mysore Road,1512.0,2.0,2.0,110.0,3 BHK,7275.132275132275
Ready To Move,Dollars Colony,3100.0,5.0,1.0,385.0,4 BHK,12419.354838709678
Ready To Move,Cox Town,1650.0,3.0,3.0,100.0,3 BHK,6060.606060606061
Ready To Move,Doddathoguru,1875.0,3.0,1.0,55.0,3 BHK,2933.3333333333335
Ready To Move,Whitefield,1350.0,3.0,2.0,54.0,3 BHK,4000.0
Ready To Move,Rajiv Gandhi Nagar,1219.0,2.0,2.0,40.0,2 BHK,3281.3781788351107
Ready To Move,Goraguntepalya,1200.0,4.0,1.0,150.0,4 BHK,12500.0
Ready To Move,Sarjapura - Attibele Road,2400.0,3.0,3.0,85.0,3 BHK,3541.6666666666665
Ready To Move,Hormavu,1141.0,2.0,1.0,44.4,2 BHK,3891.3234005258546
Ready To Move,Anandapura,1151.0,2.0,1.0,43.1,2 BHK,3744.5699391833186
Ready To Move,Bommenahalli,832.0,3.0,1.0,77.0,3 BHK,9254.807692307691
Ready To Move,Sarjapur  Road,915.0,2.0,1.0,38.0,2 BHK,4153.005464480874
Ready To Move,Rajankunte,3259.0,3.0,0.0,270.0,3 BHK,8284.749923289353
Not Ready To Move,Bannerghatta Road,1115.0,2.0,1.0,65.12,2 BHK,5840.358744394619
Ready To Move,Thigalarapalya,2072.0,4.0,2.0,139.0,3 BHK,6708.494208494209
Ready To Move,Kaggadasapura,1200.0,2.0,2.0,53.0,2 BHK,4416.666666666667
Ready To Move,Singasandra,1300.0,2.0,2.0,65.0,2 BHK,5000.0
Ready To Move,Bellandur,1457.0,2.0,2.0,85.0,2 BHK,5833.905284831846
Ready To Move,Kannamangala,1262.0,2.0,2.0,55.0,2 BHK,4358.161648177496
Ready To Move,BEML Layout,1196.0,3.0,1.0,150.0,4 BHK,12541.80602006689
Not Ready To Move,Ananth Nagar,900.0,2.0,2.0,22.5,2 BHK,2500.0
Ready To Move,Attibele,420.0,1.0,1.0,17.0,1 BHK,4047.6190476190477
Ready To Move,Kanakapura,1160.0,2.0,1.0,46.39,2 BHK,3999.137931034483
Ready To Move,Kasavanhalli,1115.0,2.0,2.0,50.0,2 BHK,4484.304932735426
Ready To Move,JP Nagar,1315.0,2.0,1.0,85.4,3 BHK,6494.296577946768
Ready To Move,Babusapalaya,1500.0,2.0,2.0,57.0,2 BHK,3800.0
Ready To Move,HSR Layout,1127.0,2.0,1.0,68.0,2 BHK,6033.717834960071
Not Ready To Move,Kundalahalli,1397.0,3.0,2.0,104.0,3 BHK,7444.523979957051
Not Ready To Move,Whitefield,1173.0,2.0,1.0,60.0,2 BHK,5115.089514066496
Ready To Move,Sompura,1090.0,2.0,2.0,28.0,2 BHK,2568.8073394495414
Ready To Move,Sarjapur  Road,2720.0,5.0,2.0,210.0,3 BHK,7720.588235294118
Not Ready To Move,Jakkur,1230.0,2.0,1.0,76.0,2 BHK,6178.861788617886
Ready To Move,6th Block Rajaji Nagar,3200.0,3.0,3.0,190.0,4 BHK,5937.5
Not Ready To Move,Sarjapur  Road,858.0,2.0,1.0,31.57,2 BHK,3679.4871794871797
Not Ready To Move,Talaghattapura,1868.0,3.0,1.0,121.0,3 BHK,6477.516059957174
Ready To Move,Uttarahalli,1689.28,3.0,2.0,91.2,3 BHK,5398.74976321273
Ready To Move,Vishwapriya Layout,600.0,3.0,2.0,73.0,4 BHK,12166.666666666666
Ready To Move,Banashankari,1425.0,3.0,3.0,49.88,3 BHK,3500.3508771929824
Ready To Move,Tindlu,1350.0,2.0,1.0,100.0,2 BHK,7407.407407407408
Ready To Move,Uttarahalli,1310.0,2.0,1.0,85.0,3 BHK,6488.5496183206105
Ready To Move,MLA Layout,970.0,2.0,1.0,40.0,2 BHK,4123.711340206186
Not Ready To Move,Kundalahalli,1397.0,3.0,3.0,108.0,3 BHK,7730.851825340014
Not Ready To Move,Sarjapur,1157.0,2.0,1.0,40.0,2 BHK,3457.216940363008
Ready To Move,Kasavanhalli,1125.0,2.0,1.0,61.2,2 BHK,5440.0
Ready To Move,Sonnenahalli,1157.0,2.0,1.0,42.0,2 BHK,3630.077787381158
Ready To Move,Sarjapur  Road,1241.0,2.0,1.0,82.0,2 BHK,6607.57453666398
Not Ready To Move,Binny Pete,660.0,1.0,1.0,62.0,1 BHK,9393.939393939394
Ready To Move,Marathahalli,4000.0,4.0,3.0,220.0,4 BHK,5500.0
Ready To Move,Rajiv Nagar,2340.0,4.0,1.0,148.0,4 BHK,6324.786324786325
Ready To Move,Venkatadri Layout,596.0,1.0,1.0,42.0,1 BHK,7046.979865771812
Ready To Move,Kyalasanahalli,1200.0,4.0,3.0,110.0,4 BHK,9166.666666666666
Ready To Move,Ambedkar Colony,1910.0,3.0,1.0,190.0,3 BHK,9947.643979057591
Ready To Move,Brookefield,1139.0,2.0,2.0,80.0,2 BHK,7023.705004389815
Ready To Move,Thigalarapalya,3122.0,5.0,2.0,225.0,4 BHK,7206.91864189622
Not Ready To Move,Sarjapura - Attibele Road,1033.0,2.0,2.0,28.41,2 BHK,2750.242013552759
Ready To Move,Yeshwanthpur,1168.0,2.0,2.0,64.08,2 BHK,5486.301369863014
Ready To Move,Chandapura,877.0,2.0,3.0,42.0,2 BHK,4789.053591790193
Not Ready To Move,Electronics City Phase 1,1340.0,2.0,2.0,75.0,2 BHK,5597.014925373134
Ready To Move,B Narayanapura,1405.0,2.0,2.0,70.0,3 BHK,4982.20640569395
Ready To Move,Siddapura,1800.0,3.0,3.0,65.0,3 BHK,3611.1111111111113
Ready To Move, Devarabeesana Halli,1750.0,3.0,3.0,149.0,3 BHK,8514.285714285714
Ready To Move,Motappa Layout,1360.0,2.0,1.0,65.0,3 BHK,4779.411764705882
Ready To Move,Malleshwaram,675.0,2.0,0.0,148.0,3 BHK,21925.925925925927
Not Ready To Move,Byrasandra,985.0,2.0,1.0,63.0,2 BHK,6395.9390862944165
Not Ready To Move,Victoria Layout,1300.0,2.0,1.0,129.0,2 BHK,9923.076923076924
Ready To Move,7th Phase JP Nagar,1850.0,3.0,2.0,150.0,3 BHK,8108.108108108108
Ready To Move,Rustam Bagh Layout,1490.0,2.0,3.0,88.0,3 BHK,5906.040268456376
Ready To Move,Byagadadhenahalli,620.0,1.0,1.0,25.0,2 BHK,4032.2580645161293
Not Ready To Move,Hormavu,1130.0,2.0,1.0,42.3,2 BHK,3743.362831858407
Ready To Move,Yelachenahalli,1080.0,2.0,2.0,55.0,2 BHK,5092.592592592592
Ready To Move,Singasandra,3126.0,4.0,2.0,120.0,4 BHK,3838.7715930902114
Ready To Move,Begur Road,1410.0,2.0,3.0,52.17,3 BHK,3700.0
Ready To Move,Bommanahalli,1375.0,3.0,2.0,59.0,3 BHK,4290.909090909091
Ready To Move,Hennur Road,1290.0,2.0,1.0,94.5,3 BHK,7325.581395348837
Not Ready To Move,Hosa Road,1318.0,2.0,1.0,85.28,3 BHK,6470.40971168437
Ready To Move,Electronic City,1128.0,2.0,1.0,68.0,2 BHK,6028.368794326241
Ready To Move,Meenakunte,4428.0,4.0,2.0,255.0,4 BHK,5758.807588075881
Not Ready To Move,Kanakpura Road,1051.0,2.0,2.0,56.74,2 BHK,5398.667935299714
Ready To Move,Kengeri,3500.0,5.0,0.0,275.0,3 BHK,7857.142857142857
Ready To Move,Kannamangala,2400.0,4.0,1.0,130.0,4 BHK,5416.666666666667
Ready To Move,Yelahanka,1327.0,2.0,3.0,85.0,2 BHK,6405.42577241899
Ready To Move,Thigalarapalya,2912.0,6.0,2.0,210.0,4 BHK,7211.538461538462
Ready To Move,Basapura,1301.0,2.0,2.0,55.0,2 BHK,4227.517294388932
Ready To Move,Thippasandra,650.0,1.0,0.0,30.0,1 BHK,4615.384615384615
Not Ready To Move,Varthur,1200.0,3.0,1.0,67.75,3 BHK,5645.833333333333
Ready To Move,Banagiri Nagar,1500.0,2.0,2.0,89.99,3 BHK,5999.333333333333
Ready To Move,Kumara Park,2700.0,6.0,2.0,675.0,4 BHK,25000.0
Ready To Move,Nagadevanahalli,1350.0,4.0,2.0,145.0,4 BHK,10740.74074074074
Not Ready To Move,Electronic City Phase II,1000.0,2.0,1.0,28.88,2 BHK,2888.0
Not Ready To Move,Sarjapur  Road,984.0,2.0,1.0,45.91,2 BHK,4665.650406504065
Not Ready To Move,Jakkur,1819.18,3.0,1.0,160.0,3 BHK,8795.17145087347
Ready To Move,Nagarbhavi,900.0,1.0,0.0,175.0,1 BHK,19444.444444444445
Not Ready To Move,Hebbal,1355.0,3.0,1.0,83.87,3 BHK,6189.667896678967
Ready To Move,Sarakki Nagar,2145.0,4.0,1.0,270.0,3 BHK,12587.412587412588
Ready To Move,Malleshwaram,2475.0,4.0,3.0,300.0,3 BHK,12121.212121212122
Not Ready To Move,Kaggadasapura,1118.0,2.0,0.0,30.0,2 BHK,2683.3631484794278
Ready To Move,Roopena Agrahara,910.0,1.0,1.0,42.0,1 BHK,4615.384615384615
Not Ready To Move,Madiwala,1250.0,3.0,2.0,39.0,3 BHK,3120.0
Not Ready To Move,Hosakerehalli,1304.0,2.0,3.0,100.0,2 BHK,7668.711656441717
Ready To Move,Begur Road,1615.0,3.0,2.0,58.0,3 BHK,3591.331269349845
Ready To Move,Sarjapur  Road,1400.0,2.0,2.0,68.0,2 BHK,4857.142857142857
Ready To Move,CV Raman Nagar,1070.0,2.0,2.0,47.5,2 BHK,4439.252336448598
Not Ready To Move,Hebbal,3500.0,3.0,3.0,395.0,3 BHK,11285.714285714286
Not Ready To Move,Hoodi,1132.0,2.0,1.0,89.37,2 BHK,7894.876325088339
Ready To Move,Rajarajeshwari Nagara,2000.0,3.0,2.0,85.0,3 BHK,4250.0
Ready To Move,Sector 2 HSR Layout,794.0,1.0,2.0,65.0,1 BHK,8186.39798488665
Ready To Move,Raja Rajeshwari Nagar,1090.0,2.0,2.0,43.59,2 BHK,3999.0825688073396
Ready To Move,Gottigere,1500.0,3.0,2.0,70.0,3 BHK,4666.666666666667
Ready To Move,1st Phase JP Nagar,2059.0,3.0,2.0,225.0,3 BHK,10927.634774162214
Not Ready To Move,Kanakpura Road,525.0,1.0,1.0,30.0,1 BHK,5714.285714285715
Not Ready To Move,Bhoganhalli,1447.0,2.0,1.0,75.97,2 BHK,5250.172771250864
Not Ready To Move,Whitefield,1269.0,2.0,1.0,75.0,2 BHK,5910.16548463357
Not Ready To Move,KR Layout,4800.0,4.0,0.0,700.0,4 BHK,14583.333333333334
Ready To Move,Kanakpura Road,1070.0,2.0,2.0,37.45,2 BHK,3500.0000000000005
Ready To Move,Talaghattapura,1150.0,2.0,0.0,28.0,2 BHK,2434.782608695652
Ready To Move,Marathahalli,1208.0,2.0,2.0,70.0,2 BHK,5794.701986754967
Ready To Move,Ramamurthy Nagar,1185.0,2.0,1.0,45.5,2 BHK,3839.662447257384
Ready To Move,Laggere,1200.0,3.0,1.0,130.0,3 BHK,10833.333333333334
Ready To Move,Anekal,888.0,2.0,1.0,34.0,2 BHK,3828.828828828829
Not Ready To Move,Chandapura,1015.0,2.0,2.0,25.88,2 BHK,2549.753694581281
Ready To Move,Celebrity Paradise Layout,532.0,1.0,1.0,22.49,1 BHK,4227.443609022556
Ready To Move,St Thomas Town,1060.0,3.0,1.0,62.0,3 BHK,5849.056603773585
Ready To Move,Electronic City,700.0,1.0,1.0,35.0,1 BHK,5000.0
Ready To Move,Ckikkakammana Halli,902.0,2.0,2.0,42.0,2 BHK,4656.319290465632
Ready To Move,Uttarahalli,1175.0,2.0,1.0,47.0,2 BHK,4000.0
Not Ready To Move,Binny Pete,1365.0,2.0,1.0,122.0,2 BHK,8937.728937728938
Ready To Move,Doddathoguru,984.0,2.0,1.0,51.0,2 BHK,5182.926829268293
Ready To Move,Hebbal,2700.0,2.0,2.0,100.0,4 BHK,3703.703703703704
Ready To Move,Jalahalli East,1475.0,3.0,2.0,96.0,3 BHK,6508.474576271186
Ready To Move,Haralur Road,1300.0,2.0,2.0,79.0,2 BHK,6076.923076923077
Ready To Move,5th Block Hbr Layout,1200.0,6.0,1.0,220.0,5 BHK,18333.333333333332
Ready To Move,Babusapalaya,1453.0,2.0,2.0,43.59,3 BHK,3000.0
Ready To Move,Munivenkatppa Layout,1550.0,2.0,3.0,160.0,2 BHK,10322.58064516129
Ready To Move,Akshaya Nagar,1666.0,3.0,2.0,95.0,3 BHK,5702.280912364946
Ready To Move,Akshaya Nagar,1410.0,4.0,2.0,160.0,4 BHK,11347.517730496455
Not Ready To Move,Yelahanka,4025.0,5.0,3.0,800.0,4 BHK,19875.77639751553
Ready To Move,Murugeshpalya,1845.0,3.0,3.0,91.0,3 BHK,4932.249322493225
Ready To Move,Sarjapura - Attibele Road,1676.0,3.0,3.0,52.0,3 BHK,3102.6252983293557
Not Ready To Move,Uttarahalli,1137.0,2.0,1.0,63.0,2 BHK,5540.8970976253295
Ready To Move,Electronic City,1360.0,2.0,1.0,70.5,3 BHK,5183.823529411765
Ready To Move,Vijaya Bank Layout,1374.0,2.0,2.0,70.0,3 BHK,5094.614264919942
Ready To Move,Judicial Layout,1700.0,3.0,2.0,155.0,3 BHK,9117.64705882353
Ready To Move,Whitefield,3227.0,5.0,0.0,250.0,5 BHK,7747.133560582584
Ready To Move,Ferrar Nagar,2145.0,4.0,2.0,125.0,4 BHK,5827.505827505827
Ready To Move,Koramangala,2400.0,6.0,3.0,600.0,4 BHK,25000.0
Not Ready To Move,Kasavanhalli,2170.0,3.0,2.0,151.0,3 BHK,6958.52534562212
Ready To Move,Bank Of Baroda Colony,1080.0,2.0,1.0,55.0,2 BHK,5092.592592592592
Ready To Move,Electronic City Phase II,1790.0,3.0,3.0,100.0,3 BHK,5586.592178770949
Ready To Move,Doddathoguru,550.0,1.0,1.0,17.0,1 BHK,3090.909090909091
Ready To Move,Poorna Pragna Layout,1270.0,2.0,2.0,50.79,3 BHK,3999.212598425197
Ready To Move,Somasundara Palya,1033.0,2.0,2.0,48.0,2 BHK,4646.660212971927
Ready To Move,Kamala Nagar,1000.0,2.0,1.0,80.0,2 BHK,8000.0
Not Ready To Move,Binny Pete,2940.0,6.0,2.0,280.0,4 BHK,9523.809523809523
Ready To Move,Kumarapalli,1240.0,2.0,2.0,52.6,2 BHK,4241.935483870968
Ready To Move,Kasturi Nagar,1650.0,5.0,1.0,450.0,5 BHK,27272.727272727272
Ready To Move,Kambipura,883.0,2.0,1.0,39.0,2 BHK,4416.761041902605
Not Ready To Move,Outer Ring Road East,1500.0,2.0,0.0,97.0,3 BHK,6466.666666666667
Ready To Move,Marathahalli,1730.0,3.0,3.0,139.0,3 BHK,8034.682080924856
Ready To Move,Kasavanhalli,1915.0,3.0,3.0,80.0,3 BHK,4177.545691906005
Ready To Move,Whitefield,1545.0,3.0,2.0,79.0,3 BHK,5113.26860841424
Not Ready To Move,Marenahalli,1865.0,4.0,2.0,140.0,3 BHK,7506.702412868633
Ready To Move,Hebbal Kempapura,1150.0,2.0,2.0,40.0,2 BHK,3478.2608695652175
Not Ready To Move,HAL 3rd Stage,1200.0,2.0,2.0,49.0,2 BHK,4083.3333333333335
Ready To Move,Kengeri,963.0,2.0,2.0,40.0,2 BHK,4153.686396677051
Ready To Move,Marsur,1200.0,3.0,1.0,120.0,3 BHK,10000.0
Ready To Move,Basavangudi,2600.0,4.0,3.0,260.0,4 BHK,10000.0
Ready To Move,Kaikondrahalli,1700.0,4.0,2.0,108.0,4 BHK,6352.941176470588
Ready To Move,Lingadheeranahalli,1682.0,3.0,1.0,120.0,3 BHK,7134.36385255648
Ready To Move,Yelahanka,1371.0,2.0,2.0,65.0,3 BHK,4741.064916119621
Not Ready To Move,Hennur Road,901.0,2.0,1.0,49.5,2 BHK,5493.895671476138
Ready To Move,Ambalipura,1730.0,3.0,1.0,120.0,3 BHK,6936.416184971098
Ready To Move,Konanakunte,1200.0,4.0,0.0,125.0,4 BHK,10416.666666666666
Ready To Move,EPIP Zone,1500.0,3.0,3.0,102.0,3 BHK,6800.0
Ready To Move,Sarjapur  Road,3785.0,6.0,2.0,280.0,4 BHK,7397.622192866578
Ready To Move,Nagawara Junction,3500.0,4.0,2.0,245.0,4 BHK,7000.0
Ready To Move,Lingarajapuram,1203.0,2.0,1.0,59.86,2 BHK,4975.893599334996
Ready To Move,Horamavu Banaswadi,1357.0,2.0,2.0,54.0,2 BHK,3979.3662490788506
Ready To Move,Vasantha Vallabha Nagar,1600.0,3.0,2.0,76.0,3 BHK,4750.0
Ready To Move,Yelahanka New Town,350.0,1.0,1.0,13.5,1 BHK,3857.1428571428573
Ready To Move,Varthur,1665.0,3.0,1.0,53.0,3 BHK,3183.1831831831832
Ready To Move,Ramamurthy Nagar,1400.0,3.0,3.0,200.0,3 BHK,14285.714285714286
Ready To Move,Sarjapur  Road,835.0,1.0,1.0,46.95,1 BHK,5622.754491017964
Ready To Move,Chandra Layout,815.0,3.0,2.0,160.0,2 BHK,19631.9018404908
Ready To Move,Haralur Road,1444.0,2.0,1.0,80.0,3 BHK,5540.16620498615
Ready To Move,Kanakapura,1277.0,2.0,2.0,55.0,2 BHK,4306.969459671104
Ready To Move,Lingadheeranahalli,1521.0,3.0,1.0,94.71,3 BHK,6226.824457593689
Ready To Move,Maithri Layout,1134.0,2.0,1.0,40.0,2 BHK,3527.336860670194
Ready To Move,Vasanthapura,995.0,2.0,1.0,34.82,2 BHK,3499.497487437186
Ready To Move,Old Madras Road,2760.0,5.0,2.0,157.0,3 BHK,5688.405797101449
Ready To Move,Marathahalli,1325.0,1.0,1.0,92.0,2 BHK,6943.396226415094
Ready To Move,Marathahalli,1525.0,3.0,2.0,90.0,3 BHK,5901.639344262295
Not Ready To Move,Raja Rajeshwari Nagar 5th Stage,1320.0,2.0,2.0,73.0,3 BHK,5530.30303030303
Ready To Move,Electronics City Phase 1,650.0,1.0,1.0,23.0,1 BHK,3538.4615384615386
Ready To Move,Old Airport Road,1858.0,2.0,1.0,167.0,3 BHK,8988.15931108719
Not Ready To Move,Electronic City,1150.0,2.0,1.0,38.0,2 BHK,3304.3478260869565
Ready To Move,Electronic City Phase II,769.0,2.0,1.0,40.0,2 BHK,5201.560468140442
Ready To Move,Electronic City,1571.0,3.0,2.0,105.0,3 BHK,6683.64099299809
Ready To Move,Hennur Road,1445.0,3.0,1.0,86.56,3 BHK,5990.311418685121
Ready To Move,Hosur Road,1590.0,2.0,2.0,135.0,3 BHK,8490.566037735849
Ready To Move,Bommasandra,902.0,2.0,2.0,49.0,2 BHK,5432.372505543237
Not Ready To Move,Sarjapur,2238.0,3.0,1.0,140.0,3 BHK,6255.585344057194
Not Ready To Move,Electronic City,1090.0,2.0,1.0,31.49,2 BHK,2888.9908256880735
Ready To Move,Yelahanka,1712.0,3.0,3.0,82.0,3 BHK,4789.719626168225
Ready To Move,Haralur Road,1088.0,2.0,1.0,68.0,2 BHK,6250.0
Ready To Move,Somasundara Palya,1575.0,3.0,3.0,63.1,3 BHK,4006.3492063492063
Ready To Move,Kundalahalli,1920.0,3.0,2.0,150.0,3 BHK,7812.5
Ready To Move,Margondanahalli,1000.0,2.0,0.0,57.0,2 BHK,5700.0
Not Ready To Move,Chennammana Kere,1100.0,2.0,2.0,56.1,2 BHK,5100.0
Ready To Move,Electronic City,1089.0,2.0,2.0,45.0,2 BHK,4132.231404958678
Ready To Move,Horamavu Agara,1106.0,2.0,1.0,43.09,2 BHK,3896.021699819168
Not Ready To Move,Kengeri,927.0,2.0,2.0,37.0,2 BHK,3991.3700107874865
Ready To Move,Kanakpura Road,1339.0,2.0,2.0,58.0,2 BHK,4331.59073935773
Not Ready To Move,Thanisandra,923.0,1.0,1.0,45.69,1 BHK,4950.162513542795
Not Ready To Move,Sarjapur  Road,2900.0,3.0,2.0,285.0,3 BHK,9827.586206896553
Ready To Move,Lakshminarayana Pura,1175.0,2.0,2.0,75.0,2 BHK,6382.978723404255
Ready To Move,Thubarahalli,975.0,2.0,1.0,55.0,2 BHK,5641.025641025641
Ready To Move,Hebbal,2400.0,4.0,1.0,180.0,3 BHK,7500.0
Ready To Move,Subramanyapura,1330.0,3.0,2.0,72.0,3 BHK,5413.533834586467
Not Ready To Move,Thanisandra,1183.0,2.0,1.0,59.74,2 BHK,5049.873203719358
Ready To Move,Harlur,1758.0,3.0,2.0,133.0,3 BHK,7565.415244596132
Ready To Move,Nagarbhavi,1200.0,3.0,2.0,265.0,3 BHK,22083.333333333332
Not Ready To Move,Hebbal,1255.0,2.0,1.0,77.68,3 BHK,6189.641434262949
Ready To Move,Nagadevanahalli,600.0,4.0,2.0,110.0,3 BHK,18333.333333333332
Ready To Move,Pai Layout,1100.0,2.0,2.0,50.0,2 BHK,4545.454545454545
Not Ready To Move,Ramamurthy Nagar,1170.0,2.0,2.0,46.8,2 BHK,4000.0
Ready To Move,Vayunandana Layout,2400.0,5.0,2.0,120.0,5 BHK,5000.0
Ready To Move,Raja Rajeshwari Nagar,1530.0,3.0,3.0,51.77,3 BHK,3383.6601307189544
Not Ready To Move,Hebbal,1420.0,2.0,2.0,107.0,2 BHK,7535.211267605634
Ready To Move,Geetanjali Layout,1200.0,4.0,2.0,300.0,4 BHK,25000.0
Not Ready To Move,Kanakpura Road,1591.0,3.0,1.0,115.0,3 BHK,7228.158390949088
Ready To Move,7th Phase JP Nagar,1680.0,3.0,2.0,120.0,3 BHK,7142.857142857143
Ready To Move,Kenchenhalli,675.0,3.0,1.0,52.0,2 BHK,7703.7037037037035
Not Ready To Move,Hoodi,1055.0,2.0,1.0,57.63,2 BHK,5462.559241706161
Ready To Move,Iblur Village,1918.0,3.0,2.0,129.0,3 BHK,6725.7559958289885
Not Ready To Move,Sarjapur  Road,1280.0,2.0,1.0,76.0,2 BHK,5937.5
Ready To Move,Nagarbhavi,1560.0,3.0,3.0,66.0,3 BHK,4230.7692307692305
Ready To Move,Sarjapur  Road,1145.0,2.0,2.0,49.5,2 BHK,4323.144104803493
Ready To Move,Talaghattapura,2106.0,3.0,2.0,126.0,3 BHK,5982.9059829059825
Ready To Move,"EPIP AREA, WHITEFIELD",1801.0,3.0,2.0,139.0,3 BHK,7717.9344808439755
Ready To Move,Seegehalli,1200.0,5.0,3.0,120.0,5 BHK,10000.0
Ready To Move,Rajaji Nagar,1718.0,3.0,2.0,288.0,2 BHK,16763.678696158324
Not Ready To Move,Whitefield,1306.0,3.0,2.0,54.65,3 BHK,4184.532924961715
Not Ready To Move,Hebbal,1320.0,2.0,1.0,92.0,2 BHK,6969.69696969697
Ready To Move,1st Stage Domlur,1350.0,2.0,2.0,65.0,3 BHK,4814.814814814815
Ready To Move,"RMV extension stage 2, rmv extension",2990.0,4.0,2.0,324.0,4 BHK,10836.120401337792
Ready To Move,Kalyan nagar,3800.0,5.0,3.0,300.0,4 BHK,7894.736842105263
Ready To Move,Bannerghatta Road,1344.0,2.0,1.0,42.0,3 BHK,3125.0
Ready To Move,Bannerghatta Road,1893.0,3.0,2.0,100.0,3 BHK,5282.620179609086
Ready To Move,Chandapura,1107.0,2.0,1.0,43.0,3 BHK,3884.3721770551037
Ready To Move,Lakshminarayana Pura,1190.0,2.0,1.0,75.0,2 BHK,6302.5210084033615
Ready To Move,Whitefield,1000.0,2.0,1.0,35.0,2 BHK,3500.0
Ready To Move,Kalhalli,2400.0,2.0,1.0,160.0,2 BHK,6666.666666666667
Ready To Move,Kumaraswami Layout,1000.0,2.0,1.0,48.5,2 BHK,4850.0
Ready To Move,Jalahalli,2113.0,3.0,2.0,155.0,3 BHK,7335.541883577851
Ready To Move,KR Puram,1100.0,2.0,1.0,46.0,2 BHK,4181.818181818182
Ready To Move,Sector 2 HSR Layout,1200.0,4.0,1.0,160.0,5 BHK,13333.333333333334
Ready To Move,Harlur,1884.0,4.0,2.0,120.0,4 BHK,6369.426751592357
Ready To Move,Electronic City,1110.0,2.0,1.0,40.0,2 BHK,3603.6036036036035
Ready To Move,Kudlu,1027.0,2.0,2.0,43.0,2 BHK,4186.952288218111
Not Ready To Move,Tavarekere,1250.0,3.0,2.0,40.0,3 BHK,3200.0
Ready To Move,Sarjapur  Road,1470.0,3.0,0.0,62.0,3 BHK,4217.687074829932
Not Ready To Move,Kamakshipalya,1150.0,2.0,1.0,75.0,2 BHK,6521.739130434783
Ready To Move,Hadosiddapura,1200.0,3.0,2.0,165.0,3 BHK,13750.0
Not Ready To Move,Kudlu Gate,703.0,1.0,1.0,52.0,1 BHK,7396.870554765292
Ready To Move,Vijaya Bank Colony,1400.0,2.0,2.0,62.0,3 BHK,4428.571428571428
Ready To Move,Bellandur,1195.0,2.0,2.0,51.0,2 BHK,4267.782426778243
Ready To Move,Narayanapura,1302.0,2.0,1.0,69.1,2 BHK,5307.219662058371
Not Ready To Move,Begur Road,1583.0,3.0,1.0,74.4,3 BHK,4699.936828806065
Ready To Move,Kumarapalli,1488.0,2.0,3.0,60.0,3 BHK,4032.2580645161293
Ready To Move,Lakshmi Layout,600.0,5.0,2.0,85.0,4 BHK,14166.666666666666
Not Ready To Move,Kammasandra,1385.0,2.0,2.0,34.63,3 BHK,2500.361010830325
Ready To Move,Whitefield,3262.0,4.0,2.0,260.0,4 BHK,7970.570202329859
Not Ready To Move,Electronic City,1600.0,3.0,2.0,104.0,3 BHK,6500.0
Ready To Move,Old Airport Road,1150.0,2.0,1.0,90.0,2 BHK,7826.086956521739
Ready To Move,Sarjapur  Road,1263.0,2.0,1.0,78.0,2 BHK,6175.771971496437
Not Ready To Move,Kanakpura Road,1299.0,2.0,2.0,85.0,2 BHK,6543.4949961508855
Ready To Move,Banashankari,1330.0,2.0,1.0,78.0,2 BHK,5864.661654135339
Not Ready To Move,Devanahalli,1282.0,2.0,2.0,52.43,3 BHK,4089.703588143526
Ready To Move,"JP Nagar 8th Phase, ",1853.0,3.0,2.0,82.0,3 BHK,4425.256341068538
Ready To Move,Kachanayakanahalli,861.0,2.0,1.0,35.0,2 BHK,4065.040650406504
Ready To Move,Bannerghatta Road,1600.0,3.0,2.0,95.0,3 BHK,5937.5
Ready To Move,Nagaraja Garden,1256.0,2.0,1.0,62.8,2 BHK,5000.0
Ready To Move,Tejaswini Nagar,1390.0,2.0,2.0,80.0,3 BHK,5755.395683453237
Ready To Move,Ashwath Nagar,1550.0,2.0,2.0,90.0,3 BHK,5806.451612903225
Ready To Move,Hebbal,919.0,2.0,1.0,49.0,2 BHK,5331.882480957563
Not Ready To Move,Margondanahalli,1625.0,3.0,0.0,80.0,3 BHK,4923.076923076923
Ready To Move,Gunjur,1195.0,2.0,2.0,44.0,2 BHK,3682.0083682008367
Ready To Move,Yelenahalli,1159.0,2.0,1.0,60.0,2 BHK,5176.8766177739435
Not Ready To Move,Whitefield,1386.0,3.0,1.0,57.46,3 BHK,4145.743145743146
Ready To Move,Harlur,1197.0,2.0,1.0,79.0,2 BHK,6599.832915622389
Not Ready To Move,Old Airport Road,2690.0,4.0,3.0,191.0,4 BHK,7100.371747211896
Not Ready To Move,Bommasandra,1295.0,2.0,1.0,50.28,3 BHK,3882.6254826254826
Not Ready To Move,Huskur,1310.0,2.0,1.0,37.83,3 BHK,2887.7862595419847
Not Ready To Move,Whitefield,1132.0,2.0,1.0,79.28,2 BHK,7003.533568904593
Ready To Move,6th block Koramangala,2350.0,3.0,2.0,400.0,3 BHK,17021.27659574468
Ready To Move,4th Block Koramangala,2400.0,4.0,2.0,500.0,4 BHK,20833.333333333332
Not Ready To Move,Hebbal,1645.0,3.0,2.0,135.0,3 BHK,8206.686930091186
Not Ready To Move,Whitefield,1200.0,2.0,1.0,45.84,2 BHK,3820.0
Ready To Move,Whitefield,3000.0,4.0,0.0,330.0,4 BHK,11000.0
Ready To Move,Marathahalli,1937.0,3.0,2.0,140.0,3 BHK,7227.671657201859
Ready To Move,Doddathoguru,1015.0,2.0,2.0,33.5,2 BHK,3300.4926108374384
Ready To Move,Nagadevanahalli,1080.0,2.0,2.0,39.0,2 BHK,3611.1111111111113
Ready To Move,Kathriguppe,1350.0,2.0,2.0,80.99,3 BHK,5999.259259259258
Not Ready To Move,Kengeri Satellite Town,1149.0,2.0,2.0,29.0,3 BHK,2523.933855526545
Ready To Move,Kothanur,1185.0,2.0,2.0,59.0,2 BHK,4978.9029535864975
Ready To Move,Domlur,1720.0,3.0,1.0,135.0,3 BHK,7848.837209302325
Ready To Move,Hebbal,2080.0,3.0,3.0,175.0,3 BHK,8413.461538461539
Ready To Move,Tindlu,1500.0,3.0,1.0,87.0,3 BHK,5800.0
Ready To Move,Yelahanka,1566.0,3.0,2.0,97.0,3 BHK,6194.125159642401
Ready To Move,Rajaji Nagar,2386.0,3.0,2.0,334.0,3 BHK,13998.323554065382
Ready To Move,KSRTC Layout,1500.0,4.0,0.0,110.0,4 BHK,7333.333333333333
Ready To Move,KR Puram,1290.0,2.0,1.0,49.02,2 BHK,3800.0
Not Ready To Move,"JP nagar 9th Phase, ",1531.0,3.0,2.0,72.0,3 BHK,4702.808621815807
Ready To Move,Keshava Nagar,1839.0,3.0,3.0,165.0,3 BHK,8972.26753670473
Ready To Move,Dollars Layout,4200.0,4.0,1.0,760.0,4 BHK,18095.238095238095
Not Ready To Move,Electronic City Phase II,1400.0,2.0,2.0,40.43,3 BHK,2887.8571428571427
Ready To Move,Electronic City,550.0,1.0,1.0,15.0,2 BHK,2727.2727272727275
Ready To Move,Whitefield,1140.0,2.0,2.0,39.0,2 BHK,3421.0526315789475
Ready To Move,Banashankari Stage III,2000.0,4.0,0.0,100.0,4 BHK,5000.0
Ready To Move,Kaval Byrasandra,1100.0,2.0,1.0,46.0,2 BHK,4181.818181818182
Ready To Move,Vignana Nagar,1200.0,2.0,2.0,55.0,2 BHK,4583.333333333333
Not Ready To Move,Bannerghatta,1618.0,3.0,1.0,68.0,3 BHK,4202.719406674907
Not Ready To Move,Whitefield,2830.0,5.0,2.0,160.0,4 BHK,5653.7102473498235
Ready To Move,Uttarahalli,1315.0,2.0,2.0,74.0,3 BHK,5627.376425855513
Ready To Move,Anandapura,1141.0,2.0,1.0,42.75,2 BHK,3746.7134092900965
Ready To Move,AECS Layout,1080.0,2.0,2.0,55.0,2 BHK,5092.592592592592
Ready To Move,HBR Layout,1200.0,2.0,2.0,60.0,2 BHK,5000.0
Ready To Move,Varthur,1111.0,2.0,2.0,41.88,2 BHK,3769.57695769577
Ready To Move,NGR Layout,1022.0,2.0,1.0,45.9,2 BHK,4491.19373776908
Ready To Move,Bannerghatta Road,1275.0,2.0,2.0,65.0,2 BHK,5098.0392156862745
Ready To Move,4th Block Jayanagar,900.0,2.0,1.0,70.0,2 BHK,7777.777777777777
Ready To Move,Rachenahalli,1224.0,2.0,3.0,39.2,2 BHK,3202.614379084968
Ready To Move,Battarahalli,1135.0,2.0,3.0,43.0,2 BHK,3788.546255506608
Ready To Move,Rachenahalli,1050.0,2.0,2.0,52.1,2 BHK,4961.9047619047615
Ready To Move,Kudlu Gate,1535.0,3.0,2.0,86.0,3 BHK,5602.605863192182
Not Ready To Move,Nagavarapalya,1392.0,2.0,1.0,130.0,2 BHK,9339.080459770115
Ready To Move,Bellandur,1050.0,2.0,2.0,72.0,2 BHK,6857.142857142857
Not Ready To Move,Hosa Road,1513.0,3.0,1.0,103.0,3 BHK,6807.666886979511
Ready To Move,Gottigere,1621.0,3.0,3.0,72.0,3 BHK,4441.702652683529
Ready To Move,Bannerghatta Road,892.0,2.0,1.0,39.0,2 BHK,4372.197309417041
Ready To Move,Whitefield,1205.0,2.0,1.0,40.0,2 BHK,3319.5020746887967
Not Ready To Move,Hebbal,1355.0,3.0,2.0,83.87,3 BHK,6189.667896678967
Ready To Move,2nd Block Hrbr Layout,1250.0,5.0,2.0,300.0,5 BHK,24000.0
Ready To Move,Karnataka Shabarimala,1200.0,6.0,3.0,70.0,4 BHK,5833.333333333333
Ready To Move,Indira Nagar,1400.0,2.0,2.0,168.0,2 BHK,12000.0
Not Ready To Move,Kengeri,726.0,2.0,1.0,35.0,2 BHK,4820.936639118458
Ready To Move,Singena Agrahara,1500.0,3.0,2.0,149.0,3 BHK,9933.333333333334
Ready To Move,Hebbal,3895.0,4.0,2.0,405.0,4 BHK,10397.946084724004
Not Ready To Move,Horamavu Agara,1079.0,2.0,2.0,41.0,2 BHK,3799.8146431881373
Ready To Move,Begur Road,1170.0,2.0,2.0,46.0,2 BHK,3931.6239316239316
Ready To Move,Doddathoguru,1104.0,2.0,2.0,39.0,2 BHK,3532.608695652174
Ready To Move,Kanakpura Road,950.0,2.0,1.0,45.0,2 BHK,4736.8421052631575
Ready To Move,Hormavu,4818.0,4.0,3.0,390.0,4 BHK,8094.64508094645
Ready To Move,Canara Bank Colony,1650.0,2.0,1.0,52.0,3 BHK,3151.5151515151515
Not Ready To Move,Kogilu,1559.0,3.0,2.0,127.0,3 BHK,8146.247594611931
Ready To Move,Hanumagiri,1100.0,2.0,1.0,38.0,2 BHK,3454.5454545454545
Ready To Move,Benson Town,1750.0,3.0,3.0,150.0,3 BHK,8571.42857142857
Not Ready To Move,Ramagondanahalli,1215.0,2.0,1.0,45.5,2 BHK,3744.855967078189
Not Ready To Move,Talaghattapura,1868.0,3.0,1.0,135.0,3 BHK,7226.980728051391
Not Ready To Move,Electronic City,1130.0,2.0,1.0,32.63,2 BHK,2887.610619469027
Ready To Move,Kanakpura Road,1570.0,3.0,3.0,64.5,3 BHK,4108.28025477707
Ready To Move,Sarjapur  Road,1691.0,3.0,1.0,98.0,3 BHK,5795.38734476641
Ready To Move,Ardendale,4355.0,3.0,1.0,350.0,5 BHK,8036.739380022962
Not Ready To Move,Hulimavu,1225.0,2.0,2.0,55.0,2 BHK,4489.7959183673465
Ready To Move,JP Nagar,1690.0,3.0,2.0,112.0,3 BHK,6627.218934911242
Ready To Move,Thigalarapalya,1418.0,2.0,2.0,103.0,2 BHK,7263.7517630465445
Ready To Move,Kasturi Nagar,1896.0,3.0,1.0,125.0,4 BHK,6592.827004219409
Not Ready To Move,Sonnenahalli,605.0,1.0,1.0,40.0,1 BHK,6611.570247933884
Ready To Move,Begur Road,800.0,5.0,2.0,95.0,5 BHK,11875.0
Ready To Move,Electronic City Phase II,900.0,2.0,2.0,32.5,2 BHK,3611.1111111111113
Ready To Move,Cholanayakanahalli,750.0,2.0,0.0,50.0,1 BHK,6666.666666666667
Ready To Move,Hoodi,780.0,3.0,1.0,62.0,3 BHK,7948.717948717948
Ready To Move,Ananth Nagar,908.0,2.0,1.0,26.0,2 BHK,2863.4361233480176
Ready To Move,Thanisandra,3216.0,4.0,1.0,226.0,4 BHK,7027.363184079602
Ready To Move,BEML Layout,2400.0,4.0,1.0,225.0,5 BHK,9375.0
Ready To Move,Iblur Village,1400.0,2.0,2.0,68.0,2 BHK,4857.142857142857
Ready To Move,Kudlu,1092.0,2.0,2.0,44.0,2 BHK,4029.3040293040294
Ready To Move,Hulimavu,1255.0,2.0,2.0,74.0,2 BHK,5896.414342629482
Ready To Move,Electronic City,1500.0,2.0,1.0,100.0,3 BHK,6666.666666666667
Not Ready To Move,Thanisandra,1296.0,2.0,2.0,72.0,2 BHK,5555.555555555556
Ready To Move,Horamavu Banaswadi,925.0,2.0,3.0,38.0,2 BHK,4108.108108108108
Ready To Move,Raja Rajeshwari Nagar,1023.0,2.0,2.0,42.0,2 BHK,4105.571847507332
Ready To Move,Seshadripuram,600.0,3.0,2.0,75.0,2 BHK,12500.0
Not Ready To Move,Thanisandra,1020.0,2.0,1.0,44.5,2 BHK,4362.745098039216
Not Ready To Move,Choodasandra,1530.0,3.0,2.0,77.0,3 BHK,5032.679738562091
Ready To Move,Gubbalala,1650.0,3.0,2.0,71.0,3 BHK,4303.030303030303
Ready To Move,Vijaya Bank Layout,1605.0,2.0,3.0,85.0,3 BHK,5295.95015576324
Ready To Move,Hosakerehalli,1925.0,2.0,1.0,50.0,2 BHK,2597.4025974025976
Ready To Move,Kogilu,1190.0,2.0,2.0,50.66,2 BHK,4257.142857142857
Ready To Move,Jakkur,1374.0,3.0,2.0,68.0,3 BHK,4949.0538573508
Ready To Move,6th Phase JP Nagar,1140.0,2.0,2.0,65.0,2 BHK,5701.754385964912
Ready To Move,Green Glen Layout,1725.0,3.0,2.0,130.0,3 BHK,7536.231884057971
Ready To Move,Bisuvanahalli,1075.0,2.0,1.0,50.0,3 BHK,4651.162790697675
Ready To Move,Kannamangala,1574.0,3.0,1.0,93.34,3 BHK,5930.114358322745
Ready To Move,Sanjay nagar,965.0,1.0,1.0,32.0,1 BHK,3316.062176165803
Ready To Move,Marathahalli,1550.0,3.0,2.0,83.0,3 BHK,5354.8387096774195
Ready To Move,Akshayanagara West,1205.0,2.0,2.0,60.0,2 BHK,4979.253112033195
Ready To Move,Kambipura,1082.0,2.0,1.0,55.0,3 BHK,5083.179297597043
Ready To Move,Uttarahalli,1215.0,2.0,2.0,52.85,3 BHK,4349.794238683127
Ready To Move,Hebbal,2483.0,5.0,2.0,230.0,4 BHK,9262.988320579943
Not Ready To Move,Prasanth Extension,1200.0,3.0,1.0,46.14,2 BHK,3845.0
Ready To Move,Chikkathoguru,1500.0,1.0,1.0,19.5,1 BHK,1300.0
Not Ready To Move,1st Block Koramangala,2360.0,4.0,2.0,600.0,4 BHK,25423.728813559323
Ready To Move,Ardendale,3198.0,4.0,2.0,250.0,4 BHK,7817.385866166354
Ready To Move,Kanakpura Road,1452.0,3.0,3.0,60.98,3 BHK,4199.724517906336
Not Ready To Move,Electronic City Phase II,1329.0,2.0,2.0,41.0,3 BHK,3085.0263355906695
Ready To Move,Doctors Layout,1125.0,2.0,1.0,44.0,2 BHK,3911.1111111111113
Ready To Move,Anand nagar,1200.0,2.0,0.0,70.0,2 BHK,5833.333333333333
Ready To Move,Sarjapur  Road,1350.0,3.0,3.0,39.97,3 BHK,2960.740740740741
Not Ready To Move,Hebbal,2600.0,3.0,2.0,195.0,3 BHK,7500.0
Ready To Move,West of Chord Road,1200.0,2.0,1.0,160.0,2 BHK,13333.333333333334
Not Ready To Move,Electronic City Phase II,1220.0,3.0,1.0,35.23,3 BHK,2887.7049180327863
Ready To Move,Pai Layout,1255.0,2.0,1.0,80.0,2 BHK,6374.501992031873
Ready To Move,Keshava Nagar,1904.0,3.0,3.0,155.0,3 BHK,8140.756302521008
Ready To Move,Somasundara Palya,1329.0,2.0,2.0,70.0,2 BHK,5267.11813393529
Ready To Move,Chandapura,1200.0,2.0,1.0,60.0,2 BHK,5000.0
Ready To Move,Murugeshpalya,2135.0,3.0,2.0,160.0,3 BHK,7494.145199063232
Ready To Move,Ramakrishnappa Layout,2770.0,4.0,3.0,315.0,3 BHK,11371.841155234657
Not Ready To Move,"Hoodi Circle, ",813.0,1.0,1.0,39.0,1 BHK,4797.047970479704
Ready To Move,Junnasandra,3884.0,4.0,3.0,240.0,4 BHK,6179.196704428425
Ready To Move,Doddaballapur,3876.0,3.0,1.0,300.0,3 BHK,7739.938080495356
Ready To Move,Kalena Agrahara,800.0,2.0,2.0,30.0,2 BHK,3750.0
Ready To Move,Handenahalli,4750.0,2.0,1.0,120.0,4 BHK,2526.315789473684
Ready To Move,Hormavu,1500.0,3.0,3.0,70.0,3 BHK,4666.666666666667
Ready To Move,Bannerghatta Road,1880.0,3.0,2.0,95.0,3 BHK,5053.191489361702
Ready To Move,Electronic City,1440.0,2.0,2.0,55.0,3 BHK,3819.4444444444443
Ready To Move,Akshaya Nagar,1575.0,3.0,2.0,90.0,3 BHK,5714.285714285715
Ready To Move,Banagiri Nagar,1630.0,2.0,2.0,97.78,3 BHK,5998.773006134969
Ready To Move,Yelahanka,1180.0,3.0,1.0,55.0,3 BHK,4661.016949152542
Ready To Move,Nagadevanahalli,1090.0,2.0,1.0,36.0,2 BHK,3302.7522935779816
Ready To Move,NGR Layout,1020.0,2.0,2.0,48.45,2 BHK,4750.0
Ready To Move,"Sarjapur Road, ",2425.0,4.0,3.0,173.0,4 BHK,7134.020618556701
Not Ready To Move,Varthur,1097.0,2.0,1.0,33.82,2 BHK,3082.9535095715587
Ready To Move,Raja Rajeshwari Nagar,1070.0,2.0,1.0,50.0,2 BHK,4672.897196261682
Ready To Move,Kumaraswami Layout,1000.0,2.0,1.0,58.0,2 BHK,5800.0
Not Ready To Move,manyata tech park,1150.0,2.0,1.0,56.0,2 BHK,4869.565217391304
Ready To Move,Frazer Town,1900.0,4.0,2.0,145.0,3 BHK,7631.578947368421
Ready To Move,Divya Unnathi Layout,1141.0,2.0,2.0,49.0,2 BHK,4294.478527607362
Ready To Move,Jigani,937.0,2.0,1.0,44.0,2 BHK,4695.837780149413
Ready To Move,Green Glen Layout,1075.0,2.0,1.0,60.0,2 BHK,5581.395348837209
Not Ready To Move,Panathur,1000.0,2.0,1.0,65.3,2 BHK,6530.0
Ready To Move,Kasavanhalli,1450.0,3.0,2.0,77.41,3 BHK,5338.620689655172
Ready To Move,Yelachenahalli,897.0,2.0,1.0,85.0,5 BHK,9476.03121516165
Ready To Move,Ashwathnagar,936.0,2.0,2.0,43.0,2 BHK,4594.017094017094
Ready To Move,Gopalkrishna Nagar,1280.0,2.0,1.0,75.0,2 BHK,5859.375
Ready To Move,Babusapalaya,1050.0,2.0,3.0,45.0,2 BHK,4285.714285714285
Ready To Move,Marathahalli,1350.0,2.0,1.0,86.0,2 BHK,6370.37037037037
Ready To Move,Mallasandra,1325.0,2.0,1.0,70.0,2 BHK,5283.018867924528
Not Ready To Move,Devanahalli,1174.0,2.0,1.0,59.0,2 BHK,5025.553662691653
Ready To Move,Hosur Road,1890.0,3.0,2.0,162.0,3 BHK,8571.42857142857
Ready To Move,Wilson Garden,735.0,1.0,1.0,75.0,1 BHK,10204.081632653062
Ready To Move,Sarvabhouma Nagar,500.0,1.0,0.0,24.0,1 BHK,4800.0
Ready To Move,Gottigere,1304.0,3.0,3.0,80.0,3 BHK,6134.9693251533745
Ready To Move,Yelahanka,1653.0,3.0,2.0,120.0,3 BHK,7259.528130671506
Ready To Move,Bisuvanahalli,1075.0,2.0,1.0,52.0,3 BHK,4837.209302325581
Ready To Move,7th Phase JP Nagar,1212.0,3.0,1.0,42.0,2 BHK,3465.3465346534654
Ready To Move,Hoysalanagar,1100.0,2.0,1.0,50.0,2 BHK,4545.454545454545
Ready To Move,Rajaji Nagar,3436.0,6.0,3.0,500.0,4 BHK,14551.804423748545
Ready To Move,SMV layout,1200.0,4.0,0.0,145.0,3 BHK,12083.333333333334
Ready To Move,Billekahalli,1140.0,2.0,2.0,50.0,2 BHK,4385.964912280701
Ready To Move,Roopena Agrahara,1200.0,2.0,1.0,100.0,2 BHK,8333.333333333334
Ready To Move,Kudlu Gate,1532.0,3.0,2.0,83.0,3 BHK,5417.754569190601
Ready To Move,Doddaballapur,2776.0,4.0,2.0,195.0,3 BHK,7024.495677233429
Ready To Move,Padmanabhanagar,1531.0,2.0,0.0,75.0,3 BHK,4898.758981058132
Ready To Move,Poorna Pragna Layout,1270.0,2.0,2.0,50.79,3 BHK,3999.212598425197
Not Ready To Move,Uttarahalli,1325.0,2.0,1.0,53.0,2 BHK,4000.0
Ready To Move,CQAL LAYOUT C BLOCK,1200.0,3.0,1.0,160.0,3 BHK,13333.333333333334
Not Ready To Move,Electronic City,1156.0,2.0,2.0,44.0,3 BHK,3806.2283737024222
Ready To Move,R.T. Nagar,2000.0,4.0,2.0,320.0,4 BHK,16000.0
Ready To Move,Bannerghatta Road,1260.0,2.0,2.0,70.0,2 BHK,5555.555555555556
Ready To Move,Vittasandra,1934.0,2.0,0.0,90.0,2 BHK,4653.567735263702
Ready To Move,Malleshpalya,1060.0,2.0,1.0,40.0,2 BHK,3773.5849056603774
Ready To Move,Kasavanhalli,1476.0,3.0,1.0,95.0,3 BHK,6436.314363143631
Ready To Move,Murugeshpalya,1185.0,2.0,1.0,85.0,2 BHK,7172.995780590717
Ready To Move,Channasandra Layout,1265.0,2.0,1.0,82.0,3 BHK,6482.213438735178
Not Ready To Move,"Near Electronic City, ",3200.0,5.0,1.0,150.0,4 BHK,4687.5
Ready To Move,Virat Nagar,1196.0,2.0,2.0,56.81,2 BHK,4750.0
Ready To Move,EPIP Zone,1280.0,2.0,1.0,69.0,2 BHK,5390.625
Ready To Move,Marathahalli,800.0,4.0,2.0,86.0,4 BHK,10750.0
Ready To Move,Hulimavu,1175.0,2.0,1.0,45.0,2 BHK,3829.7872340425533
Ready To Move,Kacharakanahalli,1850.0,3.0,3.0,98.0,3 BHK,5297.2972972972975
Ready To Move,Indira Nagar,2400.0,4.0,2.0,525.0,4 BHK,21875.0
Ready To Move,Whitefield,1195.0,2.0,1.0,70.0,2 BHK,5857.740585774059
Ready To Move,Ulsoor,2000.0,3.0,3.0,185.0,3 BHK,9250.0
Not Ready To Move,Hebbal Kempapura,800.0,5.0,3.0,155.0,4 BHK,19375.0
Ready To Move,Hosur Road,1180.0,2.0,2.0,36.5,2 BHK,3093.2203389830506
Ready To Move,Jakkur,1050.0,2.0,1.0,49.87,2 BHK,4749.523809523809
Not Ready To Move,Electronic City,1400.0,2.0,1.0,40.44,3 BHK,2888.5714285714284
Not Ready To Move,Bagalakunte,2360.0,4.0,2.0,150.0,4 BHK,6355.932203389831
Ready To Move,Banashankari stage 2,1030.0,2.0,1.0,77.25,2 BHK,7500.0
Ready To Move,Doddanakundi Industrial Area 2,1512.0,1.0,2.0,65.01,2 BHK,4299.603174603175
Ready To Move,Subramanyapura,929.0,2.0,1.0,48.0,2 BHK,5166.846071044133
Ready To Move,Jigani,1252.0,3.0,3.0,61.0,3 BHK,4872.20447284345
Ready To Move,Green Glen Layout,1485.0,3.0,2.0,115.0,3 BHK,7744.107744107744
Ready To Move,Electronics City Phase 1,1124.0,2.0,2.0,55.0,3 BHK,4893.238434163701
Ready To Move,Indira Nagar,1407.0,3.0,1.0,120.0,3 BHK,8528.784648187633
Not Ready To Move,Hennur Road,1482.0,2.0,3.0,97.0,3 BHK,6545.209176788124
Ready To Move,Sector 7 HSR Layout,1163.0,2.0,1.0,98.86,2 BHK,8500.42992261393
Ready To Move,Jalahalli,1570.0,3.0,2.0,140.0,3 BHK,8917.197452229299
Not Ready To Move,Whitefield,3480.0,4.0,2.0,284.0,3 BHK,8160.919540229885
Not Ready To Move,Chandapura,520.0,1.0,1.0,14.04,1 BHK,2700.0
Ready To Move,OLd Gurappanapalya,2000.0,3.0,2.0,160.0,3 BHK,8000.0
Ready To Move,Prithvi Layout,1352.0,2.0,2.0,75.0,2 BHK,5547.337278106509
Not Ready To Move,Electronic City,1152.0,2.0,1.0,65.0,2 BHK,5642.361111111111
Not Ready To Move,"ECC Road, Whitefield, ",1575.0,3.0,2.0,93.0,3 BHK,5904.761904761905
Ready To Move,Hegde Nagar,1965.0,4.0,2.0,125.0,3 BHK,6361.323155216285
Ready To Move,Ramanjaneyanagar,1300.0,2.0,2.0,70.0,3 BHK,5384.615384615385
Not Ready To Move,Marathahalli,957.0,2.0,1.0,47.0,2 BHK,4911.180773249739
Ready To Move,Hoskote,1740.0,3.0,3.0,60.0,3 BHK,3448.2758620689656
Ready To Move,Kanakpura Road,1080.0,6.0,3.0,65.0,5 BHK,6018.518518518518
Ready To Move,Neeladri Nagar,1060.0,2.0,0.0,35.0,2 BHK,3301.8867924528304
Ready To Move,Chikkadunnasandra,975.0,2.0,2.0,50.0,2 BHK,5128.205128205128
Not Ready To Move,Ramamurthy Nagar,1150.0,2.0,2.0,51.0,2 BHK,4434.782608695652
Ready To Move,Whitefield,1738.0,2.0,3.0,79.0,3 BHK,4545.454545454545
Not Ready To Move,Bommanahalli,1250.0,3.0,2.0,55.0,3 BHK,4400.0
Ready To Move,Bannerghatta Road,1788.0,3.0,2.0,90.0,3 BHK,5033.557046979866
Not Ready To Move,Kanakapura,1151.0,2.0,1.0,59.0,2 BHK,5125.977410947003
Ready To Move,Uttarahalli,1300.0,2.0,2.0,60.0,3 BHK,4615.384615384615
Ready To Move,Garudachar Palya,1150.0,2.0,1.0,52.8,2 BHK,4591.304347826087
Ready To Move,Akshya Nagar,1380.0,2.0,1.0,75.0,2 BHK,5434.782608695652
Not Ready To Move,Hebbal,1645.0,3.0,2.0,117.0,3 BHK,7112.462006079028
Ready To Move,Babusapalaya,1141.0,2.0,1.0,45.9,2 BHK,4022.787028921998
Ready To Move,7th Phase JP Nagar,1175.0,2.0,2.0,82.5,2 BHK,7021.276595744681
Ready To Move,Banashankari Stage V,1355.0,2.0,1.0,61.0,3 BHK,4501.845018450184
Ready To Move,Dasarahalli,1150.0,2.0,0.0,70.0,2 BHK,6086.95652173913
Not Ready To Move,Indranagar  100ft road defence colony,5800.0,5.0,2.0,80.0,5 BHK,1379.3103448275863
Ready To Move,Canara Bank Colony,1000.0,2.0,2.0,45.0,2 BHK,4500.0
Not Ready To Move,Balagere,1007.0,2.0,1.0,65.0,2 BHK,6454.816285998014
Ready To Move,Wajid layout thanisandra,3000.0,5.0,2.0,100.0,4 BHK,3333.3333333333335
Ready To Move,Kothanur,1436.0,3.0,3.0,70.0,3 BHK,4874.651810584958
Ready To Move,Marathahalli,4000.0,4.0,3.0,220.0,4 BHK,5500.0
Ready To Move,Somasundara Palya,2372.0,3.0,2.0,140.0,3 BHK,5902.192242833053
Ready To Move,Rajaji Nagar,1200.0,2.0,0.0,150.0,2 BHK,12500.0
Not Ready To Move,Rayasandra,1016.0,2.0,1.0,58.0,2 BHK,5708.6614173228345
Ready To Move,Dodda Nekkundi,1100.0,2.0,2.0,48.0,2 BHK,4363.636363636364
Ready To Move,B Channasandra,1080.0,2.0,1.0,45.0,2 BHK,4166.666666666667
Ready To Move,Electronic City,1070.0,2.0,1.0,60.0,2 BHK,5607.476635514019
Ready To Move,Kadubeesanahalli,1532.0,3.0,1.0,115.0,3 BHK,7506.527415143603
Ready To Move,Hennur,1040.0,2.0,2.0,42.12,2 BHK,4050.0
Ready To Move,Laxmi Sagar Layout,3100.0,3.0,3.0,250.0,3 BHK,8064.5161290322585
Ready To Move,Thanisandra,1430.0,2.0,2.0,51.6,3 BHK,3608.3916083916083
Ready To Move,Rajaji Nagar,1160.0,1.0,0.0,163.0,2 BHK,14051.724137931034
Ready To Move,ITPL,3262.0,5.0,2.0,205.0,4 BHK,6284.488044144697
Ready To Move,Uvce Layout,1190.0,2.0,2.0,100.0,2 BHK,8403.361344537816
Ready To Move,Panduranga Nagar,1827.0,3.0,3.0,100.0,3 BHK,5473.453749315819
Ready To Move,HRBR Layout,1210.0,2.0,1.0,75.0,2 BHK,6198.347107438017
Ready To Move,New Thippasandra,1500.0,3.0,3.0,95.0,3 BHK,6333.333333333333
Ready To Move,Rachenahalli,1050.0,2.0,2.0,53.5,2 BHK,5095.238095238095
Not Ready To Move,Hebbal,1251.0,2.0,1.0,88.73,2 BHK,7092.725819344524
Ready To Move,HSR Layout,1600.0,2.0,2.0,115.0,3 BHK,7187.5
Not Ready To Move,Electronic City,1128.0,2.0,1.0,65.5,2 BHK,5806.737588652482
Ready To Move,Budigere,1820.0,3.0,2.0,93.0,3 BHK,5109.89010989011
Ready To Move,Thigalarapalya,2072.0,4.0,2.0,159.0,3 BHK,7673.745173745174
Ready To Move,Raja Rajeshwari Nagar,1510.0,2.0,3.0,59.0,3 BHK,3907.2847682119204
Ready To Move,Hoodi,1925.0,2.0,3.0,114.0,3 BHK,5922.077922077922
Ready To Move,Hennur Road,2651.0,2.0,2.0,225.0,3 BHK,8487.36325914749
Ready To Move,Thigalarapalya,2072.0,4.0,2.0,147.0,3 BHK,7094.594594594595
Ready To Move,Kumaraswami Layout,1000.0,2.0,2.0,36.0,2 BHK,3600.0
Ready To Move,KR Puram,1752.0,3.0,2.0,145.0,3 BHK,8276.255707762557
Ready To Move,Sahakara Nagar,960.0,2.0,3.0,56.0,2 BHK,5833.333333333333
Ready To Move,Gattigere,1180.0,2.0,2.0,63.0,2 BHK,5338.983050847458
Ready To Move,Benson Town,2270.0,3.0,1.0,180.0,3 BHK,7929.515418502203
Ready To Move,NRI Layout,650.0,2.0,0.0,59.0,2 BHK,9076.923076923076
Ready To Move,Lakshminarayana Pura,1200.0,2.0,1.0,75.0,2 BHK,6250.0
Ready To Move,Bisuvanahalli,1180.0,2.0,1.0,46.0,3 BHK,3898.3050847457625
Not Ready To Move,Roopena Agrahara,1300.0,3.0,2.0,47.0,3 BHK,3615.3846153846152
Ready To Move,Bannerghatta Road,1157.0,2.0,0.0,40.0,2 BHK,3457.216940363008
Not Ready To Move,Kanakpura Road,1300.0,3.0,2.0,69.0,3 BHK,5307.692307692308
Ready To Move,Banashankari Stage III,1305.0,2.0,1.0,59.0,3 BHK,4521.072796934866
Ready To Move,Hegde Nagar,2006.0,4.0,2.0,196.0,3 BHK,9770.687936191425
Ready To Move,Jakkur,1290.0,2.0,1.0,80.0,2 BHK,6201.550387596899
Ready To Move,Hoskote,1170.0,2.0,3.0,45.0,2 BHK,3846.153846153846
Ready To Move,Cottonpet,971.0,2.0,2.0,135.0,4 BHK,13903.192584963954
Ready To Move,Yelachenahalli,1400.0,2.0,3.0,78.0,2 BHK,5571.428571428572
Ready To Move,Lakshminarayana Pura,1200.0,2.0,2.0,75.0,2 BHK,6250.0
Ready To Move,Kamakshipalya,1155.0,2.0,0.0,60.0,3 BHK,5194.805194805195
Ready To Move,Hormavu,1725.0,3.0,2.0,85.0,3 BHK,4927.536231884058
Not Ready To Move,Kanakpura Road,700.0,2.0,1.0,40.0,2 BHK,5714.285714285715
Ready To Move,Yemlur,7000.0,5.0,2.0,2050.0,4 BHK,29285.714285714286
Not Ready To Move,Hoodi,1112.0,2.0,1.0,88.0,2 BHK,7913.669064748202
Ready To Move,Somasundara Palya,1178.0,2.0,1.0,78.0,2 BHK,6621.392190152801
Not Ready To Move,Badavala Nagar,1274.0,2.0,1.0,81.0,2 BHK,6357.9277864992155
Ready To Move,Doddathoguru,915.0,2.0,1.0,32.0,2 BHK,3497.2677595628415
Ready To Move,Hosur Road,760.0,1.0,2.0,21.28,1 BHK,2800.0
Ready To Move,Maragondanahalli,1540.0,3.0,2.0,68.0,3 BHK,4415.584415584415
Ready To Move,P&T Layout,1206.0,2.0,3.0,38.5,2 BHK,3192.3714759535656
Ready To Move,Basavanna Nagar,1645.0,3.0,2.0,95.0,3 BHK,5775.075987841945
Ready To Move,Canara Bank Layout,1200.0,4.0,2.0,170.0,4 BHK,14166.666666666666
Ready To Move,singapura paradise,1200.0,4.0,1.0,140.0,4 BHK,11666.666666666666
Ready To Move,Nehru Nagar,2342.0,3.0,2.0,115.0,4 BHK,4910.333048676345
Ready To Move,Kannur,1200.0,2.0,1.0,55.0,3 BHK,4583.333333333333
Ready To Move,Yelenahalli,1056.0,2.0,2.0,33.0,2 BHK,3125.0
Ready To Move,Kanakpura Road,1450.0,3.0,3.0,54.3,3 BHK,3744.8275862068967
Not Ready To Move,Thirumenahalli,1161.0,2.0,2.0,36.69,2 BHK,3160.206718346253
Ready To Move,Dollars Colony,1097.0,2.0,3.0,65.0,2 BHK,5925.2506836827715
Ready To Move,Uttarahalli,850.0,2.0,2.0,35.0,2 BHK,4117.64705882353
Ready To Move,Green Glen Layout,1715.0,3.0,2.0,115.0,3 BHK,6705.539358600583
Ready To Move,Basavangudi,2300.0,3.0,2.0,317.0,3 BHK,13782.608695652174
Ready To Move,Electronic City,1200.0,2.0,1.0,59.0,2 BHK,4916.666666666667
Not Ready To Move,8th Phase JP Nagar,1080.0,2.0,2.0,38.0,2 BHK,3518.5185185185187
Ready To Move,Kasavanhalli,1200.0,2.0,1.0,50.3,2 BHK,4191.666666666667
Ready To Move,4th Block Koramangala,2400.0,4.0,0.0,550.0,4 BHK,22916.666666666668
Ready To Move,Banashankari,1400.0,2.0,1.0,78.0,3 BHK,5571.428571428572
Ready To Move,Whitefield,1500.0,4.0,3.0,200.0,4 BHK,13333.333333333334
Ready To Move,Marathahalli,1230.0,2.0,1.0,57.0,2 BHK,4634.1463414634145
Ready To Move,Kalyan nagar,1640.0,3.0,3.0,88.0,3 BHK,5365.8536585365855
Ready To Move,Banashankari,1700.0,3.0,2.0,125.0,3 BHK,7352.941176470588
Ready To Move,Bommasandra,1478.0,2.0,2.0,44.0,3 BHK,2976.9959404600813
Ready To Move,Defence Colony,6600.0,4.0,2.0,986.0,4 BHK,14939.39393939394
Ready To Move,Banashankari,1020.0,2.0,2.0,40.79,2 BHK,3999.0196078431372
Ready To Move,Nagarbhavi,1200.0,2.0,1.0,150.0,2 BHK,12500.0
Ready To Move,Yelahanka,1275.0,2.0,2.0,95.0,3 BHK,7450.980392156863
Ready To Move,Cambridge Layout,1600.0,3.0,1.0,165.0,4 BHK,10312.5
Ready To Move,Kanakapura,1110.0,2.0,2.0,38.85,2 BHK,3500.0
Ready To Move,Uttarahalli,1627.86,3.0,2.0,88.0,3 BHK,5405.87028368533
Ready To Move,Byagadadhenahalli,620.0,2.0,1.0,22.0,2 BHK,3548.3870967741937
Ready To Move,Whitefield,3004.0,4.0,2.0,285.0,4 BHK,9487.350199733688
Not Ready To Move,Hosa Road,1133.0,2.0,1.0,52.0,2 BHK,4589.585172109444
Ready To Move,Hennur Road,1182.0,2.0,2.0,82.5,2 BHK,6979.6954314720815
Ready To Move,Tumkur Road,1500.0,3.0,3.0,100.0,3 BHK,6666.666666666667
Ready To Move,Hebbal Kempapura,3900.0,5.0,2.0,360.0,4 BHK,9230.76923076923
Ready To Move,Marathahalli,1200.0,2.0,2.0,58.0,2 BHK,4833.333333333333
Ready To Move,Raja Rajeshwari Nagar,1128.0,2.0,1.0,48.79,2 BHK,4325.354609929078
Ready To Move,Jayanagar,900.0,2.0,2.0,110.0,2 BHK,12222.222222222223
Ready To Move,Amruthahalli,1100.0,2.0,1.0,45.0,2 BHK,4090.909090909091
Ready To Move,Kengeri Satellite Town,635.0,1.0,1.0,22.0,2 BHK,3464.566929133858
Ready To Move,Ardendale,2062.0,3.0,2.0,140.0,4 BHK,6789.524733268671
Ready To Move,Thanisandra,1874.0,4.0,1.0,130.0,3 BHK,6937.033084311633
Not Ready To Move,Vidyaranyapura,600.0,3.0,2.0,78.0,4 BHK,13000.0
Not Ready To Move,Old Madras Road,1171.0,2.0,2.0,75.0,2 BHK,6404.782237403928
Ready To Move,Sarjapur,2020.0,3.0,3.0,85.0,3 BHK,4207.920792079208
Not Ready To Move,8th Phase JP Nagar,1059.0,2.0,2.0,34.5,2 BHK,3257.790368271955
Ready To Move,Panathur,1315.0,2.0,1.0,59.1,3 BHK,4494.296577946768
Ready To Move,Jakkur,1760.0,3.0,2.0,110.0,3 BHK,6250.0
Ready To Move,Sampangi Rama Nagar,1200.0,2.0,1.0,125.0,2 BHK,10416.666666666666
Ready To Move,Hennur Road,1192.0,2.0,1.0,62.0,3 BHK,5201.342281879195
Not Ready To Move,Hebbal,1645.0,3.0,2.0,121.0,3 BHK,7355.623100303951
Ready To Move,Whitefield,1250.0,2.0,2.0,72.0,2 BHK,5760.0
Ready To Move,Whitefield,1340.0,2.0,1.0,77.0,2 BHK,5746.268656716418
Ready To Move,Cooke Town,2388.0,4.0,3.0,239.0,3 BHK,10008.375209380234
Not Ready To Move,Hosa Road,1369.1,2.0,1.0,104.0,2 BHK,7596.231100723103
Ready To Move,Jalahalli West,1355.0,2.0,3.0,75.0,2 BHK,5535.055350553505
Ready To Move,Bannerghatta Road,1150.0,2.0,2.0,65.0,2 BHK,5652.173913043478
Not Ready To Move,Kanakapura,1938.0,3.0,3.0,113.0,3 BHK,5830.7533539731685
Not Ready To Move,Begur Road,2462.0,4.0,3.0,124.0,4 BHK,5036.555645816409
Ready To Move,Budigere,1636.0,3.0,2.0,85.0,3 BHK,5195.59902200489
Ready To Move,Akshaya Nagar,1430.0,2.0,2.0,75.0,3 BHK,5244.755244755244
Ready To Move,BEML Layout 5th stage,2000.0,3.0,2.0,85.0,3 BHK,4250.0
Not Ready To Move,Electronic City Phase II,993.0,2.0,2.0,50.0,3 BHK,5035.246727089628
Ready To Move,Laggere,1260.0,4.0,1.0,150.0,4 BHK,11904.761904761905
Ready To Move,Kanakpura Road,1700.0,3.0,3.0,88.0,3 BHK,5176.470588235294
Ready To Move,Yelahanka,1270.0,2.0,2.0,78.0,2 BHK,6141.7322834645665
Not Ready To Move,Anjanapura,1500.0,3.0,1.0,121.0,3 BHK,8066.666666666667
Ready To Move,Koramangala,2300.0,3.0,3.0,290.0,3 BHK,12608.695652173914
Not Ready To Move,Hunasamaranahalli,7500.0,4.0,2.0,900.0,4 BHK,12000.0
Ready To Move,Marathahalli,1650.0,3.0,3.0,86.45,3 BHK,5239.393939393939
Ready To Move,Panathur,1109.0,2.0,1.0,63.0,2 BHK,5680.793507664563
Ready To Move,Pragathi Nagar,1280.0,2.0,1.0,49.75,2 BHK,3886.71875
Ready To Move,Sarjapur,2885.0,3.0,1.0,185.0,4 BHK,6412.478336221837
Ready To Move,Devanahalli,1600.0,3.0,2.0,180.0,3 BHK,11250.0
Ready To Move,Kothanur,1462.0,3.0,3.0,71.0,3 BHK,4856.361149110807
Not Ready To Move,Marathahalli,607.0,1.0,1.0,35.0,1 BHK,5766.062602965404
Ready To Move,Kammasandra,930.0,2.0,0.0,25.0,2 BHK,2688.1720430107525
Not Ready To Move,Varthur,4500.0,5.0,2.0,300.0,4 BHK,6666.666666666667
Ready To Move,Sahakara Nagar,1200.0,5.0,2.0,160.0,5 BHK,13333.333333333334
Ready To Move,Malleshwaram,2600.0,3.0,1.0,237.0,3 BHK,9115.384615384615
Ready To Move,JP Nagar,3000.0,4.0,2.0,140.0,4 BHK,4666.666666666667
Not Ready To Move,Electronic City Phase II,1418.0,3.0,2.0,52.47,3 BHK,3700.2820874471086
Ready To Move,Ramesh Nagar,4200.0,1.0,2.0,160.0,2 BHK,3809.5238095238096
Ready To Move,EPIP Zone,1125.0,2.0,1.0,65.0,2 BHK,5777.777777777777
Ready To Move,CV Raman Nagar,1825.0,3.0,2.0,126.0,3 BHK,6904.109589041096
Ready To Move,Whitefield,1320.0,2.0,3.0,79.5,2 BHK,6022.727272727273
Ready To Move,JP Nagar,3000.0,4.0,2.0,140.0,4 BHK,4666.666666666667
Ready To Move,HAL 2nd Stage,1490.0,2.0,2.0,300.0,3 BHK,20134.228187919463
Ready To Move,8th block Koramangala,1650.0,3.0,1.0,300.0,4 BHK,18181.81818181818
Not Ready To Move,Whitefield,750.0,2.0,1.0,52.7,2 BHK,7026.666666666667
Not Ready To Move,Yelahanka,1400.0,2.0,2.0,80.54,3 BHK,5752.857142857143
Ready To Move,Sathya Sai Layout,4104.0,4.0,3.0,360.0,4 BHK,8771.929824561403
Ready To Move,Rajaji Nagar,5000.0,4.0,0.0,375.0,4 BHK,7500.0
Ready To Move,Mahadevpura,3295.0,4.0,2.0,260.0,5 BHK,7890.743550834598
Ready To Move,A Narayanapura,1150.0,3.0,1.0,110.0,4 BHK,9565.217391304348
Not Ready To Move,Whitefield,1200.0,3.0,1.0,61.96,3 BHK,5163.333333333333
Ready To Move,Poorna Pragna Layout,965.0,2.0,2.0,48.0,2 BHK,4974.093264248705
Ready To Move,Gottigere,812.0,1.0,1.0,26.0,1 BHK,3201.9704433497536
Ready To Move,KR Puram,1100.0,2.0,2.0,43.0,2 BHK,3909.090909090909
Ready To Move,Whitefield,1180.0,2.0,2.0,41.0,2 BHK,3474.576271186441
Ready To Move,HSR Layout,1145.0,2.0,2.0,48.0,2 BHK,4192.139737991266
Ready To Move,Haralur Road,1027.0,2.0,1.0,44.0,2 BHK,4284.323271665044
Not Ready To Move,Silk Board,1215.0,2.0,2.0,49.85,2 BHK,4102.880658436214
Ready To Move,Hegde Nagar,1200.0,2.0,0.0,75.0,2 BHK,6250.0
Ready To Move,Kenchenahalli,1015.0,2.0,2.0,58.0,2 BHK,5714.285714285715
Not Ready To Move,Kaggalipura,2400.0,3.0,1.0,165.0,3 BHK,6875.0
Ready To Move,Whitefield,3000.0,4.0,3.0,306.0,4 BHK,10200.0
Ready To Move,7th Phase JP Nagar,3300.0,4.0,3.0,160.0,3 BHK,4848.484848484848
Ready To Move,Puttanahalli,1076.0,2.0,2.0,52.0,2 BHK,4832.71375464684
Not Ready To Move,JP Nagar,1300.0,2.0,1.0,109.0,2 BHK,8384.615384615385
Ready To Move,Hebbal Kempapura,1300.0,2.0,2.0,102.0,2 BHK,7846.153846153846
Not Ready To Move,Hosa Road,1512.0,3.0,1.0,123.0,3 BHK,8134.920634920635
Not Ready To Move,Bhoganhalli,1053.4,3.0,1.0,88.91,3 BHK,8440.288589329788
Ready To Move,Hormavu,1153.0,2.0,1.0,65.0,2 BHK,5637.467476149176
Ready To Move,Virat Nagar,2080.0,2.0,1.0,150.0,2 BHK,7211.538461538462
Ready To Move,Hulimavu,1255.0,2.0,2.0,69.0,2 BHK,5498.00796812749
Ready To Move,Marathahalli,1583.0,3.0,3.0,109.0,3 BHK,6885.6601389766265
Ready To Move,Kundalahalli Colony,1505.0,2.0,2.0,90.0,2 BHK,5980.066445182724
Ready To Move,Kathriguppe,1365.0,2.0,2.0,75.08,3 BHK,5500.3663003663005
Ready To Move,Dwarka Nagar,1200.0,3.0,3.0,95.75,3 BHK,7979.166666666667
Ready To Move,Amblipura,1810.0,4.0,3.0,148.0,3 BHK,8176.795580110497
Ready To Move,Magadi Road,440.0,1.0,0.0,35.0,1 BHK,7954.545454545455
Ready To Move,Subramanyapura,975.0,2.0,1.0,63.0,2 BHK,6461.538461538462
Ready To Move,Doddagubbi,1250.0,2.0,3.0,39.0,2 BHK,3120.0
Ready To Move,Gopalkrishna Nagar,1530.0,2.0,1.0,97.0,3 BHK,6339.869281045751
Ready To Move,Kereguddadahalli,1300.0,2.0,2.0,39.0,3 BHK,3000.0
Ready To Move,Channasandra,1115.0,2.0,1.0,40.0,2 BHK,3587.4439461883408
Ready To Move,Sarjapur  Road,1308.0,2.0,1.0,83.0,2 BHK,6345.565749235474
Ready To Move,Parappana Agrahara,1194.0,2.0,2.0,47.0,2 BHK,3936.348408710218
Ready To Move,Uttarahalli,1490.0,2.0,2.0,59.6,3 BHK,4000.0
Ready To Move,Bannerghatta Road,10000.0,4.0,0.0,450.0,4 BHK,4500.0
Not Ready To Move,Sarjapur  Road,1592.0,3.0,1.0,91.0,3 BHK,5716.08040201005
Not Ready To Move,Rajaji Nagar,1222.0,2.0,0.0,112.0,2 BHK,9165.302782324059
Ready To Move,Raja Rajeshwari Nagar,1267.0,2.0,2.0,42.85,2 BHK,3382.004735595896
Ready To Move,Balagere,656.0,1.0,1.0,53.0,1 BHK,8079.268292682927
Ready To Move,Dodda Nekkundi,3400.0,4.0,3.0,530.0,4 BHK,15588.235294117647
Ready To Move,Garudachar Palya,4500.0,5.0,2.0,400.0,4 BHK,8888.888888888889
Not Ready To Move,Chandapura,1200.0,1.0,1.0,36.0,2 BHK,3000.0
Ready To Move,Thanisandra,1698.0,3.0,2.0,102.0,3 BHK,6007.067137809187
Ready To Move,Tata Nagar,1500.0,3.0,2.0,70.0,3 BHK,4666.666666666667
Ready To Move,Sunkadakatte,2000.0,5.0,0.0,80.0,4 BHK,4000.0
Not Ready To Move,Electronic City,1152.0,2.0,1.0,65.75,2 BHK,5707.465277777777
Ready To Move,Raja Rajeshwari Nagar,550.0,1.0,0.0,21.0,1 BHK,3818.181818181818
Ready To Move,Pattandur Agrahara,900.0,2.0,2.0,42.0,2 BHK,4666.666666666667
Not Ready To Move,Rajarajeshwari nagar,1410.0,2.0,2.0,45.12,3 BHK,3200.0
Ready To Move,Akshaya Nagar,1419.0,2.0,3.0,73.0,3 BHK,5144.46793516561
Ready To Move,Amruthahalli,1200.0,2.0,1.0,55.0,2 BHK,4583.333333333333
Ready To Move,AECS Layout,1800.0,3.0,3.0,65.0,3 BHK,3611.1111111111113
Ready To Move,Gottigere,990.0,2.0,1.0,40.0,2 BHK,4040.40404040404
Ready To Move,Sarjapur  Road,1016.0,2.0,1.0,45.0,2 BHK,4429.133858267716
Ready To Move,Bannerghatta Road,1100.0,2.0,0.0,39.0,2 BHK,3545.4545454545455
Ready To Move,Ramamurthy Nagar,850.0,2.0,1.0,65.0,4 BHK,7647.058823529412
Ready To Move,Whitefield,1095.0,2.0,1.0,35.0,2 BHK,3196.3470319634703
Ready To Move,Rajarajeshwarinagar,2000.0,3.0,2.0,85.0,3 BHK,4250.0
Ready To Move,Budigere,1444.0,2.0,2.0,70.0,2 BHK,4847.645429362881
Ready To Move,Whitefield,1415.0,2.0,3.0,67.0,2 BHK,4734.982332155477
Ready To Move,Jinkethimmanahalli,1500.0,2.0,1.0,130.0,3 BHK,8666.666666666666
Ready To Move,Daadys Gaarden Layout,1600.0,3.0,3.0,72.0,3 BHK,4500.0
Ready To Move,Whitefield,1105.0,2.0,1.0,41.36,2 BHK,3742.9864253393666
Not Ready To Move,Electronic City,1225.0,3.0,0.0,45.03,3 BHK,3675.918367346939
Ready To Move,Frazer Town,2560.0,3.0,2.0,265.0,3 BHK,10351.5625
Ready To Move,Kanakpura Road,1080.0,2.0,1.0,37.8,2 BHK,3499.9999999999995
Not Ready To Move,Talaghattapura,1856.0,3.0,2.0,135.0,3 BHK,7273.706896551724
Ready To Move,Haralur Road,1464.0,3.0,2.0,56.0,3 BHK,3825.136612021858
Ready To Move,Sarjapur  Road,1150.0,2.0,2.0,77.0,2 BHK,6695.652173913043
Ready To Move,Abbigere,1200.0,4.0,1.0,98.0,5 BHK,8166.666666666667
Ready To Move,5th Phase JP Nagar,1485.0,2.0,2.0,67.0,3 BHK,4511.784511784512
Ready To Move,Vimanapura,2500.0,3.0,3.0,75.0,3 BHK,3000.0
Not Ready To Move,Whitefield,1200.0,2.0,1.0,45.0,2 BHK,3750.0
Not Ready To Move,Hennur Road,1036.0,2.0,1.0,59.46,2 BHK,5739.382239382239
Ready To Move,Whitefield,3445.0,5.0,3.0,270.0,4 BHK,7837.44557329463
Ready To Move,Dodsworth Layout,1400.0,2.0,2.0,80.0,2 BHK,5714.285714285715
Not Ready To Move,Bommanahalli,1110.0,2.0,2.0,33.0,2 BHK,2972.972972972973
Ready To Move,Kodichikkanahalli,1150.0,2.0,3.0,48.0,2 BHK,4173.913043478261
Ready To Move,Kenchenahalli,715.0,1.0,1.0,45.0,1 BHK,6293.706293706294
Ready To Move,Magadi Road,1200.0,4.0,0.0,130.0,4 BHK,10833.333333333334
Ready To Move,Rajaji Nagar,1200.0,3.0,1.0,260.0,5 BHK,21666.666666666668
Ready To Move,Jakkur,2283.0,4.0,2.0,130.0,4 BHK,5694.261936049058
Not Ready To Move,Hormavu,1453.0,2.0,2.0,43.58,3 BHK,2999.3117687543013
Ready To Move,Nagarbhavi,1400.0,2.0,1.0,85.0,3 BHK,6071.428571428572
Ready To Move,Padmanabhanagar,1400.0,3.0,0.0,65.0,3 BHK,4642.857142857143
Ready To Move,Whitefield,1700.0,3.0,1.0,140.0,3 BHK,8235.29411764706
Not Ready To Move,Kanakpura Road,1591.0,3.0,1.0,120.0,3 BHK,7542.42614707731
Ready To Move,Nagarbhavi,1515.0,2.0,1.0,79.0,3 BHK,5214.521452145214
Ready To Move,Marathahalli,2500.0,3.0,3.0,200.0,5 BHK,8000.0
Not Ready To Move,Chandapura,975.0,2.0,1.0,24.86,2 BHK,2549.74358974359
Ready To Move,Yeshwanthpur,1382.0,2.0,2.0,76.18,3 BHK,5512.301013024603
Ready To Move,Sector 1 HSR Layout,1533.0,3.0,2.0,150.0,3 BHK,9784.735812133073
Not Ready To Move,Cunningham Road,3815.0,3.0,1.0,763.0,3 BHK,20000.0
Ready To Move,Amarjyothi Colony,1100.0,2.0,2.0,38.0,2 BHK,3454.5454545454545
Ready To Move,Dairy Circle,3730.0,6.0,2.0,450.0,4 BHK,12064.343163538873
Ready To Move,Banashankari Stage II,1500.0,2.0,1.0,120.0,3 BHK,8000.0
Ready To Move,Yelahanka,1391.0,2.0,2.0,64.5,3 BHK,4636.951833213516
Ready To Move,Begur Road,1160.0,2.0,2.0,42.92,2 BHK,3700.0
Ready To Move,Chandapura,620.0,1.0,1.0,27.0,1 BHK,4354.8387096774195
Not Ready To Move,Whitefield,4827.0,4.0,3.0,400.0,4 BHK,8286.720530350114
Ready To Move,Kanakpura Road,1482.0,3.0,3.0,60.98,3 BHK,4114.7098515519565
Ready To Move,Whitefield,1405.0,2.0,2.0,84.5,2 BHK,6014.234875444839
Ready To Move,Gunjur,1190.0,2.0,2.0,40.0,2 BHK,3361.344537815126
Ready To Move,Harlur,1174.0,2.0,1.0,78.0,2 BHK,6643.9522998296425
Ready To Move,Seegehalli,1155.0,2.0,0.0,72.0,2 BHK,6233.766233766234
Not Ready To Move,Thanisandra,1411.0,3.0,1.0,93.04,3 BHK,6593.905031892275
Ready To Move,Jalahalli West,745.0,2.0,0.0,50.0,2 BHK,6711.4093959731545
Ready To Move,Kereguddadahalli,1000.0,2.0,2.0,30.0,2 BHK,3000.0
Ready To Move,Jigani,923.0,2.0,1.0,50.0,2 BHK,5417.118093174431
Ready To Move,Yeshwanthpur,1000.0,2.0,2.0,32.0,2 BHK,3200.0
Ready To Move,Battarahalli,1276.0,2.0,2.0,45.0,2 BHK,3526.6457680250783
Ready To Move,Devasthanagalu,1460.0,3.0,2.0,70.0,3 BHK,4794.520547945205
Not Ready To Move,Yemlur,1355.0,2.0,1.0,95.0,2 BHK,7011.070110701107
Ready To Move,Avalahalli,833.0,1.0,1.0,49.0,1 BHK,5882.35294117647
Ready To Move,Cambridge Layout,1750.0,5.0,1.0,450.0,5 BHK,25714.285714285714
Not Ready To Move,Ramamurthy Nagar,1200.0,2.0,1.0,48.0,2 BHK,4000.0
Ready To Move,Yeshwanthpur,669.0,1.0,1.0,36.85,1 BHK,5508.221225710015
Ready To Move,7th Phase JP Nagar,2200.0,4.0,2.0,105.0,3 BHK,4772.727272727273
Not Ready To Move,Koramangala,1594.0,3.0,2.0,125.0,3 BHK,7841.907151819322
Ready To Move,Kothanur,1790.0,3.0,2.0,105.0,3 BHK,5865.921787709497
Ready To Move,NGR Layout,1020.0,2.0,1.0,45.0,2 BHK,4411.764705882353
Ready To Move,Doddanekundi,3250.0,5.0,1.0,850.0,4 BHK,26153.846153846152
Ready To Move,Vasantapura main road,1037.0,2.0,1.0,36.28,2 BHK,3498.553519768563
Ready To Move,Whitefield,1345.0,2.0,2.0,57.0,3 BHK,4237.918215613383
Ready To Move,Kodichikkanahalli,1070.0,2.0,3.0,43.0,2 BHK,4018.691588785047
Ready To Move,Sector 6 HSR Layout,3000.0,5.0,2.0,270.0,4 BHK,9000.0
Ready To Move,Yeshwanthpur,1385.0,2.0,2.0,76.18,3 BHK,5500.3610108303255
Ready To Move,Kanakpura Road,1207.0,2.0,2.0,79.9,2 BHK,6619.718309859156
Ready To Move,Varthur,1140.0,2.0,3.0,55.5,2 BHK,4868.421052631579
Ready To Move,Basavanapura,1220.0,2.0,2.0,68.0,2 BHK,5573.770491803279
Ready To Move,CQAL Layout,3811.0,3.0,2.0,475.0,4 BHK,12463.920230910522
Ready To Move,Iblur Village,3596.0,5.0,0.0,252.0,4 BHK,7007.786429365962
Ready To Move,Sarjapur  Road,1965.0,3.0,3.0,120.0,3 BHK,6106.8702290076335
Ready To Move,Koramangala,1760.0,2.0,0.0,115.0,3 BHK,6534.090909090909
Not Ready To Move,Haralur Road,1225.0,2.0,1.0,70.0,2 BHK,5714.285714285715
Ready To Move,Marathahalli,1075.0,2.0,2.0,52.43,2 BHK,4877.209302325581
Ready To Move,Panathur,1000.0,2.0,1.0,68.0,2 BHK,6800.0
Ready To Move,Hennur Road,1891.0,3.0,1.0,109.0,3 BHK,5764.1459545214175
Ready To Move,Yelahanka,1322.0,2.0,2.0,86.0,2 BHK,6505.295007564297
Ready To Move,Mathikere,1095.0,3.0,0.0,215.0,3 BHK,19634.703196347033
Ready To Move,Bellandur,3600.0,4.0,0.0,260.0,4 BHK,7222.222222222223
Ready To Move,AECS Layout,1045.0,2.0,1.0,36.58,2 BHK,3500.4784688995214
Ready To Move,Venugopal Reddy Layout,1545.0,3.0,3.0,85.0,3 BHK,5501.6181229773465
Ready To Move,Thanisandra,1996.0,3.0,2.0,135.0,3 BHK,6763.527054108216
Ready To Move,Brookefield,1125.0,2.0,2.0,70.0,2 BHK,6222.222222222223
Not Ready To Move,Mysore Road,1560.0,3.0,1.0,115.0,3 BHK,7371.794871794872
Ready To Move,BEML Layout,2000.0,2.0,2.0,85.0,3 BHK,4250.0
Ready To Move,Murugeshpalya,3100.0,4.0,2.0,310.0,4 BHK,10000.0
Ready To Move,Lake City,780.0,2.0,1.0,35.0,2 BHK,4487.179487179487
Ready To Move,Lakshmipura,1350.0,2.0,1.0,110.0,2 BHK,8148.148148148148
Ready To Move,Sarjapur  Road,2275.0,4.0,2.0,180.0,3 BHK,7912.087912087912
Ready To Move,Pragathi Nagar,1350.0,2.0,2.0,41.0,2 BHK,3037.037037037037
Ready To Move,Haralur Road,1464.0,3.0,3.0,56.0,3 BHK,3825.136612021858
Ready To Move,Kanakpura Road,1570.0,3.0,3.0,64.5,3 BHK,4108.28025477707
Ready To Move,Dasanapura,708.0,1.0,0.0,28.32,1 BHK,4000.0
Ready To Move,Sarjapur  Road,1680.0,3.0,1.0,160.0,3 BHK,9523.809523809523
Ready To Move,Hoodi,1400.0,2.0,1.0,82.0,2 BHK,5857.142857142857
Ready To Move,Bellandur,1310.0,2.0,2.0,72.0,2 BHK,5496.18320610687
Not Ready To Move,Electronics City Phase 1,1175.0,2.0,1.0,57.0,2 BHK,4851.063829787234
Ready To Move,Chikkalasandra,1428.0,2.0,1.0,80.0,3 BHK,5602.240896358543
Ready To Move,Akshaya Nagar,750.0,4.0,2.0,62.0,4 BHK,8266.666666666666
Ready To Move,Whitefield,3252.0,4.0,3.0,280.0,4 BHK,8610.086100861008
Ready To Move,Haralur Road,1194.0,2.0,2.0,46.0,2 BHK,3852.5963149078725
Not Ready To Move,8th Phase JP Nagar,1080.0,2.0,2.0,35.0,2 BHK,3240.740740740741
Ready To Move,Vijaya Bank Layout,1200.0,2.0,1.0,68.0,3 BHK,5666.666666666667
Not Ready To Move,Whitefield,1200.0,2.0,1.0,45.0,2 BHK,3750.0
Ready To Move,Okalipura,1200.0,4.0,3.0,120.0,5 BHK,10000.0
Not Ready To Move,Bommasandra Industrial Area,1320.0,2.0,1.0,38.13,3 BHK,2888.636363636364
Not Ready To Move,Badavala Nagar,1842.0,3.0,2.0,115.0,3 BHK,6243.213897937025
Ready To Move,Sector 2 HSR Layout,1146.0,2.0,3.0,55.0,2 BHK,4799.301919720768
Not Ready To Move,Rachenahalli,440.0,1.0,1.0,28.0,1 BHK,6363.636363636364
Ready To Move,Sahakara Nagar,1048.0,2.0,3.0,50.0,2 BHK,4770.992366412213
Ready To Move,Thanisandra,1801.0,3.0,1.0,115.0,3 BHK,6385.341476957246
Not Ready To Move,Hennur Road,1232.0,2.0,1.0,69.61,2 BHK,5650.162337662337
Ready To Move,Whitefield,1150.0,2.0,2.0,90.0,2 BHK,7826.086956521739
Not Ready To Move,Talaghattapura,1868.0,3.0,1.0,120.0,3 BHK,6423.982869379015
Not Ready To Move,Begur,1445.0,2.0,2.0,47.1,3 BHK,3259.515570934256
Ready To Move,Hebbal Kempapura,1466.0,2.0,3.0,140.0,3 BHK,9549.795361527968
Ready To Move,Harlur,1730.0,3.0,2.0,100.0,3 BHK,5780.346820809248
Not Ready To Move,JP Nagar,3860.0,3.0,2.0,402.0,3 BHK,10414.507772020725
Ready To Move,Somasundara Palya,1185.0,2.0,3.0,70.0,2 BHK,5907.172995780591
Ready To Move,Yeshwanthpur,3027.0,4.0,3.0,260.0,3 BHK,8589.362405021473
Not Ready To Move,Whitefield,2400.0,4.0,3.0,147.0,4 BHK,6125.0
Ready To Move,Kaval Byrasandra,1185.0,2.0,1.0,49.0,2 BHK,4135.021097046413
Not Ready To Move,Hongasandra,1150.0,2.0,2.0,49.0,2 BHK,4260.869565217391
Ready To Move,Maruthi Extension,2000.0,4.0,2.0,180.0,5 BHK,9000.0
Ready To Move,Pai Layout,1075.0,2.0,2.0,35.0,2 BHK,3255.813953488372
Ready To Move,Hebbal,1760.0,3.0,2.0,123.0,3 BHK,6988.636363636364
Ready To Move,Banashankari,1600.0,2.0,1.0,63.98,2 BHK,3998.75
Ready To Move,Madiwala,910.0,4.0,1.0,140.0,4 BHK,15384.615384615385
Ready To Move,Haralur Road,1000.0,2.0,1.0,78.0,2 BHK,7800.0
Ready To Move,7th Phase JP Nagar,1215.0,2.0,2.0,90.0,2 BHK,7407.407407407408
Ready To Move,EPIP Zone,1734.0,3.0,3.0,125.0,3 BHK,7208.76585928489
Ready To Move,Akshaya Nagar,1280.0,2.0,1.0,60.0,2 BHK,4687.5
Ready To Move,Rachenahalli,1113.0,2.0,1.0,55.0,2 BHK,4941.599281221923
Ready To Move,Horamavu Banaswadi,1272.0,2.0,2.0,48.0,2 BHK,3773.5849056603774
Ready To Move,Kereguddadahalli,1240.0,3.0,2.0,41.0,3 BHK,3306.451612903226
Ready To Move,Yelahanka,1100.0,2.0,1.0,70.0,2 BHK,6363.636363636364
Not Ready To Move,Ambalipura,896.0,2.0,1.0,30.13,2 BHK,3362.723214285714
Ready To Move,Rachenahalli,3657.0,5.0,2.0,220.0,4 BHK,6015.859994531036
Ready To Move,BTM 2nd Stage,1200.0,2.0,0.0,35.0,2 BHK,2916.6666666666665
Ready To Move,Ramagondanahalli,2800.0,4.0,3.0,155.0,4 BHK,5535.714285714285
Not Ready To Move,Hebbal,2790.0,4.0,3.0,198.0,4 BHK,7096.774193548387
Ready To Move,Ambalipura,3500.0,3.0,2.0,198.0,3 BHK,5657.142857142857
Ready To Move,Ramamurthy Nagar,3600.0,3.0,2.0,150.0,3 BHK,4166.666666666667
Ready To Move,Sarjapur,1500.0,2.0,2.0,30.0,2 BHK,2000.0
Ready To Move,S R Layout,1096.0,2.0,2.0,48.0,2 BHK,4379.56204379562
Ready To Move,Cholanayakanahalli,580.0,2.0,0.0,95.0,2 BHK,16379.310344827587
Ready To Move,GD Layout,1094.0,2.0,1.0,44.0,2 BHK,4021.9378427787933
Ready To Move,Vittal Nagar,1100.0,2.0,2.0,49.0,2 BHK,4454.545454545455
Not Ready To Move,Koramangala,2503.0,6.0,2.0,325.0,4 BHK,12984.418697562924
Ready To Move,Nagarbhavi,1145.0,2.0,2.0,40.0,2 BHK,3493.4497816593885
Ready To Move,Rachenahalli,1550.0,3.0,2.0,74.5,3 BHK,4806.451612903225
Ready To Move,Seegehalli,1830.0,4.0,2.0,82.0,3 BHK,4480.87431693989
Not Ready To Move,Hoodi,1746.0,3.0,3.0,84.95,3 BHK,4865.406643757159
Ready To Move,Maruthi Sevanagar,1280.0,4.0,1.0,115.0,4 BHK,8984.375
Not Ready To Move,Kengeri,918.0,2.0,1.0,27.54,2 BHK,3000.0
Not Ready To Move,Chandapura,645.0,1.0,1.0,16.45,1 BHK,2550.3875968992247
Ready To Move,Banashankari Stage III,1305.0,2.0,1.0,60.0,3 BHK,4597.701149425287
Ready To Move,Thigalarapalya,1207.0,2.0,2.0,62.0,2 BHK,5136.702568351284
Ready To Move,Thanisandra,1678.0,3.0,2.0,125.0,3 BHK,7449.344457687724
Ready To Move,Kaggalipura,950.0,2.0,1.0,50.0,2 BHK,5263.1578947368425
Not Ready To Move,Electronic City,1070.0,2.0,1.0,55.0,2 BHK,5140.186915887851
Ready To Move,Ardendale,1732.46,3.0,2.0,92.0,3 BHK,5310.367916142364
Ready To Move,Attibele,1639.0,2.0,1.0,40.98,3 BHK,2500.305064063453
Ready To Move,Marathahalli,1360.0,2.0,1.0,103.0,2 BHK,7573.529411764706
Ready To Move,Malleshpalya,2592.0,4.0,2.0,250.0,4 BHK,9645.061728395061
Ready To Move,RMV 2nd Stage,4470.0,3.0,2.0,700.0,3 BHK,15659.955257270694
Ready To Move,Kithaganur,720.0,4.0,3.0,62.0,5 BHK,8611.111111111111
Ready To Move,Lakshminarayana Pura,1656.0,3.0,2.0,150.0,3 BHK,9057.971014492754
Ready To Move,Sarjapur  Road,985.0,2.0,1.0,49.0,2 BHK,4974.619289340101
Ready To Move,Dodda Nekkundi,1999.0,3.0,2.0,135.0,3 BHK,6753.376688344172
Ready To Move,7th Phase JP Nagar,1050.0,2.0,1.0,75.0,2 BHK,7142.857142857143
Ready To Move,Whitefield,1440.0,2.0,2.0,64.0,3 BHK,4444.444444444444
Ready To Move,Basavangudi,1600.0,2.0,2.0,160.0,3 BHK,10000.0
Not Ready To Move,Ramagondanahalli,1253.0,2.0,1.0,52.66,2 BHK,4202.713487629689
Ready To Move,Shirdi Sai Nagar,1200.0,3.0,0.0,85.0,3 BHK,7083.333333333333
Ready To Move,Padmanabhanagar,1360.0,2.0,3.0,75.0,3 BHK,5514.705882352941
Ready To Move,Hagadur,1086.0,2.0,1.0,47.5,2 BHK,4373.848987108656
Ready To Move,Wilson Garden,1655.0,3.0,2.0,155.0,3 BHK,9365.558912386707
Not Ready To Move,Old Madras Road,2600.0,4.0,2.0,260.0,4 BHK,10000.0
Ready To Move,Sarjapur  Road,1418.0,2.0,2.0,78.0,2 BHK,5500.705218617772
Ready To Move,Kalena Agrahara,1270.0,2.0,2.0,100.0,2 BHK,7874.0157480314965
Ready To Move,Begur Road,1410.0,2.0,3.0,52.17,3 BHK,3700.0
Not Ready To Move,"JP Nagar 7th Phase, ",1150.0,2.0,1.0,74.0,2 BHK,6434.782608695652
Ready To Move,Ramamurthy Nagar,600.0,3.0,2.0,45.0,2 BHK,7500.0
Ready To Move,Raghuvanahalli,1440.0,3.0,2.0,65.8,3 BHK,4569.444444444444
Ready To Move,J C Nagar,1200.0,2.0,0.0,108.0,3 BHK,9000.0
Ready To Move,Sadduguntepalya,1200.0,2.0,2.0,75.0,2 BHK,6250.0
Ready To Move,Begur Road,1410.0,2.0,3.0,50.06,3 BHK,3550.354609929078
Ready To Move,Chandapura,1200.0,5.0,2.0,92.0,4 BHK,7666.666666666667
Ready To Move,Jalahalli,600.0,3.0,2.0,60.0,3 BHK,10000.0
Not Ready To Move,Whitefield,624.0,1.0,1.0,35.0,1 BHK,5608.974358974359
Ready To Move,Electronic City,1060.0,2.0,1.0,58.0,2 BHK,5471.698113207547
Not Ready To Move,Hebbal,3960.0,5.0,3.0,386.0,4 BHK,9747.474747474747
Not Ready To Move,Whitefield,1200.0,2.0,1.0,45.0,2 BHK,3750.0
Ready To Move,Vidyaranyapura,1200.0,4.0,2.0,175.0,4 BHK,14583.333333333334
Ready To Move,Sarjapur,1917.0,3.0,0.0,60.0,4 BHK,3129.8904538341158
Ready To Move,KR Puram,950.0,2.0,1.0,40.0,2 BHK,4210.526315789473
Not Ready To Move,Channasandra,3040.0,2.0,1.0,48.0,2 BHK,1578.9473684210527
Not Ready To Move,BTM 2nd Stage,1250.0,3.0,1.0,50.0,3 BHK,4000.0
Ready To Move,Vishwapriya Layout,1235.0,2.0,2.0,60.0,2 BHK,4858.299595141701
Ready To Move,Budigere,722.0,1.0,0.0,46.0,1 BHK,6371.191135734072
Ready To Move,Kanakpura Road,2775.0,3.0,1.0,165.0,4 BHK,5945.945945945946
Ready To Move,Sarjapur  Road,1200.0,2.0,1.0,93.0,2 BHK,7750.0
Ready To Move,Bannerghatta Road,1400.0,3.0,2.0,68.0,3 BHK,4857.142857142857
Ready To Move,Mallathahalli,1225.0,3.0,3.0,60.0,3 BHK,4897.959183673469
Ready To Move,Marathahalli,1220.0,2.0,1.0,58.5,2 BHK,4795.081967213115
Ready To Move,Nagavarapalya,705.0,1.0,1.0,52.5,1 BHK,7446.808510638298
Ready To Move,Battarahalli,1880.0,3.0,2.0,94.36,3 BHK,5019.148936170212
Ready To Move,Yelahanka,1200.0,2.0,1.0,70.0,2 BHK,5833.333333333333
Ready To Move,Doddakammanahalli,1550.0,2.0,1.0,60.0,3 BHK,3870.967741935484
Ready To Move,Lingadheeranahalli,1893.0,3.0,1.0,130.0,3 BHK,6867.406233491812
Ready To Move,HMT Layout,1650.0,3.0,2.0,75.0,3 BHK,4545.454545454545
Ready To Move,Chikkathoguru,1113.0,2.0,2.0,46.0,2 BHK,4132.973944294699
Ready To Move,BEL Road,1500.0,2.0,0.0,203.0,2 BHK,13533.333333333334
Ready To Move,Sarjapur  Road,1586.0,3.0,3.0,70.0,3 BHK,4413.619167717528
Ready To Move,Seegehalli,4000.0,3.0,1.0,235.0,3 BHK,5875.0
Ready To Move,Yelahanka New Town,1541.0,3.0,3.0,80.0,3 BHK,5191.434133679429
Not Ready To Move,Haralur Road,1830.0,3.0,2.0,101.0,3 BHK,5519.12568306011
Ready To Move,Kodigehalli,1200.0,2.0,2.0,48.0,2 BHK,4000.0
Ready To Move,Bidrahalli,1800.0,2.0,0.0,72.0,3 BHK,4000.0
Not Ready To Move,Bommasandra,1015.0,2.0,1.0,40.0,2 BHK,3940.886699507389
Ready To Move,Raja Rajeshwari Nagar,1120.0,2.0,2.0,37.95,2 BHK,3388.3928571428573
Not Ready To Move,Hoodi,706.0,1.0,1.0,48.24,1 BHK,6832.8611898017
Ready To Move,Medi Agrahara,1350.0,4.0,2.0,85.0,4 BHK,6296.2962962962965
Ready To Move,Kanakpura Road,1900.0,3.0,1.0,99.0,3 BHK,5210.526315789473
Ready To Move,Harlur,1200.0,4.0,2.0,243.0,4 BHK,20250.0
Ready To Move,Seegehalli,3000.0,5.0,3.0,150.0,4 BHK,5000.0
Ready To Move,Bisuvanahalli,1075.0,2.0,1.0,42.0,3 BHK,3906.9767441860463
Not Ready To Move,Kanakpura Road,1290.0,2.0,3.0,80.0,2 BHK,6201.550387596899
Ready To Move,Akshaya Nagar,1200.0,2.0,1.0,50.0,2 BHK,4166.666666666667
Ready To Move,Hormavu,1150.0,2.0,1.0,53.11,2 BHK,4618.260869565217
Ready To Move,Uttarahalli,1360.0,2.0,3.0,61.2,3 BHK,4500.0
Not Ready To Move,whitefiled,935.0,2.0,1.0,32.73,2 BHK,3500.5347593582883
Ready To Move,Cox Town,1730.0,3.0,3.0,140.0,3 BHK,8092.485549132948
Ready To Move,Sarjapur  Road,1260.0,2.0,2.0,53.0,2 BHK,4206.349206349207
Ready To Move,Marathahalli,4000.0,4.0,1.0,650.0,4 BHK,16250.0
Ready To Move,Marathahalli,950.0,2.0,1.0,45.68,2 BHK,4808.421052631579
Ready To Move,Subbannaiah Palya,600.0,3.0,2.0,85.0,2 BHK,14166.666666666666
Ready To Move,Vadarpalya,2500.0,5.0,2.0,120.0,5 BHK,4800.0
Not Ready To Move,Hegde Nagar,3216.0,5.0,2.0,300.0,4 BHK,9328.358208955224
Ready To Move,Budigere,1991.0,4.0,2.0,88.0,3 BHK,4419.889502762431
Ready To Move,Sarjapur  Road,1115.0,2.0,1.0,60.0,2 BHK,5381.165919282511
Ready To Move,Koramangala,1900.0,3.0,3.0,150.0,3 BHK,7894.736842105263
Not Ready To Move,Whitefield,1109.0,2.0,1.0,41.49,2 BHK,3741.2082957619477
Ready To Move,Rajiv Nagar,2340.0,5.0,1.0,129.0,4 BHK,5512.820512820513
Ready To Move,Whitefield,4356.0,5.0,1.0,850.0,4 BHK,19513.314967860424
Ready To Move,9th Phase JP Nagar,1005.0,2.0,1.0,43.0,2 BHK,4278.606965174129
Not Ready To Move,Kengeri,416.0,1.0,1.0,19.5,1 BHK,4687.5
Ready To Move,1st Phase JP Nagar,1394.0,2.0,1.0,100.0,2 BHK,7173.601147776184
Ready To Move,Harlur,2138.0,3.0,2.0,110.0,3 BHK,5144.9953227315245
Ready To Move,Richards Town,1550.0,3.0,2.0,160.0,3 BHK,10322.58064516129
Ready To Move,Nagavarapalya,1300.0,3.0,1.0,80.0,3 BHK,6153.846153846154
Ready To Move,Thanisandra,1265.0,2.0,2.0,82.0,2 BHK,6482.213438735178
Ready To Move,Manorayana Palya,1140.0,2.0,2.0,52.0,2 BHK,4561.403508771929
Ready To Move,BCC Layout,1050.0,2.0,3.0,40.0,2 BHK,3809.5238095238096
Ready To Move,Thanisandra,1100.0,2.0,1.0,48.0,2 BHK,4363.636363636364
Not Ready To Move,Varthur,1012.0,2.0,1.0,59.0,2 BHK,5830.0395256917
Not Ready To Move,Varthur,1600.0,4.0,3.0,112.0,4 BHK,7000.0
Ready To Move,Yelahanka,1326.0,2.0,2.0,57.0,2 BHK,4298.6425339366515
Ready To Move,Hebbal Kempapura,1654.0,2.0,3.0,85.0,3 BHK,5139.056831922612
Ready To Move,Jeevan bima nagar,1705.0,2.0,1.0,290.0,3 BHK,17008.797653958944
Ready To Move,Chikkalasandra,1070.0,2.0,1.0,42.8,2 BHK,4000.0
Ready To Move,Whitefield,1700.0,3.0,2.0,95.0,3 BHK,5588.235294117647
Not Ready To Move,Bhoganhalli,910.2,2.0,1.0,80.64,2 BHK,8859.591298615689
Ready To Move,Kogilu,1140.0,2.0,2.0,50.66,2 BHK,4443.859649122807
Ready To Move,Whitefield,4960.0,4.0,3.0,400.0,4 BHK,8064.5161290322585
Not Ready To Move,Talaghattapura,2254.0,3.0,2.0,170.0,3 BHK,7542.147293700089
Not Ready To Move,Kanakapura,945.0,2.0,1.0,47.0,2 BHK,4973.544973544974
Not Ready To Move,Begur Road,2462.0,6.0,2.0,150.0,4 BHK,6092.607636068237
Ready To Move,Giri Nagar,1350.0,3.0,0.0,240.0,3 BHK,17777.777777777777
Not Ready To Move,Marathahalli,615.0,1.0,1.0,44.0,1 BHK,7154.471544715447
Ready To Move,Ramamurthy Nagar,1110.0,2.0,0.0,65.0,2 BHK,5855.855855855856
Not Ready To Move,Haralur Road,575.0,1.0,1.0,88.0,1 BHK,15304.347826086956
Not Ready To Move,Electronic City,1025.0,2.0,1.0,54.1,2 BHK,5278.048780487805
Ready To Move,Vinayak Nagar,1758.0,3.0,2.0,95.0,3 BHK,5403.86803185438
Not Ready To Move,Gopalapura,3179.0,5.0,3.0,351.0,4 BHK,11041.207927021076
Ready To Move,Kaikondrahalli,1342.0,3.0,3.0,92.0,3 BHK,6855.439642324888
Ready To Move,Kalyan nagar,1800.0,3.0,2.0,85.0,3 BHK,4722.222222222223
Not Ready To Move,Whitefield,2928.0,4.0,3.0,198.0,4 BHK,6762.295081967213
Ready To Move,Doddathoguru,1140.0,2.0,3.0,32.0,2 BHK,2807.0175438596493
Not Ready To Move,Raja Rajeshwari Nagar,1608.0,2.0,2.0,85.0,2 BHK,5286.0696517412935
Ready To Move,Kadugodi,1645.0,2.0,2.0,82.0,3 BHK,4984.802431610942
Not Ready To Move,Ramamurthy Nagar,1410.0,2.0,1.0,56.4,3 BHK,4000.0
Ready To Move,Harlur,1200.0,2.0,2.0,52.0,2 BHK,4333.333333333333
Not Ready To Move,8th Phase JP Nagar,1275.0,2.0,2.0,41.5,3 BHK,3254.901960784314
Ready To Move,Dodda Nekkundi,3800.0,4.0,2.0,600.0,4 BHK,15789.473684210527
Ready To Move,Kada Agrahara,909.0,2.0,1.0,40.0,3 BHK,4400.4400440044
Ready To Move,Basavanapura,1200.0,3.0,0.0,85.0,2 BHK,7083.333333333333
Ready To Move,Kalyan nagar,1080.0,2.0,2.0,73.0,2 BHK,6759.259259259259
Ready To Move,Madanayakahalli,1200.0,2.0,1.0,34.0,2 BHK,2833.3333333333335
Not Ready To Move,Akshaya Nagar,1092.0,2.0,1.0,60.0,2 BHK,5494.505494505494
Ready To Move,Jalahalli,1932.0,4.0,3.0,135.0,3 BHK,6987.577639751553
Ready To Move,KR Puram,1156.0,2.0,1.0,72.0,2 BHK,6228.3737024221455
Ready To Move,Bellandur,924.0,2.0,2.0,35.11,2 BHK,3799.78354978355
Ready To Move,Thubarahalli,1330.0,2.0,1.0,75.0,2 BHK,5639.097744360903
Not Ready To Move,Thanisandra,1917.0,4.0,2.0,113.0,3 BHK,5894.627021387585
Not Ready To Move,Chandapura,985.0,2.0,1.0,25.12,2 BHK,2550.253807106599
Ready To Move,Richmond Town,1800.0,5.0,2.0,500.0,4 BHK,27777.777777777777
Ready To Move,Mahalakshmi Puram,1290.0,1.0,0.0,225.0,2 BHK,17441.86046511628
Not Ready To Move,Kodigehalli,655.0,1.0,1.0,53.0,1 BHK,8091.603053435115
Ready To Move,4th Block Koramangala,1800.0,3.0,3.0,140.0,3 BHK,7777.777777777777
Ready To Move,Margondanahalli,1360.0,2.0,2.0,45.0,4 BHK,3308.823529411765
Ready To Move,Bellandur,1785.0,3.0,3.0,118.0,3 BHK,6610.644257703081
Not Ready To Move,Hebbal,1645.0,3.0,2.0,120.0,3 BHK,7294.83282674772
Ready To Move,Gottigere,1235.0,2.0,2.0,63.0,2 BHK,5101.214574898785
Ready To Move,Anandapura,900.0,2.0,0.0,48.0,2 BHK,5333.333333333333
Ready To Move,Thanisandra,662.0,1.0,1.0,42.0,1 BHK,6344.410876132931
Ready To Move,TC Palaya,1440.0,5.0,1.0,100.0,5 BHK,6944.444444444444
Not Ready To Move,Whitefield,1215.0,2.0,1.0,62.0,2 BHK,5102.880658436214
Ready To Move,Bisuvanahalli,845.0,2.0,1.0,37.0,2 BHK,4378.698224852071
Ready To Move,Sarjapur  Road,1525.0,2.0,2.0,87.0,3 BHK,5704.918032786885
Ready To Move,Jaladarsini Layout,1000.0,2.0,2.0,48.0,2 BHK,4800.0
Not Ready To Move,Hebbal,1255.0,2.0,1.0,90.0,3 BHK,7171.314741035857
Ready To Move,Mysore Road,1560.0,3.0,2.0,120.0,3 BHK,7692.307692307692
Ready To Move,Kasavanhalli,2100.0,3.0,3.0,110.0,3 BHK,5238.0952380952385
Ready To Move,Kodichikkanahalli,1620.0,2.0,2.0,85.0,3 BHK,5246.913580246914
Ready To Move,Marathahalli,1595.0,3.0,2.0,90.0,3 BHK,5642.633228840125
Not Ready To Move,Basavanapura,1095.0,2.0,2.0,38.52,2 BHK,3517.8082191780827
Ready To Move,9th Phase JP Nagar,835.0,2.0,0.0,37.0,2 BHK,4431.137724550898
Not Ready To Move,Hennur Road,2182.0,3.0,2.0,72.04,3 BHK,3301.5582034830436
Ready To Move,Thigalarapalya,1418.0,2.0,2.0,106.0,2 BHK,7475.317348377997
Not Ready To Move,Sanjay nagar,1900.0,2.0,2.0,180.0,3 BHK,9473.684210526315
Not Ready To Move,Whitefield,2700.0,5.0,2.0,175.0,3 BHK,6481.481481481482
Ready To Move,BTM 2nd Stage,1070.0,2.0,1.0,48.0,2 BHK,4485.981308411215
Not Ready To Move,Electronics City Phase 1,755.0,1.0,1.0,42.41,1 BHK,5617.218543046358
Not Ready To Move,Hebbal,1645.0,3.0,2.0,117.0,3 BHK,7112.462006079028
Ready To Move,Sarjapur,2400.0,3.0,2.0,190.0,3 BHK,7916.666666666667
Not Ready To Move,Chandapura,645.0,1.0,1.0,16.45,1 BHK,2550.3875968992247
Not Ready To Move,4th T block Jayanagar,3900.0,4.0,2.0,333.0,4 BHK,8538.461538461539
Ready To Move,Attur Layout,2400.0,4.0,2.0,200.0,3 BHK,8333.333333333334
Ready To Move,Electronics City Phase 1,919.0,2.0,0.0,28.0,2 BHK,3046.789989118607
Ready To Move,Bannerghatta Road,1725.0,3.0,2.0,110.0,3 BHK,6376.811594202899
Not Ready To Move,Sarjapur  Road,1346.0,2.0,1.0,71.32,2 BHK,5298.662704309063
Ready To Move,Electronic City Phase II,1070.0,2.0,2.0,45.0,2 BHK,4205.607476635514
Ready To Move,Begur Road,1225.0,2.0,1.0,35.52,2 BHK,2899.5918367346944
Ready To Move,Neeladri Nagar,640.0,1.0,1.0,20.5,1 BHK,3203.125
Ready To Move,Chikkalasandra,1310.0,2.0,1.0,52.4,3 BHK,4000.0
Ready To Move,Kanakapura,1190.0,2.0,2.0,39.0,2 BHK,3277.3109243697477
Ready To Move,Basavanna Nagar,1645.0,3.0,2.0,87.5,3 BHK,5319.148936170212
Ready To Move,Marathahalli,1350.0,2.0,1.0,89.0,2 BHK,6592.592592592592
Ready To Move,Vittasandra,1404.0,2.0,1.0,68.8,2 BHK,4900.284900284901
Not Ready To Move,Electronic City,1105.0,2.0,1.0,35.0,3 BHK,3167.420814479638
Not Ready To Move,Kanakpura Road,900.0,2.0,1.0,41.0,2 BHK,4555.555555555556
Ready To Move,A Narayanapura,1650.0,4.0,3.0,320.0,4 BHK,19393.939393939392
Ready To Move,Dodda Nekkundi,1100.0,2.0,1.0,41.15,2 BHK,3740.909090909091
Ready To Move,Thanisandra,2100.0,4.0,1.0,95.0,4 BHK,4523.809523809524
Not Ready To Move,Thanisandra,1948.0,3.0,2.0,130.0,3 BHK,6673.511293634497
Ready To Move,Singasandra,1464.0,3.0,2.0,56.0,3 BHK,3825.136612021858
Ready To Move,Raja Rajeshwari Nagar,1210.0,2.0,2.0,45.0,2 BHK,3719.00826446281
Ready To Move,Yelahanka,4000.0,5.0,2.0,220.0,5 BHK,5500.0
Ready To Move,Brooke Bond First Cross,1252.0,2.0,2.0,55.0,2 BHK,4392.97124600639
Ready To Move,Nagarbhavi,1200.0,4.0,3.0,240.0,5 BHK,20000.0
Ready To Move,Sarjapur  Road,3905.0,7.0,2.0,290.0,5 BHK,7426.376440460947
Ready To Move,Kundalahalli Colony,2600.0,3.0,2.0,140.0,3 BHK,5384.615384615385
Ready To Move,7th Phase JP Nagar,1300.0,3.0,2.0,89.13,3 BHK,6856.153846153846
Ready To Move,7th Phase JP Nagar,1130.0,2.0,2.0,73.0,2 BHK,6460.1769911504425
Ready To Move,Budigere,1200.0,3.0,0.0,135.0,4 BHK,11250.0
Ready To Move,Thanisandra,1690.0,3.0,2.0,125.0,3 BHK,7396.449704142012
Ready To Move,Padmanabhanagar,4500.0,4.0,2.0,360.0,3 BHK,8000.0
Ready To Move,Tasker Town,950.0,2.0,1.0,60.0,2 BHK,6315.789473684211
Ready To Move,Marathahalli,1020.0,2.0,1.0,57.0,2 BHK,5588.235294117647
Not Ready To Move,"Hoodi Circle, ",2107.0,4.0,3.0,95.0,4 BHK,4508.780256288562
Ready To Move,Marathahalli,1735.0,3.0,2.0,72.0,3 BHK,4149.85590778098
Ready To Move,Sarjapur  Road,915.0,2.0,2.0,37.0,2 BHK,4043.7158469945357
Ready To Move,Glass Factory Layout,1450.0,3.0,3.0,68.0,3 BHK,4689.6551724137935
Ready To Move,Thigalarapalya,2215.0,4.0,2.0,156.0,3 BHK,7042.889390519187
Ready To Move,Raghavendra Nagar,2431.0,3.0,1.0,100.0,3 BHK,4113.533525298231
Not Ready To Move,Hennur Road,1804.0,3.0,2.0,102.0,3 BHK,5654.10199556541
Not Ready To Move,Marathahalli,1600.0,3.0,2.0,88.0,2 BHK,5500.0
Ready To Move,Uttarahalli,1280.0,2.0,2.0,75.0,2 BHK,5859.375
Not Ready To Move,Hebbal,1255.0,3.0,2.0,77.68,3 BHK,6189.641434262949
Ready To Move,Koramangala,1320.0,2.0,1.0,150.0,2 BHK,11363.636363636364
Ready To Move,Hoodi,1257.0,2.0,1.0,69.0,2 BHK,5489.260143198091
Ready To Move,Raja Rajeshwari Nagar,1240.0,2.0,1.0,53.27,2 BHK,4295.967741935484
Ready To Move,Milk Colony,1200.0,4.0,2.0,240.0,4 BHK,20000.0
Ready To Move,Hulimavu,1255.0,2.0,3.0,66.0,2 BHK,5258.964143426295
Ready To Move,Ananth Nagar,870.0,2.0,2.0,36.0,2 BHK,4137.931034482759
Ready To Move,Tumkur Road,1789.0,3.0,2.0,98.0,3 BHK,5477.920626048071
Ready To Move,Electronic City,660.0,1.0,1.0,18.0,2 BHK,2727.2727272727275
Ready To Move,"Basnashankari,6th stage,",600.0,3.0,1.0,54.0,3 BHK,9000.0
Ready To Move,Coffee Board Layout,1155.0,2.0,3.0,56.0,2 BHK,4848.484848484848
Ready To Move,R.T. Nagar,1235.0,2.0,2.0,65.0,2 BHK,5263.1578947368425
Ready To Move,Yelahanka,2675.0,4.0,2.0,140.0,4 BHK,5233.644859813084
Ready To Move,CV Raman Nagar,1025.0,2.0,2.0,50.0,2 BHK,4878.048780487805
Ready To Move,Raja Rajeshwari Nagar,1395.0,2.0,2.0,72.0,3 BHK,5161.290322580645
Ready To Move,Rachenahalli,1530.0,2.0,2.0,74.4,3 BHK,4862.745098039216
Ready To Move,Dodda Nekkundi,1252.0,2.0,1.0,71.0,3 BHK,5670.926517571885
Not Ready To Move,Hennur Road,1081.0,2.0,1.0,30.27,2 BHK,2800.1850138760406
Ready To Move,Haralur Road,1255.0,3.0,1.0,130.0,3 BHK,10358.565737051793
Ready To Move,Ardendale,2062.0,3.0,2.0,150.0,4 BHK,7274.4907856450045
Ready To Move,Choodasandra,1220.0,3.0,2.0,56.0,3 BHK,4590.163934426229
Ready To Move,Jigani,1408.0,2.0,0.0,55.0,3 BHK,3906.25
Ready To Move,Bisuvanahalli,1180.0,2.0,1.0,60.0,3 BHK,5084.745762711865
Ready To Move,Sarjapur  Road,715.0,1.0,2.0,29.0,1 BHK,4055.944055944056
Ready To Move,Sarjapur  Road,1230.0,2.0,3.0,94.5,2 BHK,7682.926829268293
Ready To Move,Kaggadasapura,1035.0,2.0,2.0,45.5,2 BHK,4396.135265700483
Ready To Move,EPIP Zone,3360.0,5.0,0.0,225.0,4 BHK,6696.428571428572
Ready To Move,Kathriguppe,1300.0,3.0,2.0,77.99,3 BHK,5999.230769230769
Not Ready To Move,Kanakpura Road,1100.0,3.0,1.0,52.97,3 BHK,4815.454545454545
Ready To Move,Whitefield,1216.0,2.0,1.0,84.0,2 BHK,6907.894736842105
Not Ready To Move,Shirdi Sai Layout,1450.0,2.0,3.0,62.63,2 BHK,4319.310344827586
Ready To Move,Nagavarapalya,705.0,1.0,1.0,57.0,1 BHK,8085.106382978724
Ready To Move,Gottigere,1385.0,3.0,2.0,64.0,3 BHK,4620.938628158845
Not Ready To Move,Anekal,1200.0,2.0,1.0,36.1,2 BHK,3008.3333333333335
Not Ready To Move,Electronic City Phase II,1310.0,2.0,1.0,32.75,3 BHK,2500.0
Ready To Move,Sarjapur  Road,1043.0,2.0,1.0,39.5,2 BHK,3787.152444870566
Ready To Move,Koramangala,1320.0,2.0,2.0,110.0,2 BHK,8333.333333333334
Ready To Move,Near ullas theater,1900.0,3.0,2.0,205.0,3 BHK,10789.473684210527
Ready To Move,Varthur,1140.0,2.0,2.0,39.9,2 BHK,3500.0
Ready To Move,Kadugodi,1100.0,2.0,1.0,45.0,2 BHK,4090.909090909091
Not Ready To Move,Hebbal,1586.0,3.0,2.0,90.0,3 BHK,5674.653215636822
Not Ready To Move,Chandapura,975.0,2.0,1.0,24.86,2 BHK,2549.74358974359
Ready To Move,Amruthnagar,1365.0,3.0,2.0,60.0,2 BHK,4395.604395604396
Not Ready To Move,Rajaji Nagar,1263.0,2.0,0.0,107.0,2 BHK,8471.892319873317
Ready To Move,Begur Road,1565.0,2.0,2.0,59.76,3 BHK,3818.5303514376997
Ready To Move,Karuna Nagar,1163.0,3.0,2.0,180.0,3 BHK,15477.214101461737
Not Ready To Move,Whitefield,2882.0,5.0,1.0,204.0,4 BHK,7078.417765440666
Ready To Move,Hennur Road,2320.0,3.0,2.0,170.0,3 BHK,7327.586206896552
Ready To Move,Sarjapur  Road,1750.0,3.0,3.0,99.0,3 BHK,5657.142857142857
Ready To Move,Kudlu,1143.0,2.0,1.0,55.0,2 BHK,4811.898512685914
Ready To Move,Hennur Road,1936.0,3.0,1.0,118.0,3 BHK,6095.0413223140495
Ready To Move,Electronic City,660.0,1.0,1.0,15.0,2 BHK,2272.7272727272725
Ready To Move,Chandapura,700.0,1.0,1.0,19.0,2 BHK,2714.285714285714
Ready To Move,Chikkakannalli,1402.0,2.0,2.0,85.0,3 BHK,6062.767475035664
Ready To Move,Hebbal,4640.0,4.0,2.0,600.0,4 BHK,12931.034482758621
Ready To Move,Electronic City,1000.0,2.0,2.0,41.0,2 BHK,4100.0
Ready To Move,Gottigere,1000.0,2.0,1.0,35.0,2 BHK,3500.0
Not Ready To Move,Kengeri Satellite Town,818.0,2.0,1.0,26.0,2 BHK,3178.484107579462
Ready To Move,Bommenahalli,1680.0,3.0,0.0,135.0,4 BHK,8035.714285714285
Ready To Move,Kalyan nagar,2422.0,3.0,2.0,150.0,4 BHK,6193.228736581338
Ready To Move,Indira Nagar,1145.0,2.0,2.0,100.0,2 BHK,8733.624454148472
Not Ready To Move,Chandapura,1190.0,2.0,2.0,30.35,3 BHK,2550.4201680672268
Not Ready To Move,Sarjapur  Road,1145.0,2.0,1.0,62.0,2 BHK,5414.847161572053
Ready To Move,Somasundara Palya,1575.0,3.0,3.0,68.0,3 BHK,4317.460317460317
Ready To Move,Bannerghatta Road,9000.0,4.0,1.0,390.0,3 BHK,4333.333333333333
Ready To Move,Thanisandra,1200.0,2.0,2.0,46.0,2 BHK,3833.3333333333335
Ready To Move,Yelahanka,1500.0,2.0,2.0,63.0,3 BHK,4200.0
Ready To Move,Ramamurthy Nagar,2560.0,4.0,2.0,75.0,4 BHK,2929.6875
Ready To Move,Kothanur,1583.0,3.0,3.0,76.1,3 BHK,4807.327858496525
Not Ready To Move,Kanakpura Road,700.0,2.0,1.0,34.98,2 BHK,4997.142857142857
Ready To Move,Bannerghatta Road,950.0,2.0,0.0,38.0,2 BHK,4000.0
Ready To Move,Banashankari,1041.0,2.0,1.0,36.44,2 BHK,3500.480307396734
Ready To Move,Thubarahalli,1085.0,2.0,1.0,70.0,2 BHK,6451.612903225807
Not Ready To Move,Anjanapura,1070.0,2.0,2.0,37.0,2 BHK,3457.9439252336447
Ready To Move,Raja Rajeshwari Nagar,1165.0,2.0,1.0,45.0,2 BHK,3862.6609442060085
Ready To Move,Bommasandra,1000.0,2.0,1.0,35.0,2 BHK,3500.0
Not Ready To Move,Horamavu Agara,1169.0,2.0,1.0,64.0,2 BHK,5474.764756201882
Ready To Move,A Narayanapura,1150.0,4.0,1.0,110.0,4 BHK,9565.217391304348
Ready To Move,Whitefield,1840.0,3.0,2.0,140.0,3 BHK,7608.695652173913
Ready To Move,Bhuvaneswari Nagar,1550.0,3.0,1.0,75.0,3 BHK,4838.709677419355
Ready To Move,Kaval Byrasandra,997.0,2.0,3.0,53.0,2 BHK,5315.947843530592
Not Ready To Move,Gunjur,1457.0,2.0,3.0,60.0,2 BHK,4118.050789293068
Ready To Move,ISRO Layout,1000.0,2.0,1.0,60.0,2 BHK,6000.0
Ready To Move,KR Puram,1000.0,2.0,0.0,60.0,2 BHK,6000.0
Ready To Move,Sarjapur  Road,1500.0,3.0,2.0,88.0,3 BHK,5866.666666666667
Ready To Move,Cottonpet,958.0,3.0,1.0,210.0,5 BHK,21920.668058455114
Ready To Move,Lakshminarayana Pura,1165.0,2.0,2.0,75.0,2 BHK,6437.768240343347
Not Ready To Move,Kasavanhalli,1787.0,3.0,2.0,123.0,3 BHK,6883.044208170118
Ready To Move,Raja Rajeshwari Nagar,1288.0,2.0,1.0,70.0,3 BHK,5434.782608695652
Ready To Move,Thanisandra,1430.0,2.0,2.0,54.11,3 BHK,3783.916083916084
Not Ready To Move,Hulimavu,3035.0,5.0,2.0,271.0,3 BHK,8929.159802306425
Ready To Move,Doddathoguru,750.0,1.0,1.0,25.5,1 BHK,3400.0
Ready To Move,Yelachenahalli,900.0,2.0,1.0,115.0,4 BHK,12777.777777777777
Not Ready To Move,Channasandra,1200.0,3.0,1.0,67.77,3 BHK,5647.5
Ready To Move,Electronic City,1500.0,2.0,1.0,78.0,3 BHK,5200.0
Ready To Move,Ambalipura,1230.0,2.0,2.0,66.25,2 BHK,5386.178861788618
Ready To Move,Marathahalli,780.0,1.0,1.0,55.0,1 BHK,7051.282051282052
Ready To Move,Bannerghatta Road,1220.0,2.0,1.0,80.0,2 BHK,6557.377049180328
Ready To Move,Kanakpura Road,1110.0,2.0,2.0,43.0,2 BHK,3873.873873873874
Ready To Move,Yeshwanthpur Industrial Suburb,2100.0,3.0,2.0,240.0,3 BHK,11428.57142857143
Ready To Move,Akshaya Nagar,1690.0,3.0,2.0,85.0,3 BHK,5029.585798816568
Ready To Move,Bannerghatta Road,1130.0,2.0,2.0,78.0,2 BHK,6902.654867256637
Not Ready To Move,Electronic City,1213.0,2.0,1.0,59.32,2 BHK,4890.35449299258
Ready To Move,Kengeri,900.0,2.0,2.0,45.0,2 BHK,5000.0
Ready To Move,Panathur,1199.0,2.0,1.0,85.0,2 BHK,7089.241034195163
Ready To Move,Nandi Hills,5000.0,4.0,2.0,290.0,4 BHK,5800.0
Not Ready To Move,Uttarahalli,661.0,1.0,1.0,36.0,1 BHK,5446.293494704993
Not Ready To Move,Thanisandra main road,1804.0,2.0,1.0,285.0,2 BHK,15798.226164079822
Ready To Move,Marathahalli,1710.0,3.0,2.0,100.0,3 BHK,5847.953216374269
Ready To Move,Kengeri Satellite Town,1030.0,2.0,2.0,50.0,2 BHK,4854.368932038835
Ready To Move,Choodasandra,1220.0,3.0,2.0,56.0,3 BHK,4590.163934426229
Ready To Move,Marathahalli,1530.0,3.0,2.0,73.5,3 BHK,4803.921568627451
Not Ready To Move,Ramamurthy Nagar,1200.0,2.0,1.0,78.0,2 BHK,6500.0
Ready To Move,Rajarajeshwari nagar,2000.0,3.0,2.0,85.0,3 BHK,4250.0
Ready To Move,Nagarbhavi,300.0,1.0,1.0,20.0,1 BHK,6666.666666666667
Ready To Move,Green Glen Layout,1751.0,2.0,1.0,115.0,3 BHK,6567.6756139348945
Ready To Move,R.T. Nagar,800.0,1.0,0.0,170.0,2 BHK,21250.0
Ready To Move,Panathur,1255.0,2.0,2.0,79.0,2 BHK,6294.820717131474
Not Ready To Move,Whitefield,1778.0,3.0,2.0,122.0,3 BHK,6861.6422947131605
Ready To Move,Ashirvad Colony,1100.0,2.0,1.0,45.0,2 BHK,4090.909090909091
Ready To Move,Hennur Road,1480.0,2.0,2.0,65.0,2 BHK,4391.891891891892
Not Ready To Move,Marathahalli,1358.0,2.0,1.0,81.0,2 BHK,5964.653902798233
Ready To Move,Electronics City Phase 1,580.0,1.0,1.0,27.0,1 BHK,4655.172413793103
Not Ready To Move,Choodasandra,1197.0,2.0,1.0,63.0,2 BHK,5263.1578947368425
Ready To Move,HRBR Layout,1200.0,2.0,1.0,170.0,4 BHK,14166.666666666666
Ready To Move,Lingadheeranahalli,1705.0,3.0,1.0,110.0,3 BHK,6451.612903225807
Not Ready To Move,Electronic City Phase II,1310.0,2.0,1.0,37.83,3 BHK,2887.7862595419847
Not Ready To Move,Hoodi,1132.0,2.0,0.0,67.9,2 BHK,5998.233215547704
Ready To Move,SMV layout,1200.0,3.0,0.0,140.0,3 BHK,11666.666666666666
Ready To Move,Peenya,814.0,2.0,1.0,55.0,2 BHK,6756.756756756757
Ready To Move,Electronic City,1575.0,3.0,2.0,90.0,3 BHK,5714.285714285715
Ready To Move,Pattandur Agrahara,1302.0,2.0,1.0,66.0,2 BHK,5069.124423963133
Not Ready To Move,Hegde Nagar,2006.8,4.0,2.0,196.0,3 BHK,9766.792904125972
Ready To Move,Saptagiri Layout,1100.0,2.0,2.0,44.0,2 BHK,4000.0
Ready To Move,Vijaya Bank Layout,2400.0,5.0,2.0,400.0,5 BHK,16666.666666666668
Ready To Move,Doddabanahalli,830.0,2.0,2.0,37.0,2 BHK,4457.831325301205
Ready To Move,Mathikere,1590.0,3.0,0.0,120.0,3 BHK,7547.169811320755
Not Ready To Move,Electronic City Phase II,1140.0,2.0,1.0,33.06,2 BHK,2900.0
Ready To Move,Kasavanhalli,1090.0,2.0,2.0,59.8,2 BHK,5486.238532110092
Ready To Move,Thanisandra,1922.0,3.0,3.0,106.0,3 BHK,5515.088449531738
Ready To Move,Thanisandra,965.0,2.0,1.0,67.0,2 BHK,6943.00518134715
Ready To Move,Mysore Road,883.0,2.0,1.0,40.95,2 BHK,4637.5990939977355
Ready To Move,8th Phase JP Nagar,1062.0,2.0,1.0,42.47,2 BHK,3999.0583804143125
Ready To Move,Babusapalaya,1358.0,2.0,1.0,43.1,3 BHK,3173.784977908689
Not Ready To Move,Hoodi,1108.0,2.0,1.0,87.0,2 BHK,7851.985559566787
Not Ready To Move,Harlur,1197.0,2.0,1.0,79.0,2 BHK,6599.832915622389
Not Ready To Move,Sarjapur  Road,1190.0,2.0,1.0,50.0,2 BHK,4201.680672268908
Ready To Move,Dairy Circle,3754.0,6.0,2.0,430.0,4 BHK,11454.448588172616
Not Ready To Move,Vijayanagar,1749.0,3.0,1.0,117.0,3 BHK,6689.536878216123
Ready To Move,Sarjapur  Road,1750.0,3.0,2.0,215.0,4 BHK,12285.714285714286
Not Ready To Move,Kasavanhalli,1691.0,3.0,2.0,104.0,3 BHK,6150.206978119456
Ready To Move,Electronic City,1449.0,3.0,2.0,100.0,3 BHK,6901.311249137336
Ready To Move,Whitefield,1400.0,2.0,1.0,80.0,2 BHK,5714.285714285715
Not Ready To Move,Electronic City,1310.0,2.0,1.0,37.83,3 BHK,2887.7862595419847
Not Ready To Move,Vijayabank bank layout,1100.0,2.0,1.0,48.0,2 BHK,4363.636363636364
Ready To Move,Ramanjaneyanagar,1230.0,2.0,2.0,53.51,3 BHK,4350.40650406504
Ready To Move,Green Glen Layout,1750.0,3.0,2.0,130.0,3 BHK,7428.571428571428
Ready To Move,7th Phase JP Nagar,1450.0,3.0,2.0,100.0,3 BHK,6896.551724137931
Ready To Move,Haralur Road,1810.0,3.0,2.0,126.0,3 BHK,6961.325966850829
Ready To Move,Vittasandra,1246.0,2.0,1.0,62.3,2 BHK,5000.0
Ready To Move,Brookefield,1420.0,3.0,2.0,85.0,3 BHK,5985.915492957746
Not Ready To Move,Old Airport Road,2658.0,5.0,3.0,187.0,4 BHK,7035.364936042137
Not Ready To Move,6th block Koramangala,1450.0,2.0,3.0,89.6,3 BHK,6179.310344827586
Ready To Move,D Group Employees Layout,1200.0,4.0,1.0,230.0,4 BHK,19166.666666666668
Ready To Move,Outer Ring Road East,1367.0,2.0,2.0,62.0,2 BHK,4535.479151426482
Not Ready To Move,Talaghattapura,2254.0,3.0,2.0,170.0,3 BHK,7542.147293700089
Ready To Move,Begur Road,1160.0,2.0,2.0,42.0,2 BHK,3620.689655172414
Ready To Move,Sanjay nagar,1200.0,4.0,0.0,185.0,5 BHK,15416.666666666666
Ready To Move,Kadugodi,1711.0,3.0,3.0,75.0,3 BHK,4383.4015195791935
Ready To Move,Raja Rajeshwari Nagar,1120.0,2.0,2.0,37.97,2 BHK,3390.1785714285716
Ready To Move,Kaggalipura,950.0,2.0,1.0,47.0,2 BHK,4947.368421052632
Ready To Move,Basavangudi,1560.0,2.0,2.0,145.0,2 BHK,9294.871794871795
Not Ready To Move,Kanakpura Road,1225.0,2.0,2.0,60.0,2 BHK,4897.959183673469
Ready To Move,TC Palaya,1200.0,2.0,0.0,66.0,3 BHK,5500.0
Ready To Move,Tala Cauvery Layout,1340.0,2.0,3.0,77.0,2 BHK,5746.268656716418
Ready To Move,Sarjapur  Road,1846.0,3.0,3.0,145.0,3 BHK,7854.821235102925
Ready To Move,Dodda Nekkundi,1155.0,2.0,1.0,46.0,2 BHK,3982.683982683983
Not Ready To Move,Balagere,1205.0,2.0,1.0,70.0,2 BHK,5809.128630705394
Ready To Move,Thanisandra,1140.0,2.0,1.0,36.0,2 BHK,3157.8947368421054
Ready To Move,Raja Rajeshwari Nagar,1140.0,2.0,2.0,38.65,2 BHK,3390.3508771929824
Ready To Move,Jalahalli East,1300.0,2.0,1.0,63.0,3 BHK,4846.153846153846
Ready To Move,Bellandur,1051.0,2.0,2.0,60.0,2 BHK,5708.848715509039
Ready To Move,Uttarahalli,1134.0,2.0,1.0,45.36,2 BHK,4000.0
Ready To Move,Kodihalli,2500.0,4.0,1.0,260.0,3 BHK,10400.0
Ready To Move,Basavanapura,1135.0,2.0,2.0,32.91,2 BHK,2899.5594713656383
Ready To Move,"Whitefield, ",1745.0,3.0,2.0,77.0,3 BHK,4412.607449856733
Ready To Move,Banashankari,500.0,5.0,2.0,92.0,5 BHK,18400.0
Ready To Move,Kempegowda Nagar,1665.0,3.0,2.0,105.0,3 BHK,6306.306306306306
Not Ready To Move,Bellari Road,1220.0,2.0,2.0,48.79,2 BHK,3999.1803278688526
Not Ready To Move,Kanakpura Road,1868.0,3.0,2.0,113.0,3 BHK,6049.250535331906
Ready To Move,Anandapura,640.0,3.0,0.0,45.0,3 BHK,7031.25
Ready To Move,Vaderahalli,2300.0,4.0,2.0,200.0,4 BHK,8695.652173913044
Not Ready To Move,Akshayanagara East,1210.0,2.0,1.0,76.0,2 BHK,6280.99173553719
Ready To Move,Ambalipura,1351.0,2.0,1.0,77.0,2 BHK,5699.481865284974
Not Ready To Move,Hebbal,1636.0,3.0,1.0,119.0,3 BHK,7273.838630806846
Ready To Move,R.T. Nagar,2400.0,6.0,1.0,450.0,5 BHK,18750.0
Ready To Move,Haralur Road,1464.0,2.0,2.0,56.0,2 BHK,3825.136612021858
Ready To Move,Attibele,418.0,1.0,1.0,12.0,1 BHK,2870.813397129187
Ready To Move,Kanakpura Road,1339.0,2.0,2.0,62.0,2 BHK,4630.321135175504
Not Ready To Move,Bannerghatta,2370.0,4.0,2.0,195.0,3 BHK,8227.848101265823
Ready To Move,Rachenahalli,1530.0,2.0,2.0,74.5,3 BHK,4869.281045751634
Ready To Move,Mallathahalli,1100.0,2.0,1.0,46.0,2 BHK,4181.818181818182
Ready To Move,7th Phase JP Nagar,1350.0,3.0,2.0,58.0,3 BHK,4296.2962962962965
Ready To Move,Marathahalli,1290.0,2.0,2.0,52.0,2 BHK,4031.0077519379847
Not Ready To Move,Bommasandra Industrial Area,1220.0,2.0,1.0,35.23,3 BHK,2887.7049180327863
Ready To Move,Sarjapur  Road,1846.0,3.0,2.0,155.0,3 BHK,8396.533044420368
Ready To Move,Hegde Nagar,1847.0,3.0,2.0,135.0,3 BHK,7309.1499729290745
Ready To Move,Whitefield,3100.0,4.0,2.0,350.0,4 BHK,11290.322580645161
Not Ready To Move,Hoodi,1430.0,2.0,2.0,110.0,2 BHK,7692.307692307692
Not Ready To Move,Old Madras Road,935.0,2.0,1.0,45.0,2 BHK,4812.834224598931
Ready To Move,Attibele,1350.0,3.0,1.0,85.0,3 BHK,6296.2962962962965
Ready To Move,Kammanahalli,540.0,3.0,1.0,60.0,3 BHK,11111.111111111111
Not Ready To Move,Hennur Road,1590.0,3.0,2.0,96.5,3 BHK,6069.182389937107
Not Ready To Move,Peenya,1286.0,3.0,1.0,67.0,3 BHK,5209.9533437014
Ready To Move,Samethanahalli,1141.0,2.0,2.0,40.0,2 BHK,3505.6967572304998
Ready To Move,Shivaji Nagar,1554.0,3.0,3.0,130.0,2 BHK,8365.508365508365
Ready To Move,Hebbal,3520.0,3.0,3.0,430.0,3 BHK,12215.90909090909
Not Ready To Move,Malleshwaram,7500.0,7.0,3.0,1700.0,5 BHK,22666.666666666668
Ready To Move,Harlur,1749.0,3.0,2.0,112.0,3 BHK,6403.659233847913
Ready To Move,4th Phase JP Nagar,2250.0,5.0,1.0,360.0,5 BHK,16000.0
Ready To Move,K R C kothanur,1140.0,2.0,3.0,45.0,2 BHK,3947.3684210526317
Ready To Move,Bommenahalli,1632.0,3.0,1.0,128.0,4 BHK,7843.137254901961
Ready To Move,Ramamurthy Nagar,1000.0,2.0,1.0,41.0,3 BHK,4100.0
Ready To Move,Nyanappana Halli,1065.0,2.0,1.0,58.0,2 BHK,5446.0093896713615
Not Ready To Move,Haralur Road,1520.0,2.0,2.0,96.0,3 BHK,6315.789473684211
Ready To Move,Bisuvanahalli,1075.0,2.0,1.0,43.0,3 BHK,4000.0
Ready To Move,Gubbalala,1539.0,2.0,2.0,52.36,3 BHK,3402.2092267706303
Ready To Move,Sector 7 HSR Layout,1342.0,2.0,2.0,115.0,2 BHK,8569.29955290611
Ready To Move,HBR Layout,1004.0,2.0,1.0,49.0,2 BHK,4880.478087649402
Ready To Move,Ramagondanahalli,1295.0,2.0,2.0,95.0,2 BHK,7335.907335907336
Not Ready To Move,Thanisandra,1098.0,2.0,1.0,74.0,2 BHK,6739.526411657559
Ready To Move,Kothanur,1070.0,2.0,1.0,45.5,2 BHK,4252.336448598131
Ready To Move,Hosa Road,1016.0,2.0,2.0,40.0,2 BHK,3937.0078740157483
Ready To Move,Bellandur,1450.0,3.0,1.0,68.0,3 BHK,4689.6551724137935
Not Ready To Move,Yelahanka,654.0,1.0,1.0,37.0,1 BHK,5657.492354740061
Ready To Move,Koramangala,5985.0,4.0,2.0,775.0,4 BHK,12949.039264828738
Not Ready To Move,Yelachenahalli,1080.0,2.0,2.0,38.0,2 BHK,3518.5185185185187
Not Ready To Move,Vijayanagar,1046.0,2.0,1.0,75.0,2 BHK,7170.172084130019
Ready To Move,Domlur,1950.0,3.0,3.0,165.0,3 BHK,8461.538461538461
Not Ready To Move,Bhoganhalli,1610.0,3.0,1.0,84.53,3 BHK,5250.310559006211
Ready To Move,Doddakallasandra,2493.0,3.0,2.0,115.0,3 BHK,4612.916165262735
Not Ready To Move,Ramagondanahalli,1151.0,2.0,2.0,50.5,2 BHK,4387.489139878367
Ready To Move,Electronic City,1125.0,2.0,1.0,58.0,2 BHK,5155.555555555556
Not Ready To Move,Kammasandra,992.0,2.0,2.0,25.79,2 BHK,2599.798387096774
Ready To Move,1st Block Jayanagar,1000.0,3.0,2.0,60.0,2 BHK,6000.0
Ready To Move,Banashankari Stage II,2400.0,3.0,2.0,510.0,5 BHK,21250.0
Ready To Move,Bommanahalli,1850.0,3.0,2.0,90.0,3 BHK,4864.864864864865
Ready To Move,Harlur,1174.0,2.0,1.0,75.0,2 BHK,6388.415672913117
Ready To Move,Sultan Palaya,1100.0,2.0,1.0,45.0,2 BHK,4090.909090909091
Ready To Move,Raja Rajeshwari Nagar,1095.0,2.0,1.0,38.33,2 BHK,3500.4566210045664
Not Ready To Move,Banashankari,3580.0,3.0,1.0,411.0,3 BHK,11480.446927374302
Not Ready To Move,Choodasandra,900.0,4.0,3.0,155.0,3 BHK,17222.222222222223
Ready To Move,Kengeri Hobli,1082.0,2.0,0.0,42.0,3 BHK,3881.7005545286506
Ready To Move,Uttarahalli,1350.0,2.0,3.0,47.24,3 BHK,3499.259259259259
Not Ready To Move,Kadugodi,1314.0,2.0,2.0,78.0,2 BHK,5936.07305936073
Not Ready To Move,Maithri Layout,1290.0,2.0,3.0,40.63,2 BHK,3149.6124031007757
Ready To Move,Kaggadasapura,1010.0,2.0,2.0,55.0,2 BHK,5445.544554455446
Ready To Move,Shivaji Nagar,2200.0,2.0,0.0,110.0,2 BHK,5000.0
Ready To Move,"Sarjapur Road, ",1636.0,3.0,2.0,97.0,3 BHK,5929.095354523228
Not Ready To Move,9th Phase JP Nagar,1050.0,2.0,2.0,39.0,2 BHK,3714.285714285714
Ready To Move,7th Phase JP Nagar,1200.0,2.0,2.0,200.0,2 BHK,16666.666666666668
Not Ready To Move,Haralur Road,1520.0,2.0,2.0,125.0,3 BHK,8223.684210526315
Ready To Move,5th Phase JP Nagar,2500.0,5.0,2.0,110.0,5 BHK,4400.0
Not Ready To Move,Sarjapur  Road,1067.0,2.0,1.0,60.0,2 BHK,5623.242736644798
Ready To Move,NRI Layout,1060.0,2.0,2.0,35.0,2 BHK,3301.8867924528304
Not Ready To Move,Bommasandra,955.0,2.0,1.0,35.28,2 BHK,3694.240837696335
Ready To Move,Thigalarapalya,1418.0,2.0,2.0,104.0,2 BHK,7334.273624823695
Ready To Move,Anekal,700.0,1.0,0.0,19.4,2 BHK,2771.428571428571
Not Ready To Move,Kanakpura Road,1366.0,2.0,1.0,83.0,2 BHK,6076.134699853587
Ready To Move,Electronic City,1090.0,2.0,2.0,35.03,2 BHK,3213.761467889908
Ready To Move,Jigani,1250.0,3.0,2.0,58.0,3 BHK,4640.0
Ready To Move,Richards Town,3600.0,4.0,3.0,450.0,4 BHK,12500.0
Not Ready To Move,Electronics City Phase 1,950.0,2.0,1.0,33.0,2 BHK,3473.684210526316
Ready To Move,Indira Nagar,1470.0,2.0,2.0,170.0,2 BHK,11564.625850340137
Ready To Move,Yelahanka,1250.0,2.0,2.0,40.0,2 BHK,3200.0
Ready To Move,HBR Layout,800.0,4.0,1.0,180.0,4 BHK,22500.0
Ready To Move,Badavala Nagar,1494.0,2.0,2.0,94.55,3 BHK,6328.647925033467
Not Ready To Move,Hennur Road,1445.0,2.0,1.0,105.0,3 BHK,7266.435986159169
Ready To Move,Kundalahalli,1397.0,3.0,3.0,105.0,3 BHK,7516.1059413027915
Not Ready To Move,Vijayanagar,606.0,1.0,1.0,40.0,1 BHK,6600.660066006601
Ready To Move,Gollarapalya Hosahalli,861.0,2.0,1.0,34.5,2 BHK,4006.968641114983
Ready To Move, Devarachikkanahalli,1170.0,2.0,2.0,40.0,2 BHK,3418.803418803419
Not Ready To Move,Koramangala,2461.0,6.0,2.0,353.0,4 BHK,14343.762698090208
Ready To Move,Marathahalli,1205.0,2.0,1.0,75.0,2 BHK,6224.066390041494
Ready To Move,Rajaji Nagar,660.0,1.0,0.0,75.0,1 BHK,11363.636363636364
Ready To Move,Dommasandra,1153.0,2.0,2.0,43.5,2 BHK,3772.7666955767563
Ready To Move,OMBR Layout,2400.0,5.0,3.0,275.0,5 BHK,11458.333333333334
Not Ready To Move,Old Madras Road,4500.0,7.0,3.0,294.0,5 BHK,6533.333333333333
Ready To Move,Vijayanagar,1200.0,2.0,2.0,62.0,2 BHK,5166.666666666667
Ready To Move,Vignana Nagar,1450.0,3.0,3.0,42.0,3 BHK,2896.551724137931
Ready To Move,Budigere,1139.0,2.0,2.0,60.0,2 BHK,5267.778753292362
Ready To Move,Green Glen Layout,1530.0,3.0,2.0,105.0,3 BHK,6862.745098039216
Ready To Move,Electronic City,1575.0,3.0,3.0,101.0,3 BHK,6412.6984126984125
Ready To Move,Whitefield,650.0,1.0,1.0,25.0,1 BHK,3846.153846153846
Not Ready To Move,Sai Gardens,1120.0,2.0,2.0,40.0,2 BHK,3571.4285714285716
Ready To Move,Akshaya Nagar,1700.0,3.0,1.0,80.0,3 BHK,4705.882352941177
Ready To Move,Varthur,1090.0,2.0,2.0,48.0,2 BHK,4403.6697247706425
Ready To Move,Akshaya Nagar,1897.0,4.0,2.0,93.0,3 BHK,4902.477596204533
Not Ready To Move,Nelamangala,1200.0,3.0,2.0,72.0,3 BHK,6000.0
Not Ready To Move,Kanakpura Road,700.0,2.0,1.0,40.0,2 BHK,5714.285714285715
Not Ready To Move,Thanisandra,1437.0,2.0,1.0,71.13,2 BHK,4949.895615866389
Ready To Move,Ambedkar Nagar,1856.0,3.0,1.0,120.0,3 BHK,6465.517241379311
Ready To Move,Singanayakanahalli,1500.0,2.0,0.0,65.0,3 BHK,4333.333333333333
Not Ready To Move,Hennur Road,1036.0,2.0,1.0,59.45,2 BHK,5738.416988416989
Ready To Move,Mico Layout,1125.0,2.0,2.0,40.0,2 BHK,3555.5555555555557
Not Ready To Move,Uttarahalli,1320.0,2.0,3.0,55.44,3 BHK,4200.0
Ready To Move,Malleshwaram,2215.0,4.0,1.0,310.0,3 BHK,13995.48532731377
Ready To Move,Electronic City,660.0,1.0,1.0,16.0,2 BHK,2424.242424242424
Ready To Move,Marathahalli,1730.0,3.0,3.0,110.0,3 BHK,6358.381502890174
Ready To Move,Mahalakshmi Puram,750.0,4.0,0.0,85.0,4 BHK,11333.333333333334
Not Ready To Move,Talaghattapura,1804.0,3.0,1.0,115.0,3 BHK,6374.7228381374725
Not Ready To Move,Thanisandra,1795.0,3.0,2.0,140.0,3 BHK,7799.442896935933
Ready To Move,7th Phase JP Nagar,1050.0,2.0,1.0,50.0,2 BHK,4761.9047619047615
Ready To Move,Dasarahalli,2100.0,3.0,3.0,120.0,3 BHK,5714.285714285715
Ready To Move,Rayasandra,1199.0,2.0,1.0,48.5,3 BHK,4045.0375312760634
Ready To Move,SBM Colony,1350.0,2.0,2.0,280.0,3 BHK,20740.74074074074
Ready To Move,Vignana Nagar,1100.0,2.0,2.0,47.0,2 BHK,4272.727272727273
Ready To Move,Udaya Nagar,1000.0,1.0,1.0,75.0,2 BHK,7500.0
Not Ready To Move,Kanakapura,1254.0,2.0,2.0,70.0,3 BHK,5582.13716108453
Ready To Move,Electronics City Phase 1,940.0,2.0,2.0,49.0,2 BHK,5212.765957446809
Ready To Move,BTM 2nd Stage,1280.0,2.0,2.0,80.0,2 BHK,6250.0
Ready To Move,Whitefield,2155.0,3.0,3.0,125.0,4 BHK,5800.46403712297
Ready To Move,Sarjapur  Road,3200.0,5.0,3.0,140.0,5 BHK,4375.0
Not Ready To Move,Kasavanhalli,4260.0,4.0,3.0,272.0,4 BHK,6384.976525821597
Not Ready To Move,Hebbal,1255.0,2.0,1.0,95.0,3 BHK,7569.721115537848
Ready To Move,Suraksha Nagar,1388.0,3.0,3.0,69.99,3 BHK,5042.50720461095
Ready To Move,VGP Layout,1176.0,2.0,2.0,44.0,2 BHK,3741.496598639456
Ready To Move,Uttarahalli,1390.0,2.0,2.0,61.16,3 BHK,4400.0
Ready To Move,Giri Nagar,2400.0,4.0,2.0,400.0,4 BHK,16666.666666666668
Ready To Move,Sahakara Nagar,1160.0,2.0,1.0,55.0,2 BHK,4741.379310344828
Ready To Move,Seegehalli,2800.0,4.0,3.0,140.0,4 BHK,5000.0
Ready To Move,5th Block Hbr Layout,1200.0,4.0,2.0,205.0,4 BHK,17083.333333333332
Ready To Move,Marathahalli,1583.0,3.0,3.0,115.0,3 BHK,7264.687302590019
Ready To Move,Jigani,1252.0,3.0,2.0,63.0,3 BHK,5031.948881789137
Ready To Move,Rustam Bagh Layout,1170.0,2.0,2.0,86.0,2 BHK,7350.427350427351
Ready To Move,Bannerghatta Road,1350.0,2.0,2.0,51.0,3 BHK,3777.777777777778
Ready To Move,Gottigere,1075.0,2.0,2.0,30.0,2 BHK,2790.6976744186045
Ready To Move,Hosa Road,972.0,2.0,2.0,40.0,2 BHK,4115.22633744856
Not Ready To Move,Bannerghatta Road,1486.0,3.0,1.0,83.22,3 BHK,5600.269179004038
Ready To Move,Margondanahalli,555.0,1.0,0.0,37.0,2 BHK,6666.666666666667
Ready To Move,Vaishnavi Layout,4830.0,5.0,1.0,390.0,4 BHK,8074.534161490683
Ready To Move,Cottonpet,850.0,2.0,1.0,75.0,2 BHK,8823.529411764706
Not Ready To Move,Binny Pete,1282.0,3.0,2.0,178.0,3 BHK,13884.555382215289
Not Ready To Move,Hebbal,2790.0,4.0,3.0,198.0,4 BHK,7096.774193548387
Ready To Move,Sarjapur  Road,2383.0,5.0,1.0,215.0,4 BHK,9022.24087284935
Ready To Move,Naganathapura,1103.0,2.0,1.0,55.0,2 BHK,4986.400725294651
Ready To Move,Rayasandra,1577.0,3.0,2.0,67.0,3 BHK,4248.57324032974
Ready To Move,Yelahanka,1465.0,3.0,2.0,80.01,3 BHK,5461.433447098977
Ready To Move,Vimanapura,1600.0,3.0,1.0,64.0,3 BHK,4000.0
Ready To Move,Uttarahalli,1090.0,2.0,2.0,45.0,2 BHK,4128.440366972477
Not Ready To Move,Yelahanka,1721.0,3.0,3.0,80.86,3 BHK,4698.4311446833235
Ready To Move,Seetharampalya,1100.0,2.0,1.0,55.0,2 BHK,5000.0
Ready To Move,Varthur,1450.0,3.0,2.0,71.0,3 BHK,4896.551724137931
Ready To Move,Battarahalli,1071.0,2.0,1.0,62.0,2 BHK,5788.9822595704945
Ready To Move,Old Madras Road,2266.0,3.0,2.0,169.0,3 BHK,7458.075904677847
Ready To Move,Kundalahalli Colony,2065.0,3.0,2.0,130.0,3 BHK,6295.399515738499
Ready To Move,Kanakpura Road,1800.0,3.0,2.0,90.0,3 BHK,5000.0
Ready To Move,Defence Colony,1150.0,2.0,2.0,125.0,2 BHK,10869.565217391304
Ready To Move,Hormavu,1123.0,2.0,1.0,56.0,2 BHK,4986.642920747997
Ready To Move,Akshaya Nagar,1884.0,3.0,3.0,98.0,3 BHK,5201.698513800425
Ready To Move,Lakshminarayana Pura,1145.0,2.0,1.0,75.0,2 BHK,6550.218340611354
Not Ready To Move,Hebbal,1328.0,2.0,2.0,60.0,3 BHK,4518.0722891566265
Ready To Move,Subramanyapura,950.0,2.0,1.0,55.0,2 BHK,5789.473684210527
Ready To Move,Thomas Town,1250.0,2.0,1.0,59.0,2 BHK,4720.0
Ready To Move,Pragathi Nagar,1115.0,2.0,0.0,46.0,2 BHK,4125.5605381165915
Ready To Move,Gollarapalya Hosahalli,1318.0,3.0,1.0,54.0,3 BHK,4097.11684370258
Ready To Move,JP Nagar,3300.0,4.0,3.0,160.0,3 BHK,4848.484848484848
Ready To Move,Kalyan nagar,1280.0,2.0,1.0,48.0,2 BHK,3750.0
Ready To Move,Whitefield,1230.0,2.0,2.0,59.0,2 BHK,4796.747967479675
Ready To Move,Raja Rajeshwari Nagar,1420.0,2.0,2.0,60.0,3 BHK,4225.352112676056
Ready To Move,Kasavanhalli,2111.0,4.0,3.0,120.0,3 BHK,5684.509711037423
Ready To Move,Vidyaranyapura,1100.0,2.0,1.0,54.0,2 BHK,4909.090909090909
Ready To Move,Harlur,1750.0,3.0,2.0,136.0,3 BHK,7771.428571428572
Ready To Move,RMV 2nd Stage,2550.0,4.0,2.0,290.0,3 BHK,11372.549019607843
Ready To Move,Shampura,700.0,1.0,2.0,35.0,2 BHK,5000.0
Ready To Move,Uttarahalli,1050.0,2.0,1.0,42.0,2 BHK,4000.0
Ready To Move,Uttarahalli,1235.0,2.0,3.0,90.0,2 BHK,7287.44939271255
Ready To Move,Yeshwanthpur,1200.0,2.0,0.0,63.0,2 BHK,5250.0
Ready To Move,Kengeri,900.0,2.0,0.0,30.0,2 BHK,3333.3333333333335
Ready To Move,Thanisandra,1146.0,2.0,1.0,38.0,2 BHK,3315.8813263525303
Ready To Move,Yeshwanthpur,1200.0,4.0,1.0,110.0,4 BHK,9166.666666666666
Ready To Move,Banashankari,2400.0,1.0,1.0,200.0,1 BHK,8333.333333333334
Ready To Move,Devarachikkanahalli,615.0,1.0,1.0,24.0,1 BHK,3902.439024390244
Not Ready To Move,Mysore Road,1070.0,2.0,1.0,49.65,2 BHK,4640.186915887851
Ready To Move,Rajaji Nagar,1538.0,5.0,2.0,300.0,5 BHK,19505.85175552666
Ready To Move,Poorna Pragna Layout,1355.0,2.0,3.0,58.25,3 BHK,4298.89298892989
Ready To Move,Venkatapura,3080.0,2.0,1.0,285.0,4 BHK,9253.246753246753
Ready To Move,Kundalahalli,1800.0,3.0,3.0,80.0,3 BHK,4444.444444444444
Ready To Move,Begur Road,1400.0,2.0,3.0,50.06,3 BHK,3575.714285714286
Ready To Move,Uttarahalli,1123.0,2.0,1.0,48.0,2 BHK,4274.2653606411395
Ready To Move,Konanakunte,1200.0,2.0,1.0,130.0,4 BHK,10833.333333333334
Ready To Move,Kengeri,787.0,2.0,1.0,31.0,2 BHK,3939.0088945362136
Ready To Move,Kambipura,1082.0,2.0,1.0,45.0,3 BHK,4158.964879852126
Ready To Move,Seegehalli,1096.0,2.0,1.0,41.0,2 BHK,3740.875912408759
Ready To Move,R.T. Nagar,1140.0,3.0,1.0,130.0,3 BHK,11403.508771929824
Ready To Move,Venugopal Reddy Layout,1130.0,2.0,1.0,52.0,2 BHK,4601.769911504425
Ready To Move,Electronic City,550.0,1.0,1.0,12.0,1 BHK,2181.818181818182
Ready To Move,Mahadevpura,1058.0,2.0,2.0,85.0,2 BHK,8034.026465028355
Ready To Move,Hebbal,1269.0,2.0,1.0,73.0,3 BHK,5752.561071710008
Ready To Move,Prithvi Layout,946.0,3.0,2.0,140.0,3 BHK,14799.154334038056
Ready To Move,4th Block Koramangala,3400.0,6.0,2.0,420.0,4 BHK,12352.941176470587
Not Ready To Move,Kanakpura Road,2689.0,6.0,2.0,245.0,4 BHK,9111.193752324285
Not Ready To Move,Hennur Road,1976.0,3.0,3.0,65.21,3 BHK,3300.101214574898
Ready To Move,Kothanur,1820.0,3.0,3.0,77.0,3 BHK,4230.7692307692305
Ready To Move,Uttarahalli,1329.0,2.0,1.0,56.0,3 BHK,4213.694507148231
Ready To Move,Kathriguppe,1350.0,2.0,1.0,80.99,3 BHK,5999.259259259258
Ready To Move,Nagarbhavi,1250.0,3.0,0.0,175.0,4 BHK,14000.0
Ready To Move,Whitefield,1205.0,2.0,1.0,40.0,2 BHK,3319.5020746887967
Ready To Move,Kanakpura Road,1339.0,2.0,2.0,71.5,2 BHK,5339.805825242718
Ready To Move,Uttarahalli,938.0,2.0,0.0,35.0,2 BHK,3731.3432835820895
Ready To Move,Kuvempu Nagar,450.0,1.0,1.0,25.0,1 BHK,5555.555555555556
Ready To Move,BTM 2nd Stage,1100.0,2.0,2.0,70.0,2 BHK,6363.636363636364
Ready To Move,2nd Stage Nagarbhavi,600.0,3.0,1.0,95.0,4 BHK,15833.333333333334
Ready To Move,Yelahanka,1060.0,2.0,1.0,40.0,2 BHK,3773.5849056603774
Ready To Move,Whitefield,1125.0,2.0,2.0,40.0,2 BHK,3555.5555555555557
Ready To Move,Whitefield,810.0,1.0,0.0,21.0,1 BHK,2592.5925925925926
Ready To Move,Bellandur,1060.0,2.0,1.0,65.0,2 BHK,6132.075471698113
Ready To Move,Anandapura,1749.0,4.0,0.0,90.0,4 BHK,5145.797598627787
Ready To Move,Sahakara Nagar,1200.0,2.0,2.0,75.0,3 BHK,6250.0
Ready To Move,Cleveland Town,1100.0,2.0,1.0,85.0,2 BHK,7727.272727272727
Ready To Move,Jalahalli East,720.0,4.0,2.0,48.0,4 BHK,6666.666666666667
Ready To Move,Gunjur,6613.0,7.0,2.0,950.0,5 BHK,14365.643429608348
Ready To Move,Hoodi,1925.0,3.0,3.0,110.0,3 BHK,5714.285714285715
Ready To Move,Kengeri,502.0,1.0,1.0,25.0,1 BHK,4980.0796812749
Ready To Move,Bommenahalli,3339.0,3.0,0.0,250.0,3 BHK,7487.271638215035
Ready To Move,Begur,1475.0,2.0,2.0,74.0,3 BHK,5016.949152542373
Not Ready To Move,Indra Nagar,1550.0,3.0,2.0,258.0,3 BHK,16645.16129032258
Not Ready To Move,Peenya,966.0,2.0,1.0,49.0,2 BHK,5072.463768115942
Ready To Move,Haralur Road,1300.0,2.0,2.0,75.0,2 BHK,5769.2307692307695
Ready To Move,Bagalur Main Road,4400.0,4.0,1.0,350.0,5 BHK,7954.545454545455
Not Ready To Move,Kogilu,1559.0,3.0,2.0,120.0,3 BHK,7697.2418216805645
Ready To Move,Vittasandra,1246.0,2.0,1.0,63.0,2 BHK,5056.179775280899
Ready To Move,Rajaji Nagar,2790.0,3.0,0.0,950.0,3 BHK,34050.179211469534
Ready To Move,Begur Road,1410.0,2.0,3.0,53.58,3 BHK,3800.0
Ready To Move,Varthur Road,1300.0,3.0,0.0,75.0,4 BHK,5769.2307692307695
Ready To Move,Kanakpura Road,1339.0,2.0,2.0,58.0,2 BHK,4331.59073935773
Ready To Move,Ilyas Nagar,900.0,4.0,1.0,75.0,4 BHK,8333.333333333334
Ready To Move,Channasandra,1104.0,2.0,1.0,35.5,2 BHK,3215.5797101449275
Ready To Move,Sultan Palaya,900.0,2.0,2.0,45.0,2 BHK,5000.0
Ready To Move,3rd Phase JP Nagar,1550.0,2.0,2.0,79.0,3 BHK,5096.774193548387
Not Ready To Move,Kanakpura Road,670.0,1.0,1.0,35.0,1 BHK,5223.880597014925
Not Ready To Move,Jakkur,1483.0,2.0,1.0,98.0,2 BHK,6608.226567768038
Ready To Move,Basapura,1540.0,2.0,2.0,70.0,3 BHK,4545.454545454545
Ready To Move,Hennur,1255.0,2.0,1.0,54.5,2 BHK,4342.629482071713
Ready To Move,OMBR Layout,600.0,3.0,2.0,100.0,3 BHK,16666.666666666668
Ready To Move,Jayanagar,1036.0,2.0,2.0,110.0,2 BHK,10617.760617760618
Ready To Move,Bannerghatta Road,1460.0,2.0,2.0,75.0,3 BHK,5136.986301369863
Ready To Move,Devarachikkanahalli,1230.0,2.0,1.0,58.0,2 BHK,4715.447154471544
Ready To Move,Kanakpura Road,1340.0,2.0,2.0,60.0,2 BHK,4477.611940298508
Ready To Move,Yelenahalli,1600.0,3.0,3.0,61.37,3 BHK,3835.625
Not Ready To Move,Hegde Nagar,2162.0,3.0,1.0,200.0,3 BHK,9250.693802035152
Ready To Move,Electronic City,919.0,2.0,2.0,40.0,2 BHK,4352.557127312296
Not Ready To Move,4th Phase JP Nagar,1070.0,2.0,2.0,38.9,2 BHK,3635.5140186915887
Ready To Move,Hosur Road,1733.0,2.0,3.0,85.0,3 BHK,4904.789382573572
Ready To Move,Jigani,1221.0,3.0,3.0,72.0,3 BHK,5896.805896805897
Ready To Move,kanakapura main road,1041.0,2.0,1.0,36.44,2 BHK,3500.480307396734
Ready To Move,Ambalipura,2550.0,4.0,2.0,149.0,4 BHK,5843.137254901961
Ready To Move,Shampura,1400.0,3.0,1.0,70.0,3 BHK,5000.0
Ready To Move,Anjanapura,600.0,2.0,0.0,55.0,1 BHK,9166.666666666666
Ready To Move,Nagarbhavi,710.0,2.0,2.0,40.0,1 BHK,5633.802816901409
Not Ready To Move,Electronic City,1500.0,2.0,1.0,78.25,3 BHK,5216.666666666667
Ready To Move,Thigalarapalya,3122.0,6.0,2.0,237.0,4 BHK,7591.287636130685
Ready To Move,Akshaya Nagar,2061.0,3.0,3.0,175.0,3 BHK,8491.02377486657
Ready To Move,Brookefield,2400.0,5.0,2.0,325.0,5 BHK,13541.666666666666
Not Ready To Move,Hebbal,1255.0,2.0,1.0,95.0,3 BHK,7569.721115537848
Ready To Move,Electronic City Phase II,1031.0,2.0,1.0,55.0,2 BHK,5334.62657613967
Not Ready To Move,Balagere,1210.0,2.0,1.0,74.0,2 BHK,6115.702479338843
Ready To Move,Anjanapura,950.0,2.0,1.0,40.0,2 BHK,4210.526315789473
Ready To Move,Nagaraja Garden,1376.0,4.0,1.0,156.0,4 BHK,11337.209302325582
Not Ready To Move,Hosa Road,1161.0,2.0,1.0,55.15,2 BHK,4750.215331610681
Ready To Move,Raja Rajeshwari Nagar,1303.0,2.0,2.0,44.17,2 BHK,3389.869531849578
Ready To Move,Thigalarapalya,1418.0,2.0,2.0,105.0,2 BHK,7404.795486600846
Ready To Move,Kengeri Satellite Town,1200.0,2.0,1.0,65.0,2 BHK,5416.666666666667
Ready To Move,Basavangudi,1825.0,3.0,2.0,175.0,3 BHK,9589.04109589041
Ready To Move,Bannerghatta Road,1015.0,2.0,0.0,48.0,2 BHK,4729.064039408867
Ready To Move,Mathikere,1150.0,2.0,0.0,60.0,3 BHK,5217.391304347826
Ready To Move,Singasandra,1010.0,2.0,1.0,40.0,2 BHK,3960.3960396039606
Ready To Move,Reliaable Tranquil Layout,1508.0,3.0,1.0,75.0,3 BHK,4973.474801061008
Ready To Move,7th Phase JP Nagar,1275.0,2.0,1.0,87.0,2 BHK,6823.529411764706
Ready To Move,7th Phase JP Nagar,1460.0,3.0,1.0,70.0,3 BHK,4794.520547945205
Ready To Move,Old Airport Road,946.0,2.0,2.0,58.0,2 BHK,6131.0782241014795
Ready To Move,Vignana Nagar,1110.0,2.0,2.0,58.0,2 BHK,5225.225225225226
Ready To Move,Hennur Road,1832.0,3.0,1.0,125.0,3 BHK,6823.144104803493
Not Ready To Move,Hebbal,1088.0,2.0,2.0,61.45,2 BHK,5647.97794117647
Ready To Move,Thanisandra,1564.0,3.0,1.0,104.0,3 BHK,6649.616368286445
Not Ready To Move,Kadugodi,1030.0,2.0,1.0,35.02,2 BHK,3400.0000000000005
Ready To Move,9th Phase JP Nagar,660.0,2.0,0.0,27.0,2 BHK,4090.909090909091
Ready To Move,Sarjapur  Road,1700.0,3.0,1.0,95.0,3 BHK,5588.235294117647
Ready To Move,BTM 1st Stage,1100.0,5.0,2.0,121.0,4 BHK,11000.0
Not Ready To Move,Panathur,1205.0,2.0,2.0,62.9,2 BHK,5219.9170124481325
Ready To Move,Lottegolla Halli,1950.0,3.0,2.0,90.0,3 BHK,4615.384615384615
Not Ready To Move,Devanahalli Int. Airport,1080.0,2.0,1.0,62.0,2 BHK,5740.740740740741
Ready To Move,Ardendale,2800.0,4.0,2.0,140.0,4 BHK,5000.0
Not Ready To Move,Mailasandra,999.0,2.0,1.0,43.66,2 BHK,4370.37037037037
Ready To Move,Basvasamithi Layout Vidyaranyapura,900.0,4.0,3.0,175.0,4 BHK,19444.444444444445
Not Ready To Move,Kanakpura Road,1300.0,2.0,1.0,89.76,2 BHK,6904.615384615385
Ready To Move,HRBR Layout,1265.0,2.0,1.0,78.0,2 BHK,6166.00790513834
Ready To Move,Attibele,1200.0,2.0,2.0,42.0,2 BHK,3500.0
Not Ready To Move,Bhoganhalli,1974.0,4.0,0.0,106.0,4 BHK,5369.807497467072
Ready To Move,Chelekare,1180.0,2.0,2.0,40.0,2 BHK,3389.830508474576
Ready To Move,Amruthahalli,1350.0,2.0,3.0,63.0,3 BHK,4666.666666666667
Ready To Move,Kodichikkanahalli,1560.0,2.0,2.0,65.0,3 BHK,4166.666666666667
Ready To Move,8th Block Jayanagar,2800.0,2.0,0.0,650.0,2 BHK,23214.285714285714
Not Ready To Move,Hosakerehalli,1085.0,2.0,1.0,41.23,2 BHK,3799.9999999999995
Ready To Move,Vijayanagar,1300.0,2.0,2.0,75.0,3 BHK,5769.2307692307695
Ready To Move,Marathahalli,1600.0,3.0,2.0,56.0,3 BHK,3500.0
Ready To Move,Atmananda Colony,1127.0,2.0,2.0,55.0,2 BHK,4880.212954747116
Ready To Move,Kengeri Satellite Town,795.0,2.0,2.0,32.0,2 BHK,4025.1572327044023
Ready To Move,Nagarbhavi,1850.0,3.0,2.0,88.0,3 BHK,4756.756756756757
Not Ready To Move,Bommasandra Industrial Area,1020.0,2.0,1.0,29.45,2 BHK,2887.2549019607845
Ready To Move,Doopanahalli,1475.0,2.0,1.0,200.0,3 BHK,13559.322033898305
Ready To Move,Baba Nagar,1200.0,3.0,3.0,96.25,3 BHK,8020.833333333333
Ready To Move,Uttarahalli,1345.0,2.0,1.0,47.0,3 BHK,3494.4237918215613
Not Ready To Move,Kaikondrahalli,849.0,2.0,1.0,25.4,2 BHK,2991.7550058892816
Not Ready To Move,Kanakpura Road,1706.0,3.0,2.0,135.0,3 BHK,7913.24736225088
Not Ready To Move,Yelahanka,2100.0,4.0,1.0,180.0,4 BHK,8571.42857142857
Ready To Move,Nagadevanahalli,1250.0,2.0,2.0,65.0,3 BHK,5200.0
Ready To Move,Kanakpura Road,1260.0,3.0,3.0,63.58,3 BHK,5046.0317460317465
Ready To Move,Horamavu Agara,1265.0,2.0,1.0,65.0,3 BHK,5138.339920948617
Not Ready To Move,Abbigere,1260.0,2.0,1.0,45.0,3 BHK,3571.4285714285716
Not Ready To Move,Jalahalli,1045.0,2.0,1.0,58.0,2 BHK,5550.239234449761
Ready To Move,Hebbal Kempapura,3895.0,4.0,2.0,495.0,4 BHK,12708.600770218229
Not Ready To Move,Bellandur,1100.0,2.0,3.0,62.0,2 BHK,5636.363636363636
Not Ready To Move,Kudlu Gate,1113.0,2.0,1.0,50.0,2 BHK,4492.36298292902
Not Ready To Move,Old Airport Road,2774.0,4.0,3.0,208.0,4 BHK,7498.197548666186
Ready To Move,Varthur,1210.0,2.0,1.0,60.0,2 BHK,4958.677685950413
Ready To Move,Kogilu,700.0,1.0,1.0,30.84,1 BHK,4405.714285714285
Not Ready To Move,Kanakpura Road,1155.0,2.0,1.0,55.5,2 BHK,4805.194805194805
Not Ready To Move,Hoodi,1132.0,2.0,1.0,89.0,2 BHK,7862.190812720848
Not Ready To Move,Hennur Road,1359.0,2.0,2.0,104.0,2 BHK,7652.685798381162
Ready To Move,Byatarayanapura,2631.0,3.0,2.0,200.0,4 BHK,7601.672367920943
Ready To Move,Kothanur,1145.0,2.0,2.0,56.0,2 BHK,4890.829694323144
Ready To Move,5th Phase JP Nagar,600.0,1.0,1.0,30.0,1 BHK,5000.0
Ready To Move,Laggere,1200.0,1.0,1.0,125.0,1 BHK,10416.666666666666
Ready To Move,Mahalakshmi Puram,830.0,2.0,1.0,60.0,2 BHK,7228.915662650603
Ready To Move,HSR Layout,1009.0,2.0,2.0,56.0,2 BHK,5550.049554013875
Ready To Move,Basavangudi,1800.0,3.0,2.0,195.0,3 BHK,10833.333333333334
Ready To Move,Yelahanka,1226.0,2.0,2.0,52.71,2 BHK,4299.347471451876
Ready To Move,Badrappa Layout,1500.0,2.0,2.0,88.0,2 BHK,5866.666666666667
Ready To Move,Electronic City,1363.0,2.0,1.0,79.0,2 BHK,5796.038151137197
Ready To Move,Poorna Pragna Layout,1400.0,2.0,1.0,240.0,3 BHK,17142.85714285714
Not Ready To Move,Bommasandra Industrial Area,1165.0,2.0,1.0,33.64,2 BHK,2887.5536480686696
Ready To Move,HSR Layout,2792.0,4.0,1.0,220.0,4 BHK,7879.656160458453
Ready To Move,Kammanahalli,700.0,1.0,0.0,59.0,1 BHK,8428.57142857143
Ready To Move,Kaval Byrasandra,1060.0,2.0,2.0,42.0,2 BHK,3962.264150943396
Ready To Move,Marathahalli,1200.0,2.0,1.0,67.0,2 BHK,5583.333333333333
Not Ready To Move,"Off Sarjapur Road, ",1518.0,3.0,2.0,76.0,3 BHK,5006.587615283267
Ready To Move,Nagappa Reddy Layout,1495.0,2.0,2.0,75.0,3 BHK,5016.722408026756
Ready To Move,Sanjay nagar,1575.0,2.0,2.0,90.0,2 BHK,5714.285714285715
Ready To Move,Rajaji Nagar,1440.0,2.0,2.0,170.0,2 BHK,11805.555555555555
Not Ready To Move,Kasavanhalli,1545.0,3.0,1.0,69.0,3 BHK,4466.019417475728
Ready To Move,Kengeri,1470.0,3.0,3.0,50.0,3 BHK,3401.360544217687
Ready To Move,Cooke Town,1500.0,3.0,3.0,95.0,3 BHK,6333.333333333333
Ready To Move,BTM Layout,1450.0,2.0,2.0,81.0,3 BHK,5586.206896551724
Ready To Move,Hosur Road,1179.0,2.0,1.0,49.0,2 BHK,4156.064461407973
Ready To Move,7th Phase JP Nagar,1650.0,3.0,2.0,110.0,3 BHK,6666.666666666667
Ready To Move,Chandapura,1095.0,2.0,2.0,32.0,3 BHK,2922.3744292237443
Not Ready To Move,Lal Bahadur Shastri Nagar,856.0,2.0,1.0,48.0,2 BHK,5607.476635514019
Ready To Move,Naganathapura,1143.0,2.0,1.0,62.0,2 BHK,5424.321959755031
Ready To Move,Hebbal,1349.0,2.0,1.0,97.8,2 BHK,7249.814677538918
Ready To Move,Anjanapura,1280.0,2.0,2.0,45.0,3 BHK,3515.625
Ready To Move,Malleshwaram,480.0,1.0,1.0,60.0,1 BHK,12500.0
Not Ready To Move,Whitefield,1216.0,2.0,1.0,69.06,2 BHK,5679.276315789473
Ready To Move,Doddakallasandra,2493.0,3.0,2.0,115.0,3 BHK,4612.916165262735
Ready To Move,Malleshwaram,1290.0,2.0,1.0,120.0,2 BHK,9302.32558139535
Ready To Move,Banjara Layout,1200.0,5.0,2.0,96.0,5 BHK,8000.0
Ready To Move,Electronic City,1156.0,2.0,2.0,42.0,2 BHK,3633.2179930795846
Ready To Move,Thanisandra,1230.0,2.0,2.0,44.0,2 BHK,3577.2357723577234
Ready To Move,Volagerekallahalli,1070.0,2.0,2.0,33.15,2 BHK,3098.1308411214955
Not Ready To Move,Ramagondanahalli,1235.0,2.0,1.0,49.3,2 BHK,3991.902834008097
Ready To Move,6th block Koramangala,1117.0,2.0,1.0,110.0,2 BHK,9847.806624888093
Ready To Move,Kundalahalli,1724.0,3.0,2.0,124.0,3 BHK,7192.5754060324825
Ready To Move,Jalahalli,1200.0,4.0,0.0,90.0,4 BHK,7500.0
Ready To Move,Venkatadri Layout,600.0,1.0,1.0,43.0,1 BHK,7166.666666666667
Ready To Move,KR Puram,1930.0,2.0,2.0,57.9,3 BHK,3000.0
Not Ready To Move,Whitefield,1216.0,2.0,1.0,75.0,2 BHK,6167.763157894737
Ready To Move,KR Puram,1452.0,3.0,3.0,60.0,3 BHK,4132.231404958678
Ready To Move,Whitefield,1355.0,2.0,3.0,78.0,2 BHK,5756.457564575646
Ready To Move,HMT Layout,7500.0,4.0,2.0,425.0,4 BHK,5666.666666666667
Ready To Move,Sarjapur  Road,2145.0,3.0,3.0,190.0,3 BHK,8857.808857808857
Ready To Move,Bommanahalli,957.0,2.0,1.0,53.0,2 BHK,5538.1400208986415
Ready To Move,Shantiniketan Layout,925.0,2.0,2.0,48.0,2 BHK,5189.189189189189
Ready To Move,Bellandur,1550.0,2.0,3.0,59.0,2 BHK,3806.451612903226
Ready To Move,Yelahanka New Town,4000.0,2.0,1.0,899.0,4 BHK,22475.0
Not Ready To Move,Kanakpura Road,2100.0,3.0,2.0,140.0,3 BHK,6666.666666666667
Not Ready To Move,Bannerghatta Road,1115.0,2.0,1.0,61.0,2 BHK,5470.85201793722
Ready To Move,Yelahanka,1692.0,3.0,2.0,83.0,3 BHK,4905.437352245863
Ready To Move,Baba Nagar,1100.0,2.0,2.0,52.0,2 BHK,4727.272727272727
Ready To Move,Hormavu,1385.0,2.0,2.0,69.0,3 BHK,4981.949458483755
Ready To Move,Hosa Road,760.0,1.0,1.0,24.9,1 BHK,3276.315789473684
Not Ready To Move,Electronics City Phase 1,1335.0,2.0,2.0,67.0,2 BHK,5018.7265917603
Ready To Move,Bommanahalli,910.0,2.0,1.0,45.0,2 BHK,4945.054945054945
Ready To Move,Kanakpura Road,1610.0,2.0,2.0,55.0,3 BHK,3416.1490683229813
Not Ready To Move,Hennur Road,1341.0,2.0,1.0,75.76,2 BHK,5649.515287099181
Ready To Move,Kurubarahalli,1200.0,3.0,0.0,70.0,3 BHK,5833.333333333333
Ready To Move,Uttarahalli,1285.0,2.0,2.0,44.98,3 BHK,3500.3891050583657
Ready To Move,HAL 2nd Stage,2100.0,3.0,2.0,252.0,3 BHK,12000.0
Ready To Move,Yeshwanthpur,1679.0,3.0,2.0,92.13,3 BHK,5487.194758784991
Ready To Move,Puttappa Layout,2675.0,4.0,2.0,290.0,4 BHK,10841.121495327103
Ready To Move,"Ananthanagar Phase 1,Electronic City , phase 2",1016.0,2.0,1.0,45.9,2 BHK,4517.716535433071
Ready To Move,Banashankari Stage II,1500.0,2.0,0.0,650.0,4 BHK,43333.333333333336
Ready To Move,Palace Guttahalli,660.0,2.0,1.0,100.0,3 BHK,15151.515151515152
Ready To Move,Rajaji Nagar,2448.0,3.0,2.0,400.0,3 BHK,16339.869281045752
Ready To Move,Bellandur,924.0,2.0,2.0,35.11,2 BHK,3799.78354978355
Not Ready To Move,8th Phase JP Nagar,500.0,1.0,1.0,31.0,1 BHK,6200.0
Ready To Move,Ngef Layout,1800.0,3.0,2.0,88.0,3 BHK,4888.888888888889
Ready To Move,Whitefield,1255.0,2.0,3.0,77.0,2 BHK,6135.4581673306775
Not Ready To Move,Hennur Road,1040.0,2.0,2.0,50.0,2 BHK,4807.692307692308
Ready To Move,Kattigenahalli,1062.0,2.0,2.0,47.0,2 BHK,4425.612052730697
Ready To Move,Hosur Road,950.0,2.0,1.0,60.0,2 BHK,6315.789473684211
Not Ready To Move,Whitefield,1216.0,2.0,1.0,73.0,2 BHK,6003.289473684211
Ready To Move,HSR Layout,1300.0,2.0,2.0,98.0,2 BHK,7538.461538461538
Ready To Move,5th Phase JP Nagar,1390.0,2.0,2.0,65.0,2 BHK,4676.258992805755
Not Ready To Move,Yelahanka,1033.0,2.0,1.0,52.58,2 BHK,5090.0290416263315
Not Ready To Move,Yelahanka,1390.0,2.0,2.0,65.31,2 BHK,4698.561151079137
Ready To Move,Jalahalli,1020.0,2.0,1.0,52.0,2 BHK,5098.0392156862745
Not Ready To Move,Whitefield,1140.0,2.0,2.0,45.0,2 BHK,3947.3684210526317
Ready To Move,Yeshwanthpur,670.0,1.0,1.0,36.85,1 BHK,5500.0
Not Ready To Move,Bhoganhalli,2171.0,4.0,2.0,111.0,4 BHK,5112.851220635652
Ready To Move,Bannerghatta Road,1136.0,2.0,1.0,48.0,2 BHK,4225.352112676056
Ready To Move,Doddakannelli,1477.0,2.0,2.0,80.0,3 BHK,5416.384563303995
Ready To Move,KR Puram,1001.0,2.0,2.0,30.0,2 BHK,2997.002997002997
Not Ready To Move,Yelahanka,1040.0,2.0,1.0,48.86,2 BHK,4698.076923076923
Ready To Move,Garudachar Palya,1060.0,2.0,1.0,48.5,2 BHK,4575.471698113208
Ready To Move,Sarjapur,1240.0,2.0,1.0,44.3,2 BHK,3572.5806451612902
Ready To Move,Byadarahalli,3500.0,5.0,2.0,450.0,4 BHK,12857.142857142857
Not Ready To Move,Varthur,1070.0,2.0,2.0,46.0,2 BHK,4299.065420560748
Ready To Move,Electronic City Phase II,1253.0,2.0,1.0,65.8,2 BHK,5251.3966480446925
Ready To Move,Whitefield,1190.0,2.0,2.0,60.0,2 BHK,5042.016806722689
Ready To Move,Whitefield,1312.0,2.0,2.0,55.0,2 BHK,4192.073170731707
Ready To Move,KR Puram,750.0,2.0,0.0,40.0,2 BHK,5333.333333333333
Ready To Move,Koramangala,1615.0,3.0,2.0,115.0,3 BHK,7120.743034055728
Ready To Move,Marathahalli,1095.0,2.0,1.0,60.0,2 BHK,5479.45205479452
Ready To Move,Whitefield,1745.0,3.0,3.0,100.0,3 BHK,5730.659025787965
Ready To Move,Rachenahalli,1050.0,2.0,2.0,52.5,2 BHK,5000.0
Ready To Move,4th T block Jayanagar,2080.0,4.0,2.0,440.0,4 BHK,21153.846153846152
Ready To Move,Thanisandra,1220.0,2.0,1.0,44.6,2 BHK,3655.7377049180327
Ready To Move,Kempegowda Nagar,1793.0,3.0,2.0,98.0,3 BHK,5465.699944227552
Ready To Move,Uttarahalli,1100.0,1.0,2.0,45.0,2 BHK,4090.909090909091
Ready To Move,Yelahanka New Town,1385.0,2.0,3.0,65.0,2 BHK,4693.140794223827
Ready To Move,Begur Road,1200.0,2.0,2.0,45.0,2 BHK,3750.0
Ready To Move,Haralur Road,2017.0,2.0,2.0,125.0,3 BHK,6197.322756569162
Ready To Move,Attibele,400.0,1.0,1.0,10.0,1 BHK,2500.0
Not Ready To Move,Bellandur,1400.0,2.0,2.0,44.81,3 BHK,3200.714285714286
Ready To Move,Bethel Nagar,960.0,2.0,1.0,33.0,2 BHK,3437.5
Ready To Move,Uttarahalli,1125.0,2.0,1.0,47.0,2 BHK,4177.777777777777
Ready To Move,Akshaya Nagar,1551.0,2.0,2.0,60.0,3 BHK,3868.4719535783365
Ready To Move,BTM Layout,600.0,4.0,2.0,122.0,4 BHK,20333.333333333332
Ready To Move,Vittasandra,1246.0,2.0,1.0,67.4,2 BHK,5409.309791332264
Not Ready To Move,Whitefield,3200.0,4.0,3.0,224.0,4 BHK,7000.0
Ready To Move,Marathahalli,1060.0,2.0,1.0,48.0,2 BHK,4528.301886792453
Ready To Move,Bharathi Nagar,1384.0,2.0,2.0,59.0,2 BHK,4263.005780346821
Ready To Move,Byagadadhenahalli,620.0,2.0,1.0,23.0,2 BHK,3709.6774193548385
Not Ready To Move,Bommasandra,1005.0,2.0,1.0,39.77,2 BHK,3957.213930348259
Ready To Move,Sarakki Nagar,1200.0,3.0,2.0,128.0,3 BHK,10666.666666666666
Ready To Move,Kirloskar Layout,1400.0,3.0,2.0,35.0,3 BHK,2500.0
Ready To Move,HSR Layout,2400.0,3.0,3.0,88.0,3 BHK,3666.6666666666665
Ready To Move,Whitefield,1096.0,2.0,1.0,39.0,2 BHK,3558.394160583942
Ready To Move,Kaggadasapura,1180.0,1.0,0.0,50.0,2 BHK,4237.28813559322
Ready To Move,Uttarahalli,1300.0,2.0,1.0,47.0,3 BHK,3615.3846153846152
Not Ready To Move,tc.palya,1020.0,2.0,1.0,62.0,2 BHK,6078.431372549019
Ready To Move,Margondanahalli,600.0,2.0,0.0,35.0,2 BHK,5833.333333333333
Ready To Move,Dollar Scheme Colony,3563.0,6.0,1.0,310.0,4 BHK,8700.533258490037
Ready To Move,Konanakunte Cross,1165.0,2.0,2.0,47.0,2 BHK,4034.3347639484978
Not Ready To Move,Bellandur,1685.0,3.0,3.0,100.0,3 BHK,5934.718100890208
Ready To Move,Raja Rajeshwari Nagar,1580.0,3.0,3.0,53.56,3 BHK,3389.8734177215188
Ready To Move,Balagere,1210.0,2.0,1.0,83.0,2 BHK,6859.504132231405
Ready To Move,Kammasandra,1030.0,1.0,2.0,25.75,2 BHK,2500.0
Ready To Move,Nagappa Reddy Layout,1100.0,2.0,2.0,43.5,2 BHK,3954.5454545454545
Not Ready To Move,Hebbal,1255.0,3.0,2.0,77.68,3 BHK,6189.641434262949
Not Ready To Move,Jakkur,1482.0,3.0,2.0,86.0,3 BHK,5802.968960863698
Ready To Move,Hebbal,1344.0,2.0,1.0,108.0,2 BHK,8035.714285714285
Not Ready To Move,Kothannur,1275.0,2.0,2.0,39.8,3 BHK,3121.56862745098
Ready To Move,Vidyaranyapura,462.0,3.0,2.0,38.0,3 BHK,8225.108225108224
Ready To Move,Omarbagh Layout,3300.0,5.0,3.0,318.0,4 BHK,9636.363636363636
Ready To Move,Panathur,1210.0,2.0,2.0,85.0,2 BHK,7024.793388429752
Not Ready To Move,Hebbal,1320.0,3.0,3.0,226.0,3 BHK,17121.21212121212
Not Ready To Move,Hosa Road,1532.0,3.0,2.0,98.13,3 BHK,6405.352480417754
Ready To Move,JP Nagar,1245.0,2.0,2.0,110.0,2 BHK,8835.341365461847
Ready To Move,Nagarbhavi,1212.0,2.0,1.0,50.0,2 BHK,4125.412541254125
Not Ready To Move,Sarjapur  Road,1230.0,2.0,1.0,65.0,2 BHK,5284.552845528456
Ready To Move,Indira Nagar,1000.0,5.0,2.0,180.0,5 BHK,18000.0
Ready To Move,Ramagondanahalli,2257.0,3.0,2.0,159.0,3 BHK,7044.749667700487
Ready To Move,Vittasandra,1246.0,2.0,1.0,65.4,2 BHK,5248.796147672553
Ready To Move,Gunjur,1080.0,2.0,2.0,41.0,2 BHK,3796.296296296296
Ready To Move,Varthur,1360.0,2.0,3.0,85.0,3 BHK,6250.0
Ready To Move,Yelenahalli,1260.0,2.0,2.0,47.88,2 BHK,3800.0
Ready To Move,Kengeri Satellite Town,1200.0,3.0,0.0,110.0,4 BHK,9166.666666666666
Ready To Move,Thigalarapalya,1418.0,2.0,2.0,104.0,2 BHK,7334.273624823695
Ready To Move,anjananager magdi road,1200.0,3.0,1.0,165.0,3 BHK,13750.0
Ready To Move,Kasavanhalli,950.0,2.0,1.0,39.0,2 BHK,4105.263157894737
Ready To Move,Nagarbhavi,1020.0,2.0,2.0,55.0,2 BHK,5392.156862745098
Not Ready To Move,Electronic City Phase II,1400.0,2.0,2.0,40.44,3 BHK,2888.5714285714284
Ready To Move,Kodipalya,1440.0,4.0,0.0,88.0,4 BHK,6111.111111111111
Not Ready To Move,Electronics City Phase 1,1175.0,2.0,1.0,69.0,2 BHK,5872.340425531915
Ready To Move,Raja Rajeshwari Nagar,1185.0,2.0,1.0,40.17,2 BHK,3389.8734177215188
Ready To Move,Aishwarya Crystal Layout,2250.0,3.0,1.0,113.0,3 BHK,5022.222222222223
Ready To Move,Sarjapur  Road,1178.0,2.0,2.0,40.43,2 BHK,3432.088285229202
Ready To Move,Ulsoor,36000.0,4.0,2.0,450.0,4 BHK,1250.0
Ready To Move,Whitefield,825.0,1.0,1.0,44.9,1 BHK,5442.424242424242
Not Ready To Move,Madiwala,1250.0,3.0,2.0,43.0,3 BHK,3440.0
Ready To Move,Electronics City Phase 1,1113.12,2.0,2.0,55.0,2 BHK,4941.066551674573
Ready To Move,2nd Block Jayanagar,1718.0,3.0,3.0,223.0,3 BHK,12980.209545983702
Ready To Move,Gottigere,1010.0,2.0,1.0,35.0,2 BHK,3465.3465346534654
Not Ready To Move,Kanakpura Road,900.0,2.0,1.0,41.0,2 BHK,4555.555555555556
Ready To Move,Syndicate Bank Colony,1500.0,4.0,3.0,240.0,4 BHK,16000.0
Ready To Move,Rayasandra,540.0,1.0,1.0,16.5,1 BHK,3055.5555555555557
Not Ready To Move,Electronic City,1020.0,2.0,2.0,29.46,2 BHK,2888.235294117647
Not Ready To Move,Hosur Road,1194.0,2.0,1.0,71.64,2 BHK,6000.0
Ready To Move,2nd Stage Nagarbhavi,600.0,4.0,2.0,100.0,3 BHK,16666.666666666668
Ready To Move,Electronic City,1108.0,2.0,1.0,67.15,2 BHK,6060.469314079423
Ready To Move,Hebbal,3895.0,2.0,1.0,451.0,4 BHK,11578.947368421053
Not Ready To Move,Kanakpura Road,700.0,2.0,1.0,34.99,2 BHK,4998.571428571428
Ready To Move,Somasundara Palya,1600.0,3.0,3.0,68.0,3 BHK,4250.0
Ready To Move,Nagarbhavi,1850.0,3.0,2.0,90.0,3 BHK,4864.864864864865
Ready To Move,Tumkur Road,1250.0,2.0,2.0,33.0,2 BHK,2640.0
Ready To Move,Ramamurthy Nagar,600.0,1.0,1.0,43.0,1 BHK,7166.666666666667
Ready To Move,Raja Rajeshwari Nagar,1140.0,2.0,1.0,49.27,2 BHK,4321.929824561404
Ready To Move,CQAL Layout,1200.0,2.0,2.0,75.0,3 BHK,6250.0
Ready To Move,Nayandanahalli,985.0,2.0,1.0,55.0,2 BHK,5583.756345177665
Ready To Move,Bellandur,982.0,2.0,2.0,55.0,2 BHK,5600.814663951121
Ready To Move,9th Phase JP Nagar,600.0,1.0,0.0,20.0,1 BHK,3333.3333333333335
Ready To Move,Old Madras Road,2640.0,5.0,1.0,142.0,3 BHK,5378.787878787879
Ready To Move,Akshaya Nagar,1314.0,2.0,2.0,68.8,2 BHK,5235.920852359209
Ready To Move,Vijaya Bank Layout,1700.0,2.0,2.0,68.5,3 BHK,4029.4117647058824
Not Ready To Move,1st Phase JP Nagar,1077.0,2.0,2.0,93.0,2 BHK,8635.097493036212
Ready To Move,Varanasi,2000.0,4.0,1.0,99.0,5 BHK,4950.0
Ready To Move,DUO Layout,1643.0,3.0,2.0,75.0,3 BHK,4564.820450395618
Ready To Move,Kengeri,1200.0,3.0,1.0,67.0,3 BHK,5583.333333333333
Ready To Move,Whitefield,1116.0,2.0,1.0,51.91,2 BHK,4651.433691756272
Ready To Move,Abbigere,1020.0,2.0,1.0,41.82,2 BHK,4100.0
Ready To Move,Daadys Gaarden Layout,1740.0,3.0,2.0,55.0,3 BHK,3160.919540229885
Not Ready To Move,GM Palaya,1225.0,2.0,2.0,47.0,2 BHK,3836.734693877551
Ready To Move,Thanisandra,1241.0,2.0,1.0,61.0,3 BHK,4915.390813859791
Ready To Move,Hennur,1041.0,2.0,2.0,40.6,2 BHK,3900.0960614793466
Ready To Move,Bommanahalli,1050.0,2.0,2.0,46.0,2 BHK,4380.952380952381
Not Ready To Move,Srinivas Colony,4400.0,3.0,1.0,901.0,3 BHK,20477.272727272728
Not Ready To Move,Kanakpura Road,1309.0,2.0,3.0,64.39,2 BHK,4919.022154316272
Ready To Move,Dodda Nekkundi,1128.0,2.0,2.0,45.0,2 BHK,3989.3617021276596
Ready To Move,Raja Rajeshwari Nagar,1430.0,2.0,1.0,50.0,3 BHK,3496.5034965034965
Not Ready To Move,Old Madras Road,1065.0,2.0,1.0,47.86,2 BHK,4493.896713615023
Ready To Move,OMBR Layout,1085.0,2.0,1.0,64.0,2 BHK,5898.617511520737
Ready To Move,Vishveshwarya Layout,750.0,1.0,1.0,30.0,1 BHK,4000.0
Ready To Move,Bellandur,981.0,2.0,2.0,37.28,2 BHK,3800.2038735983692
Not Ready To Move,Bhoganhalli,1548.3,4.0,1.0,129.0,4 BHK,8331.71865917458
Ready To Move,Hebbal Kempapura,2302.0,4.0,2.0,300.0,4 BHK,13032.145960034752
Ready To Move,Kalyan nagar,1410.0,2.0,2.0,60.0,3 BHK,4255.31914893617
Not Ready To Move,Hosa Road,1525.84,3.0,1.0,117.0,3 BHK,7667.90751323861
Ready To Move,Begur Road,1200.0,2.0,2.0,42.6,2 BHK,3550.0
Ready To Move,Sampangi Rama Nagar,1030.0,2.0,2.0,80.0,2 BHK,7766.9902912621355
Ready To Move,BTM 1st Stage,1852.0,2.0,2.0,95.0,3 BHK,5129.589632829374
Not Ready To Move,Electronic City,1160.0,2.0,1.0,33.5,2 BHK,2887.9310344827586
Ready To Move,Jigani,918.0,2.0,1.0,49.0,2 BHK,5337.690631808279
Not Ready To Move,Hebbal,1255.0,2.0,1.0,90.0,3 BHK,7171.314741035857
Ready To Move,JP Nagar,1150.0,2.0,2.0,49.9,3 BHK,4339.130434782609
Ready To Move,Indira Nagar,2700.0,3.0,2.0,324.0,3 BHK,12000.0
Not Ready To Move,Moodalapalya,1150.0,2.0,2.0,69.0,2 BHK,6000.0
Ready To Move,Whitefield,1227.0,2.0,2.0,53.49,2 BHK,4359.413202933985
Not Ready To Move,Hebbal,1255.0,3.0,2.0,77.68,3 BHK,6189.641434262949
Ready To Move,Panathur,1198.0,2.0,1.0,82.0,2 BHK,6844.741235392321
Ready To Move, Devarachikkanahalli,1200.0,3.0,1.0,160.0,3 BHK,13333.333333333334
Ready To Move,Nelamangala,2600.0,3.0,1.0,95.0,4 BHK,3653.846153846154
Ready To Move,Thigalarapalya,2072.0,4.0,2.0,139.0,3 BHK,6708.494208494209
Ready To Move,Pattandur Agrahara,797.0,2.0,1.0,32.0,2 BHK,4015.056461731493
Ready To Move,Nayandanahalli,1350.0,2.0,3.0,68.0,3 BHK,5037.037037037037
Ready To Move,Sahakara Nagar,2500.0,4.0,2.0,200.0,4 BHK,8000.0
Ready To Move,Thigalarapalya,2215.0,4.0,2.0,160.0,3 BHK,7223.476297968397
Not Ready To Move,Kanakpura Road,525.0,1.0,1.0,30.0,1 BHK,5714.285714285715
Ready To Move,Bannerghatta Road,2700.0,4.0,3.0,260.0,4 BHK,9629.62962962963
Ready To Move,Gokaula Extension,1500.0,2.0,1.0,90.0,3 BHK,6000.0
Ready To Move,Subash Nagar,900.0,2.0,0.0,55.0,2 BHK,6111.111111111111
Ready To Move,Poorna Pragna Layout,1355.0,2.0,3.0,58.27,3 BHK,4300.369003690037
Ready To Move,Kudlu Gate,1465.0,2.0,2.0,49.81,3 BHK,3400.0
Ready To Move,Ramamurthy Nagar,1006.0,2.0,1.0,57.0,2 BHK,5666.003976143141
Ready To Move,Vishveshwarya Layout,2000.0,4.0,1.0,75.0,4 BHK,3750.0
Not Ready To Move,Electronic City,1128.0,2.0,1.0,65.7,2 BHK,5824.468085106383
Ready To Move,Pattanagere,850.0,2.0,0.0,35.0,2 BHK,4117.64705882353
Ready To Move,ISRO Layout,1310.0,2.0,3.0,68.0,3 BHK,5190.839694656489
Ready To Move,Banashankari,1390.0,2.0,2.0,86.0,2 BHK,6187.050359712231
Ready To Move,Kathriguppe,1390.0,2.0,2.0,76.45,3 BHK,5500.0
Ready To Move,Marathahalli,2396.0,4.0,2.0,325.0,4 BHK,13564.273789649416
Ready To Move,Electronic City,1170.0,2.0,1.0,33.0,2 BHK,2820.5128205128203
Ready To Move,Gottigere,1385.0,2.0,2.0,50.0,3 BHK,3610.1083032490974
Ready To Move,Old Madras Road,1160.0,2.0,1.0,42.0,2 BHK,3620.689655172414
Not Ready To Move,Electronic City Phase II,1160.0,2.0,1.0,33.5,2 BHK,2887.9310344827586
Ready To Move,Bannerghatta Road,1200.0,2.0,2.0,69.0,3 BHK,5750.0
Ready To Move,Mahadevpura,1475.0,2.0,2.0,55.0,2 BHK,3728.813559322034
Not Ready To Move,Sarjapur  Road,1939.0,3.0,0.0,98.0,3 BHK,5054.151624548736
Ready To Move,7th Phase JP Nagar,850.0,2.0,2.0,42.0,2 BHK,4941.176470588235
Not Ready To Move,Balagere,675.0,1.0,1.0,45.0,1 BHK,6666.666666666667
Ready To Move,Electronic City,1060.0,2.0,1.0,51.0,2 BHK,4811.320754716981
Not Ready To Move,Whitefield,1235.0,2.0,2.0,47.0,2 BHK,3805.668016194332
Not Ready To Move,RTO ullalu,600.0,4.0,1.0,110.0,2 BHK,18333.333333333332
Ready To Move,Austin Town,1250.0,2.0,1.0,60.0,2 BHK,4800.0
Ready To Move,Banashankari,1460.0,2.0,3.0,70.0,2 BHK,4794.520547945205
Ready To Move,Akshaya Nagar,1690.0,3.0,2.0,85.0,3 BHK,5029.585798816568
Ready To Move,Indira Nagar,850.0,1.0,2.0,57.0,1 BHK,6705.882352941177
Ready To Move,Kanakpura Road,1843.0,3.0,2.0,82.0,3 BHK,4449.267498643516
Ready To Move,7th Phase JP Nagar,1680.0,3.0,2.0,117.0,3 BHK,6964.285714285715
Ready To Move,Kundalahalli,1047.0,2.0,1.0,84.0,2 BHK,8022.9226361031515
Not Ready To Move,8th Phase JP Nagar,1100.0,2.0,2.0,35.0,2 BHK,3181.818181818182
Ready To Move,Nagarbhavi,1120.0,2.0,3.0,53.0,2 BHK,4732.142857142857
Ready To Move,Raja Rajeshwari Nagar,1095.0,2.0,2.0,38.33,2 BHK,3500.4566210045664
Not Ready To Move,Carmelaram,970.0,2.0,2.0,35.0,2 BHK,3608.2474226804125
Ready To Move,Bommanahalli,1200.0,7.0,2.0,125.0,5 BHK,10416.666666666666
Ready To Move,Hosa Road,1100.0,2.0,3.0,85.0,3 BHK,7727.272727272727
Ready To Move,Uttarahalli,1685.0,3.0,2.0,85.0,3 BHK,5044.510385756676
Ready To Move,Doddanekundi,1148.0,2.0,1.0,59.0,2 BHK,5139.3728222996515
Ready To Move,Marathahalli,1050.0,2.0,1.0,65.0,2 BHK,6190.476190476191
Ready To Move,Bannerghatta Road,1465.0,2.0,1.0,76.0,3 BHK,5187.713310580205
Ready To Move,Kothanur,3401.0,5.0,2.0,230.0,4 BHK,6762.7168479858865
Not Ready To Move,Electronic City,630.0,1.0,1.0,60.0,1 BHK,9523.809523809523
Ready To Move,7th Phase JP Nagar,1850.0,3.0,1.0,150.0,3 BHK,8108.108108108108
Ready To Move,Cottonpet,1750.0,2.0,1.0,225.0,4 BHK,12857.142857142857
Ready To Move,Shikaripalya,1350.0,3.0,1.0,60.0,3 BHK,4444.444444444444
Ready To Move,Sector 7 HSR Layout,1760.0,3.0,2.0,160.0,3 BHK,9090.90909090909
Ready To Move,Rajaji Nagar,1440.0,2.0,2.0,185.0,2 BHK,12847.222222222223
Ready To Move,Banashankari Stage III,1200.0,2.0,0.0,42.0,2 BHK,3500.0
Ready To Move,Hennur Bande,1100.0,2.0,1.0,78.0,2 BHK,7090.909090909091
Ready To Move,Kaggadasapura,1140.0,2.0,2.0,46.0,2 BHK,4035.0877192982457
Ready To Move,Gottigere,1410.0,2.0,2.0,45.0,2 BHK,3191.4893617021276
Ready To Move,Mahadevpura,1434.0,2.0,1.0,67.39,3 BHK,4699.442119944212
Ready To Move,"ravindra nagar, T.dasarahalli peenya",1180.0,2.0,2.0,74.0,2 BHK,6271.186440677966
Ready To Move,Begur Road,1160.0,2.0,2.0,42.0,2 BHK,3620.689655172414
Ready To Move,EPIP Zone,1343.0,2.0,2.0,86.0,2 BHK,6403.574087862993
Ready To Move,LB Shastri Nagar,1184.0,2.0,1.0,69.0,2 BHK,5827.7027027027025
Ready To Move,Koramangala,2246.0,3.0,0.0,300.0,3 BHK,13357.079252003561
Ready To Move,Rajankunte,4510.0,4.0,3.0,200.0,3 BHK,4434.589800443459
Ready To Move,Banashankari Stage III,1305.0,2.0,1.0,59.0,3 BHK,4521.072796934866
Ready To Move,Sarjapur  Road,3785.0,5.0,2.0,280.0,4 BHK,7397.622192866578
Ready To Move,1st Block BEL Layout,1540.0,3.0,2.0,85.0,3 BHK,5519.480519480519
Ready To Move,Kanakpura Road,1550.0,3.0,3.0,65.11,3 BHK,4200.645161290323
Ready To Move,Yelahanka,1345.0,2.0,1.0,57.0,3 BHK,4237.918215613383
Ready To Move,Electronic City Phase II,975.0,2.0,2.0,45.0,3 BHK,4615.384615384615
Ready To Move,HSR Layout,1140.0,2.0,2.0,46.0,2 BHK,4035.0877192982457
Not Ready To Move,JP Nagar,1152.0,2.0,1.0,34.56,2 BHK,3000.0
Ready To Move,Old Airport Road,3200.0,4.0,2.0,700.0,4 BHK,21875.0
Not Ready To Move,Kodathi,1033.0,2.0,2.0,31.5,3 BHK,3049.3707647628266
Ready To Move,Richards Town,1800.0,3.0,0.0,230.0,3 BHK,12777.777777777777
Ready To Move,Marathahalli,1102.0,2.0,2.0,53.67,2 BHK,4870.235934664247
Ready To Move,Subramanyapura,1223.0,2.0,2.0,42.81,3 BHK,3500.408830744072
Not Ready To Move,Kadugodi,1762.0,3.0,3.0,112.0,3 BHK,6356.413166855846
Ready To Move,Kengeri Satellite Town,560.0,2.0,1.0,16.6,2 BHK,2964.2857142857147
Ready To Move,Electronic City,1410.0,2.0,2.0,38.0,3 BHK,2695.0354609929077
Not Ready To Move,Thanisandra,1853.0,3.0,1.0,64.86,3 BHK,3500.2698327037238
Ready To Move,Kothanur,1455.0,2.0,1.0,69.0,2 BHK,4742.268041237114
Not Ready To Move,Hebbal,1138.0,2.0,1.0,110.0,2 BHK,9666.080843585238
Ready To Move,Sarjapur  Road,2556.0,3.0,2.0,169.0,3 BHK,6611.89358372457
Not Ready To Move,TC Palaya,1200.0,2.0,0.0,66.5,3 BHK,5541.666666666667
Ready To Move,Anantapura,1200.0,2.0,2.0,37.0,2 BHK,3083.3333333333335
Not Ready To Move,Anekal,1200.0,1.0,1.0,36.0,2 BHK,3000.0
Not Ready To Move,Whitefield,1870.0,3.0,2.0,138.0,3 BHK,7379.679144385027
Not Ready To Move,Panathur,1199.0,2.0,1.0,86.0,2 BHK,7172.643869891576
Ready To Move,Doddakallasandra,1360.0,2.0,2.0,54.4,3 BHK,4000.0
Ready To Move,Babusapalaya,1230.0,3.0,3.0,53.0,3 BHK,4308.943089430894
Ready To Move,Hosahalli Extension,2000.0,3.0,2.0,120.0,3 BHK,6000.0
Ready To Move,Kasturi Nagar,1200.0,4.0,2.0,250.0,4 BHK,20833.333333333332
Ready To Move,Kundalahalli,1047.0,2.0,1.0,83.0,2 BHK,7927.411652340019
Not Ready To Move,Electronic City Phase II,6000.0,4.0,2.0,260.0,4 BHK,4333.333333333333
Not Ready To Move,Ramamurthy Nagar,1200.0,2.0,1.0,76.0,2 BHK,6333.333333333333
Ready To Move,Kengeri,725.0,2.0,1.0,30.0,2 BHK,4137.931034482759
Ready To Move,Jakkur,1645.0,3.0,1.0,100.0,3 BHK,6079.0273556231
Ready To Move,Sultan Palaya,870.0,2.0,1.0,65.0,2 BHK,7471.264367816092
Ready To Move,Marathahalli,1026.0,2.0,1.0,49.95,2 BHK,4868.421052631579
Not Ready To Move,Bennigana Halli,2000.0,3.0,1.0,145.0,3 BHK,7250.0
Ready To Move,Cooke Town,1710.0,2.0,2.0,200.0,2 BHK,11695.906432748538
Not Ready To Move,Hosur Road,1766.0,3.0,1.0,130.0,3 BHK,7361.268403171008
Ready To Move,Makali,500.0,1.0,1.0,15.0,1 BHK,3000.0
Not Ready To Move,JP Nagar,1100.0,1.0,1.0,15.0,2 BHK,1363.6363636363637
Ready To Move,Jigani,1221.0,3.0,3.0,52.0,3 BHK,4258.804258804259
Ready To Move,Rachenahalli,680.0,1.0,1.0,46.0,1 BHK,6764.705882352941
Ready To Move,Sarjapur  Road,1278.0,2.0,2.0,90.0,2 BHK,7042.2535211267605
Ready To Move,Kodichikkanahalli,1025.0,2.0,2.0,66.0,2 BHK,6439.024390243902
Not Ready To Move,Whitefield,1175.0,2.0,1.0,39.0,2 BHK,3319.148936170213
Ready To Move,6th Phase JP Nagar,600.0,1.0,1.0,75.0,1 BHK,12500.0
Ready To Move,Seethappa Layout,850.0,2.0,1.0,42.0,2 BHK,4941.176470588235
Ready To Move,Anjanapura,710.0,2.0,0.0,25.0,2 BHK,3521.1267605633802
Not Ready To Move,Huskur,1165.0,2.0,1.0,33.64,2 BHK,2887.5536480686696
Not Ready To Move,Sarjapur,625.0,1.0,1.0,19.0,1 BHK,3040.0
Ready To Move,Kaggadasapura,1340.0,3.0,1.0,66.0,3 BHK,4925.373134328358
Ready To Move,Ananth Nagar,937.0,2.0,1.0,35.0,2 BHK,3735.325506937033
Ready To Move,JP Nagar,750.0,1.0,1.0,52.5,1 BHK,7000.0
Ready To Move,Shampura,1475.0,3.0,3.0,78.0,3 BHK,5288.135593220339
Ready To Move,Singapura Village,2230.0,4.0,1.0,130.0,4 BHK,5829.596412556054
Ready To Move,Jnanabharathi Layout,2200.0,5.0,1.0,100.0,4 BHK,4545.454545454545
Ready To Move,Mysore Road,900.0,2.0,0.0,65.0,2 BHK,7222.222222222223
Ready To Move,Electronic City Phase II,1116.0,2.0,2.0,37.0,2 BHK,3315.4121863799282
Ready To Move,Hoodi,948.0,2.0,1.0,75.0,2 BHK,7911.392405063291
Ready To Move,R.T. Nagar,970.0,2.0,1.0,55.0,2 BHK,5670.103092783505
Ready To Move,Akshayanagara East,1519.0,3.0,2.0,67.23,3 BHK,4425.938117182357
Ready To Move,Thanisandra,1200.0,2.0,1.0,65.0,3 BHK,5416.666666666667
Ready To Move,Bhoganhalli,1760.0,3.0,2.0,127.0,3 BHK,7215.909090909091
Ready To Move,Whitefield,4400.0,5.0,3.0,525.0,4 BHK,11931.818181818182
Ready To Move,Sahakara Nagar,1914.0,3.0,3.0,179.0,3 BHK,9352.142110762801
Ready To Move,Budigere,1820.0,3.0,2.0,85.5,3 BHK,4697.802197802198
Ready To Move,Budigere,1820.0,3.0,2.0,93.0,3 BHK,5109.89010989011
Ready To Move,Kalena Agrahara,1565.0,3.0,2.0,78.0,3 BHK,4984.025559105431
Ready To Move,Begur Road,1334.0,2.0,3.0,42.69,2 BHK,3200.1499250374814
Not Ready To Move,Sarakki Nagar,924.0,2.0,2.0,76.23,2 BHK,8250.0
Ready To Move,Jigani,914.0,2.0,2.0,49.0,2 BHK,5361.050328227571
Ready To Move,Kengeri,500.0,1.0,1.0,17.0,1 BHK,3400.0
Not Ready To Move,Yelahanka,2145.0,3.0,3.0,125.0,3 BHK,5827.505827505827
Ready To Move,Yelahanka,1200.0,5.0,2.0,162.0,5 BHK,13500.0
Not Ready To Move,Electronic City,1650.0,3.0,2.0,100.0,3 BHK,6060.606060606061
Ready To Move,Marathahalli,3940.0,4.0,3.0,220.0,4 BHK,5583.756345177665
Not Ready To Move,Electronic City,1020.0,2.0,1.0,29.45,2 BHK,2887.2549019607845
Ready To Move,Basaveshwara Nagar,1180.0,2.0,3.0,58.0,2 BHK,4915.254237288135
Ready To Move,Ulsoor,1255.0,2.0,3.0,120.0,2 BHK,9561.752988047809
Not Ready To Move,Langford Gardens,2777.29,5.0,2.0,650.0,3 BHK,23404.10976167415
Ready To Move,Bommasandra,1014.0,2.0,1.0,35.0,2 BHK,3451.6765285996057
Ready To Move,Shampura,920.0,2.0,0.0,90.0,4 BHK,9782.608695652174
Ready To Move,Attibele,695.0,1.0,1.0,25.0,2 BHK,3597.122302158273
Ready To Move,Prithvi Layout,2273.0,4.0,3.0,220.0,3 BHK,9678.838539375274
Not Ready To Move,GM Palaya,1140.0,2.0,2.0,48.95,2 BHK,4293.859649122807
Ready To Move,Whitefield,1180.0,2.0,2.0,41.0,2 BHK,3474.576271186441
Not Ready To Move,Begur Road,2400.0,4.0,2.0,152.0,4 BHK,6333.333333333333
Ready To Move,Attibele,850.0,1.0,1.0,25.0,2 BHK,2941.176470588235
Ready To Move,Banashankari,1200.0,2.0,1.0,60.0,2 BHK,5000.0
Not Ready To Move,"Bellandur, ",3160.0,4.0,3.0,206.0,4 BHK,6518.987341772152
Ready To Move,Hoodi,1769.0,3.0,3.0,96.87,3 BHK,5475.975127190503
Not Ready To Move,Bhoganhalli,1554.3,4.0,1.0,131.0,4 BHK,8428.231358167664
Ready To Move,Haralur Road,1243.0,2.0,2.0,46.0,2 BHK,3700.7240547063557
Not Ready To Move,2nd Block Jayanagar,4920.0,5.0,2.0,1150.0,4 BHK,23373.983739837397
Ready To Move,Mallasandra,905.0,2.0,1.0,40.0,2 BHK,4419.889502762431
Ready To Move,Kothanur,627.0,1.0,1.0,30.0,1 BHK,4784.688995215311
Not Ready To Move,Domlur,2180.0,3.0,2.0,285.0,3 BHK,13073.394495412844
Ready To Move,Frazer Town,2400.0,3.0,2.0,260.0,3 BHK,10833.333333333334
Ready To Move,Marathahalli,1435.0,3.0,1.0,73.0,3 BHK,5087.1080139372825
Not Ready To Move,Jakkur,3405.1,6.0,3.0,400.0,4 BHK,11747.085254471234
Ready To Move,Kodihalli,1620.0,3.0,2.0,130.0,3 BHK,8024.691358024691
Ready To Move,Whitefield,1862.0,3.0,2.0,125.0,3 BHK,6713.211600429646
Not Ready To Move,Kaikondrahalli,674.0,1.0,1.0,19.9,2 BHK,2952.522255192878
Ready To Move,Marathahalli,1220.0,2.0,1.0,59.0,2 BHK,4836.065573770492
Ready To Move,Haralur Road,1027.0,2.0,2.0,44.0,2 BHK,4284.323271665044
Ready To Move,Electronic City,1025.0,2.0,1.0,49.0,2 BHK,4780.487804878048
Ready To Move,Thanisandra,1430.0,2.0,3.0,54.5,3 BHK,3811.188811188811
Ready To Move,Panathur,1235.0,2.0,3.0,65.0,2 BHK,5263.1578947368425
Ready To Move,Electronics City Phase 1,1291.0,2.0,3.0,32.0,3 BHK,2478.6986831913246
Ready To Move,Kanakpura Road,1498.0,3.0,2.0,95.0,3 BHK,6341.789052069425
Ready To Move,Sarjapur  Road,2180.0,3.0,2.0,240.0,3 BHK,11009.174311926605
Not Ready To Move,Electronic City,1000.0,2.0,1.0,29.7,2 BHK,2970.0
Ready To Move,Ejipura,922.0,2.0,1.0,70.0,2 BHK,7592.190889370932
Ready To Move,Victoria Layout,850.0,2.0,1.0,72.0,2 BHK,8470.588235294117
Ready To Move,New Thippasandra,750.0,3.0,2.0,155.0,3 BHK,20666.666666666668
Ready To Move,AECS Layout,1123.0,2.0,2.0,64.0,2 BHK,5699.020480854853
Ready To Move,Raja Rajeshwari Nagar,1235.0,2.0,1.0,75.0,2 BHK,6072.8744939271255
Ready To Move,Kogilu,1250.0,2.0,1.0,55.55,2 BHK,4444.0
Ready To Move,Whitefield,2403.0,5.0,2.0,360.0,4 BHK,14981.2734082397
Not Ready To Move,Sarjapur  Road,984.0,2.0,1.0,45.91,2 BHK,4665.650406504065
Ready To Move,Sarjapur  Road,1305.0,2.0,1.0,99.0,2 BHK,7586.206896551724
Ready To Move,Attur Layout,1200.0,1.0,0.0,65.0,2 BHK,5416.666666666667
Ready To Move,1st Block HRBR Layout,600.0,3.0,1.0,90.0,3 BHK,15000.0
Not Ready To Move,Hebbal,2790.0,5.0,3.0,204.0,4 BHK,7311.8279569892475
Ready To Move,Old Madras Road,2010.0,3.0,2.0,125.0,4 BHK,6218.905472636816
Ready To Move,Electronics City Phase 1,995.0,2.0,0.0,42.0,2 BHK,4221.105527638191
Ready To Move,Varthur Road,1277.0,2.0,2.0,59.0,2 BHK,4620.203602192639
Ready To Move,7th Phase JP Nagar,1236.0,2.0,2.0,61.33,2 BHK,4961.974110032363
Ready To Move,Akshaya Nagar,1265.0,2.0,3.0,67.0,2 BHK,5296.442687747036
Not Ready To Move,Kanakpura Road,525.0,1.0,1.0,27.0,1 BHK,5142.857142857143
Ready To Move,Gubbalala,2570.0,4.0,2.0,141.0,5 BHK,5486.381322957199
Ready To Move,Hennur Road,2400.0,5.0,3.0,390.0,4 BHK,16250.0
Ready To Move,Shikaripalya,1442.0,3.0,2.0,56.24,3 BHK,3900.138696255201
Ready To Move,Ardendale,1224.0,2.0,2.0,70.0,2 BHK,5718.954248366013
Ready To Move,Bellandur,1205.0,2.0,1.0,59.0,2 BHK,4896.265560165975
Ready To Move,Richmond Town,1233.0,2.0,3.0,100.0,2 BHK,8110.300081103001
Ready To Move,5th Block Hbr Layout,1312.0,2.0,3.0,69.0,2 BHK,5259.1463414634145
Ready To Move,Electronic City,1449.0,3.0,2.0,90.0,3 BHK,6211.180124223602
Ready To Move,Yelenahalli,1090.0,2.0,1.0,54.0,2 BHK,4954.128440366972
Ready To Move,Kaggadasapura,2100.0,5.0,0.0,150.0,5 BHK,7142.857142857143
Ready To Move,Uttarahalli,1390.0,2.0,3.0,62.55,3 BHK,4500.0
Ready To Move,JP Nagar,1200.0,2.0,3.0,78.0,2 BHK,6500.0
Ready To Move,Mallasandra,600.0,2.0,2.0,50.0,4 BHK,8333.333333333334
Ready To Move,BTM 2nd Stage,1000.0,2.0,2.0,58.0,2 BHK,5800.0
Not Ready To Move,Devanahalli,2400.0,5.0,2.0,190.0,4 BHK,7916.666666666667
Not Ready To Move,Thanisandra,1732.0,3.0,1.0,85.73,3 BHK,4949.769053117783
Ready To Move,Banashankari,1290.0,2.0,2.0,80.0,2 BHK,6201.550387596899
Ready To Move,Marasandra,1840.0,3.0,3.0,85.0,3 BHK,4619.565217391304
Ready To Move,Thanisandra,1917.0,4.0,2.0,100.0,3 BHK,5216.484089723526
Ready To Move,Bhuvaneshwari Nagar,1100.0,2.0,2.0,57.0,2 BHK,5181.818181818182
Ready To Move,Kudlu,1455.0,2.0,3.0,60.0,3 BHK,4123.711340206186
Not Ready To Move,Old Airport Road,2774.0,4.0,3.0,208.0,4 BHK,7498.197548666186
Ready To Move,Haralur Road,1200.0,5.0,2.0,255.0,5 BHK,21250.0
Ready To Move, Devarachikkanahalli,1425.0,2.0,2.0,65.0,3 BHK,4561.403508771929
Not Ready To Move,Whitefield,1655.0,3.0,1.0,113.0,3 BHK,6827.794561933535
Not Ready To Move,Haralur Road,2805.0,5.0,3.0,160.0,4 BHK,5704.0998217468805
Ready To Move,AGS Layout,1040.0,2.0,1.0,46.79,2 BHK,4499.038461538462
Ready To Move,Akshaya Nagar,1126.0,2.0,1.0,55.0,2 BHK,4884.547069271758
Ready To Move,Hebbal,1250.0,2.0,1.0,55.55,2 BHK,4444.0
Ready To Move,Yelahanka,1800.0,4.0,2.0,180.0,4 BHK,10000.0
Ready To Move,Kalkere Channasandra,1200.0,2.0,0.0,53.0,2 BHK,4416.666666666667
Ready To Move,Ashirvad Colony,2050.0,3.0,1.0,100.0,4 BHK,4878.048780487805
Ready To Move,Whitefield,530.0,1.0,1.0,29.44,1 BHK,5554.7169811320755
Ready To Move,Kambipura,883.0,2.0,1.0,37.0,2 BHK,4190.260475651189
Ready To Move,Uttarahalli,1490.0,2.0,2.0,59.6,3 BHK,4000.0
Ready To Move,Ramagondanahalli,1295.0,2.0,2.0,95.0,2 BHK,7335.907335907336
Ready To Move,Sompura,1275.0,3.0,1.0,59.0,3 BHK,4627.450980392156
Ready To Move,Doddabanahalli,800.0,2.0,2.0,30.0,2 BHK,3750.0
Ready To Move,Devanahalli,1200.0,1.0,0.0,95.0,1 BHK,7916.666666666667
Ready To Move,Bellandur,1063.0,2.0,1.0,58.0,2 BHK,5456.255879586077
Ready To Move,Balagere,656.0,1.0,1.0,43.0,1 BHK,6554.878048780488
Ready To Move,Shakthi Nagar,1125.0,2.0,2.0,36.0,2 BHK,3200.0
Not Ready To Move,Marathahalli,881.0,2.0,1.0,48.06,2 BHK,5455.16458569807
Ready To Move,Bisuvanahalli,700.0,1.0,1.0,32.0,2 BHK,4571.428571428572
Ready To Move,AGS Layout,1936.0,3.0,0.0,110.0,3 BHK,5681.818181818182
Not Ready To Move,Hosa Road,1680.0,3.0,1.0,101.0,3 BHK,6011.9047619047615
Ready To Move,Rayasandra,1253.0,2.0,2.0,57.0,2 BHK,4549.082202713487
Ready To Move,Rajaji Nagar,1640.0,3.0,3.0,230.0,3 BHK,14024.390243902439
Ready To Move,Mysore Road,1082.0,3.0,2.0,50.0,3 BHK,4621.072088724584
Not Ready To Move,Electronic City,1065.0,2.0,1.0,30.75,2 BHK,2887.323943661972
Not Ready To Move,Iblur Village,2100.0,4.0,2.0,145.0,3 BHK,6904.761904761905
Ready To Move,Electronic City,1070.0,2.0,1.0,58.0,2 BHK,5420.560747663551
Not Ready To Move,Raja Rajeshwari Nagar,1280.0,3.0,2.0,57.6,3 BHK,4500.0
Not Ready To Move,6th block Koramangala,1200.0,5.0,2.0,300.0,5 BHK,25000.0
Not Ready To Move,Electronic City Phase II,1125.0,2.0,1.0,29.25,2 BHK,2600.0
Ready To Move,Sarjapur  Road,1755.0,3.0,2.0,122.0,3 BHK,6951.5669515669515
Ready To Move,Electronic City,1210.0,2.0,1.0,54.0,2 BHK,4462.809917355372
Not Ready To Move,Talaghattapura,951.0,2.0,2.0,30.43,2 BHK,3199.789695057834
Not Ready To Move,Electronic City,1500.0,2.0,1.0,75.0,3 BHK,5000.0
Ready To Move,Coffee Board Layout,1652.5,3.0,2.0,90.0,3 BHK,5446.293494704993
Ready To Move,Yeshwanthpur,1381.0,2.0,2.0,76.18,3 BHK,5516.292541636496
Not Ready To Move,Whitefield,1085.0,2.0,1.0,57.0,2 BHK,5253.4562211981565
Not Ready To Move,Whitefield,905.0,1.0,1.0,50.0,1 BHK,5524.861878453039
Ready To Move,Hennur Road,1685.0,3.0,2.0,95.0,3 BHK,5637.982195845697
Ready To Move,Somasundara Palya,1200.0,2.0,2.0,75.0,2 BHK,6250.0
Ready To Move,Anandapura,1151.0,2.0,1.0,42.9,2 BHK,3727.193744569939
Ready To Move,Brookefield,3532.0,3.0,3.0,170.0,4 BHK,4813.137032842582
Ready To Move,Kanakpura Road,1665.0,3.0,2.0,86.91,3 BHK,5219.81981981982
Ready To Move,Kengeri Satellite Town,800.0,2.0,1.0,40.0,2 BHK,5000.0
Ready To Move,Chamrajpet,1050.0,2.0,1.0,162.0,2 BHK,15428.57142857143
Ready To Move,Rajiv Nagar,1030.0,2.0,2.0,46.5,2 BHK,4514.563106796117
Ready To Move,Hoodi,1257.0,2.0,1.0,71.03,2 BHK,5650.755767700875
Not Ready To Move,Whitefield,1600.0,3.0,2.0,82.0,3 BHK,5125.0
Ready To Move,Choodasandra,1465.0,3.0,3.0,75.0,3 BHK,5119.453924914676
Ready To Move,Jakkur,1650.0,3.0,2.0,111.0,3 BHK,6727.272727272727
Ready To Move,Haralur Road,1243.0,2.0,2.0,46.0,2 BHK,3700.7240547063557
Ready To Move,Yelahanka New Town,680.0,1.0,1.0,80.0,2 BHK,11764.70588235294
Not Ready To Move,Whitefield,1230.0,4.0,2.0,80.0,4 BHK,6504.065040650406
Ready To Move,Koramangala,1300.0,2.0,2.0,82.0,2 BHK,6307.692307692308
Ready To Move,KR Puram,1000.0,2.0,1.0,44.5,2 BHK,4450.0
Ready To Move,Mahadevpura,1146.0,2.0,1.0,53.8,2 BHK,4694.5898778359515
Not Ready To Move,Indira Nagar,2601.0,4.0,2.0,312.0,3 BHK,11995.386389850059
Ready To Move,Vishwanatha Nagenahalli,2159.0,3.0,2.0,110.0,3 BHK,5094.951366373321
Ready To Move,Whitefield,1255.0,2.0,2.0,40.0,2 BHK,3187.2509960159364
Ready To Move,Hebbal Kempapura,1130.0,2.0,2.0,60.0,2 BHK,5309.734513274337
Ready To Move,Padmanabhanagar,1200.0,2.0,1.0,60.0,2 BHK,5000.0
Ready To Move,Sarjapur  Road,1040.0,2.0,1.0,37.0,2 BHK,3557.6923076923076
Ready To Move,Byrathi Village,906.0,3.0,2.0,55.0,4 BHK,6070.640176600442
Ready To Move,Uttarahalli,1180.0,2.0,1.0,41.3,2 BHK,3499.9999999999995
Ready To Move,KR Puram,1200.0,2.0,3.0,47.0,2 BHK,3916.6666666666665
Ready To Move,Sarjapur  Road,1374.0,3.0,2.0,51.0,3 BHK,3711.7903930131006
Ready To Move, south,2400.0,2.0,0.0,480.0,3 BHK,20000.0
Ready To Move,Haralur Road,1027.0,2.0,2.0,44.0,2 BHK,4284.323271665044
Ready To Move,Ittamadu,1200.0,4.0,2.0,130.0,5 BHK,10833.333333333334
Ready To Move,Jalahalli,2384.0,4.0,2.0,165.0,3 BHK,6921.140939597315
Not Ready To Move,Electronic City,1033.0,2.0,2.0,28.41,3 BHK,2750.242013552759
Ready To Move,Yelahanka,1200.0,2.0,1.0,54.0,2 BHK,4500.0
Ready To Move,Haralur Road,2017.0,3.0,2.0,105.0,3 BHK,5205.751115518096
Ready To Move,Rainbow Drive,1500.0,3.0,2.0,138.0,3 BHK,9200.0
Ready To Move,Kamala Nagar,700.0,2.0,0.0,43.0,2 BHK,6142.857142857143
Ready To Move,Kanakpura Road,1495.0,2.0,2.0,52.33,3 BHK,3500.334448160535
Ready To Move,Kothanur,1302.0,2.0,1.0,68.5,2 BHK,5261.136712749616
Not Ready To Move,Whitefield,905.0,1.0,1.0,52.0,1 BHK,5745.85635359116
Ready To Move,Raja Rajeshwari Nagar,1303.0,2.0,1.0,55.79,2 BHK,4281.657712970069
Ready To Move,Electronics City Phase 1,1350.0,3.0,0.0,71.0,3 BHK,5259.259259259259
Ready To Move,Gottigere,1380.0,2.0,2.0,95.0,3 BHK,6884.057971014493
Ready To Move,Harlur,1620.0,3.0,1.0,110.0,3 BHK,6790.123456790124
Ready To Move,Chandapura,4800.0,4.0,3.0,250.0,4 BHK,5208.333333333333
Ready To Move,Sarjapur  Road,1000.0,2.0,1.0,38.5,2 BHK,3850.0
Ready To Move,Ramamurthy Nagar,800.0,4.0,0.0,88.0,3 BHK,11000.0
Not Ready To Move,Thanisandra,1250.0,1.0,1.0,54.0,2 BHK,4320.0
Ready To Move,3rd Block Koramangala,1750.0,3.0,3.0,170.0,3 BHK,9714.285714285714
Ready To Move,Anekal,997.0,3.0,2.0,55.0,3 BHK,5516.5496489468405
Not Ready To Move,Kothanur,1760.0,3.0,2.0,111.0,3 BHK,6306.818181818182
Ready To Move,Yelahanka,1322.0,2.0,2.0,75.0,2 BHK,5673.2223903177
Ready To Move,Kanaka Nagar,1365.0,3.0,0.0,99.0,3 BHK,7252.747252747253
Ready To Move,Sahakara Nagar,1500.0,3.0,2.0,125.0,3 BHK,8333.333333333334
Ready To Move,Kaggadasapura,1256.0,2.0,2.0,50.0,3 BHK,3980.891719745223
Ready To Move,Brookefield,941.0,2.0,2.0,48.0,2 BHK,5100.956429330499
Ready To Move,Devanahalli,5000.0,4.0,3.0,465.0,4 BHK,9300.0
Ready To Move,Kanakpura Road,1665.0,3.0,2.0,86.58,3 BHK,5200.0
Ready To Move,Hennur Road,1414.0,2.0,1.0,84.18,2 BHK,5953.323903818953
Ready To Move,Chikkalasandra,1270.0,2.0,3.0,55.25,3 BHK,4350.393700787402
Ready To Move,Madiwala,800.0,2.0,2.0,80.0,3 BHK,10000.0
Ready To Move,Kengeri Satellite Town,4100.0,3.0,0.0,300.0,4 BHK,7317.073170731707
Ready To Move,Pattanagere,850.0,2.0,0.0,35.0,2 BHK,4117.64705882353
Not Ready To Move,Kanakpura Road,712.0,1.0,1.0,38.44,1 BHK,5398.876404494382
Ready To Move,Basaveshwara Nagar Yelahanka,900.0,4.0,2.0,180.0,3 BHK,20000.0
Ready To Move,TC Palaya,900.0,2.0,0.0,55.0,2 BHK,6111.111111111111
Ready To Move,Hebbal,1200.0,2.0,1.0,49.0,2 BHK,4083.3333333333335
Ready To Move,Kengeri Satellite Town,654.0,1.0,1.0,22.0,1 BHK,3363.914373088685
Ready To Move,Peenya,708.0,1.0,1.0,55.0,2 BHK,7768.3615819209035
Ready To Move,Singapura Village,600.0,5.0,3.0,75.0,4 BHK,12500.0
Ready To Move,Wilson Garden,1680.0,3.0,3.0,135.0,3 BHK,8035.714285714285
Ready To Move,Jakkasandra Extension,990.0,2.0,2.0,58.0,2 BHK,5858.585858585859
Ready To Move,Uttarahalli,1380.0,2.0,1.0,42.0,2 BHK,3043.478260869565
Not Ready To Move,Hebbal,1088.0,2.0,2.0,62.0,2 BHK,5698.529411764706
Ready To Move,Harlur,1414.0,3.0,2.0,77.5,3 BHK,5480.905233380481
Ready To Move,Seshadripuram,1240.0,2.0,1.0,100.0,2 BHK,8064.5161290322585
Ready To Move,Ganesha Block,1810.0,3.0,3.0,118.0,3 BHK,6519.3370165745855
Not Ready To Move,4th Block Jayanagar,2005.0,3.0,2.0,240.0,3 BHK,11970.074812967581
Ready To Move,Kothanur,1185.0,2.0,2.0,58.0,2 BHK,4894.514767932489
Not Ready To Move,Whitefield,1200.0,3.0,2.0,57.15,3 BHK,4762.5
Ready To Move,Electronic City,1070.0,2.0,1.0,52.0,2 BHK,4859.813084112149
Ready To Move,Shikaripalya,1265.0,2.0,1.0,58.0,2 BHK,4584.98023715415
Ready To Move,Sahakara Nagar,1100.0,2.0,1.0,55.0,2 BHK,5000.0
Ready To Move,Friends Colony,1035.0,2.0,2.0,44.0,2 BHK,4251.207729468599
Ready To Move,2nd Block Jayanagar,1000.0,2.0,1.0,97.0,2 BHK,9700.0
Ready To Move,Hegde Nagar,1179.0,2.0,2.0,49.35,2 BHK,4185.750636132316
Ready To Move,Vittasandra,1650.0,3.0,1.0,84.0,3 BHK,5090.909090909091
Ready To Move,Nagaraja Garden,1430.0,3.0,1.0,78.65,3 BHK,5500.000000000001
Ready To Move,Marathahalli,1130.0,2.0,2.0,58.0,3 BHK,5132.743362831859
Ready To Move,JP Nagar,1850.0,2.0,2.0,110.0,3 BHK,5945.945945945946
Ready To Move,Hennur,1340.0,3.0,2.0,54.24,3 BHK,4047.7611940298507
Ready To Move,Nagawara Junction,600.0,2.0,0.0,30.0,2 BHK,5000.0
Ready To Move,Banashankari,2582.0,5.0,2.0,250.0,3 BHK,9682.416731216112
Ready To Move,Channasandra,1160.0,2.0,1.0,55.0,2 BHK,4741.379310344828
Ready To Move,Hegganahalli,1200.0,2.0,1.0,45.0,1 BHK,3750.0
Not Ready To Move,Rajanna Layout,1116.0,2.0,1.0,37.6,2 BHK,3369.1756272401435
Ready To Move,Nagarbhavi  BDA Complex,600.0,2.0,1.0,85.0,3 BHK,14166.666666666666
Ready To Move,Sarakki Nagar,2663.0,4.0,1.0,338.0,3 BHK,12692.452121667293
Ready To Move,Devasthanagalu,1090.0,2.0,2.0,45.0,2 BHK,4128.440366972477
Ready To Move,JP Nagar,1100.0,2.0,1.0,45.0,2 BHK,4090.909090909091
Not Ready To Move,Kammasandra,1365.0,2.0,1.0,34.13,3 BHK,2500.3663003663005
Not Ready To Move,Vijayanagar,1484.0,3.0,2.0,79.19,3 BHK,5336.253369272237
Ready To Move,Green Glen Layout,1630.0,3.0,2.0,68.0,3 BHK,4171.7791411042945
Not Ready To Move,Whitefield,1451.0,2.0,2.0,52.43,3 BHK,3613.370089593384
Not Ready To Move,Kanakpura Road,1330.0,2.0,1.0,107.0,2 BHK,8045.112781954887
Ready To Move,Thanisandra,2127.0,3.0,2.0,135.0,3 BHK,6346.967559943582
Ready To Move,Adityanagar,875.0,5.0,3.0,120.0,5 BHK,13714.285714285714
Ready To Move,Hallehalli,1260.0,4.0,2.0,65.0,4 BHK,5158.730158730159
Ready To Move,Sarjapur  Road,1173.0,2.0,2.0,45.75,3 BHK,3900.2557544757033
Ready To Move,Electronics City Phase 1,1445.0,2.0,1.0,56.0,3 BHK,3875.432525951557
Ready To Move,Jayamahal Extension,2250.0,4.0,1.0,400.0,4 BHK,17777.777777777777
Not Ready To Move,Bannerghatta Road,1500.0,4.0,2.0,239.0,3 BHK,15933.333333333334
Ready To Move,JP Nagar,1197.0,2.0,1.0,47.88,2 BHK,4000.0
Ready To Move,2nd Stage Nagarbhavi,1200.0,4.0,1.0,225.0,4 BHK,18750.0
Ready To Move,Sarjapur  Road,3930.0,7.0,2.0,329.0,5 BHK,8371.501272264632
Ready To Move,Kanakpura Road,1450.0,3.0,3.0,62.4,3 BHK,4303.448275862069
Ready To Move,Whitefield,1187.0,2.0,1.0,37.85,2 BHK,3188.7110362257795
Not Ready To Move,Channasandra,1050.0,2.0,2.0,41.0,2 BHK,3904.7619047619046
Not Ready To Move,Panathur,1370.0,2.0,2.0,54.8,3 BHK,4000.0
Ready To Move,Yelahanka,1036.0,2.0,2.0,39.37,2 BHK,3800.1930501930497
Not Ready To Move,JP Nagar,1275.0,3.0,2.0,41.2,3 BHK,3231.3725490196084
Ready To Move,Old Madras Road,2010.0,3.0,2.0,115.0,4 BHK,5721.393034825871
Ready To Move,Thigalarapalya,1418.0,2.0,2.0,106.0,2 BHK,7475.317348377997
Ready To Move,Thanisandra,1265.0,2.0,2.0,46.6,2 BHK,3683.794466403162
Ready To Move,Anandapura,1576.0,3.0,2.0,58.0,3 BHK,3680.203045685279
Ready To Move,Dodda Nekkundi,1148.0,2.0,1.0,56.0,2 BHK,4878.048780487805
Ready To Move,Green View Layout,1000.0,2.0,1.0,36.0,2 BHK,3600.0
Ready To Move,Kudlu,1293.0,2.0,2.0,85.0,3 BHK,6573.859242072699
Not Ready To Move,TC Palaya,1200.0,2.0,0.0,66.0,3 BHK,5500.0
Ready To Move,Munnekollal,1210.0,2.0,3.0,75.0,2 BHK,6198.347107438017
Ready To Move,HSR Layout,1126.0,2.0,1.0,69.0,2 BHK,6127.886323268206
Ready To Move,Sarakki Nagar,1840.0,4.0,1.0,175.0,3 BHK,9510.869565217392
Ready To Move,Vidyaranyapura,1440.0,2.0,0.0,70.0,3 BHK,4861.111111111111
Ready To Move,Ramamurthy Nagar,1300.0,2.0,2.0,52.0,3 BHK,4000.0
Ready To Move,Thanisandra,1276.0,2.0,2.0,75.0,2 BHK,5877.742946708464
Ready To Move,Whitefield,1216.0,2.0,1.0,83.0,2 BHK,6825.6578947368425
Not Ready To Move,Marenahalli,840.0,1.0,0.0,75.0,1 BHK,8928.57142857143
Ready To Move,Sector 1 HSR Layout,1240.0,5.0,3.0,300.0,5 BHK,24193.548387096773
Ready To Move,Sompura,1126.0,2.0,2.0,39.0,2 BHK,3463.587921847247
Not Ready To Move,Raja Rajeshwari Nagar,1162.0,2.0,0.0,65.0,2 BHK,5593.803786574871
Ready To Move,Whitefield,1301.0,2.0,2.0,65.0,2 BHK,4996.156802459646
Not Ready To Move,Devanahalli,658.0,1.0,1.0,34.0,1 BHK,5167.173252279636
Ready To Move,Sahakara Nagar,1350.0,3.0,1.0,250.0,3 BHK,18518.51851851852
Ready To Move,Whitefield,2500.0,3.0,2.0,280.0,3 BHK,11200.0
Ready To Move,Chandapura,1208.51,3.0,2.0,42.0,3 BHK,3475.3539482503247
Ready To Move,Raja Rajeshwari Nagar,1133.0,2.0,2.0,38.41,2 BHK,3390.114739629302
Ready To Move,Shettigere,1760.0,2.0,1.0,116.0,3 BHK,6590.909090909091
Ready To Move,Bisuvanahalli,1075.0,2.0,1.0,52.0,3 BHK,4837.209302325581
Ready To Move,Sarjapur,940.0,2.0,1.0,25.38,2 BHK,2700.0
Ready To Move,Badavala Nagar,1145.0,2.0,2.0,57.0,2 BHK,4978.1659388646285
Ready To Move,Rahat Bagh,3900.0,5.0,1.0,550.0,4 BHK,14102.564102564103
Ready To Move,Dasarahalli,1300.0,2.0,2.0,50.0,2 BHK,3846.153846153846
Ready To Move,Malleshwaram,2475.0,4.0,3.0,326.0,3 BHK,13171.717171717171
Ready To Move,6th Phase JP Nagar,2040.0,3.0,2.0,200.0,3 BHK,9803.921568627451
Ready To Move,Hosakerehalli,1200.0,1.0,0.0,150.0,1 BHK,12500.0
Ready To Move,Jigani,2420.0,4.0,1.0,190.0,4 BHK,7851.239669421488
Ready To Move,Thubarahalli,1216.0,2.0,1.0,80.0,2 BHK,6578.9473684210525
Ready To Move,Tumkur Road,1459.0,2.0,1.0,110.0,3 BHK,7539.410555174777
Ready To Move,Jakkur,1622.0,2.0,0.0,80.0,3 BHK,4932.182490752158
Ready To Move,Kanakpura Road,1843.0,3.0,2.0,85.0,3 BHK,4612.045577862181
Not Ready To Move,Badavala Nagar,1274.0,2.0,1.0,81.0,2 BHK,6357.9277864992155
Ready To Move,Chikkasandra,600.0,1.0,1.0,52.0,2 BHK,8666.666666666666
Ready To Move,Malleshpalya,1430.0,2.0,1.0,69.5,3 BHK,4860.1398601398605
Ready To Move,Kammanahalli,1800.0,2.0,0.0,280.0,4 BHK,15555.555555555555
Ready To Move,Begur Road,1565.0,2.0,2.0,57.91,3 BHK,3700.3194888178914
Ready To Move, Devarabeesana Halli,1670.0,3.0,2.0,160.0,3 BHK,9580.838323353293
Ready To Move,Lakshminarayana Pura,1695.0,3.0,2.0,150.0,3 BHK,8849.557522123894
Ready To Move,Akshayanagara West,1410.0,2.0,2.0,75.0,2 BHK,5319.148936170212
Ready To Move,Kengeri Satellite Town,1060.0,2.0,3.0,42.0,2 BHK,3962.264150943396
Ready To Move,Sarjapur  Road,1120.0,2.0,2.0,50.0,2 BHK,4464.285714285715
Ready To Move,Hosa Road,880.0,2.0,0.0,50.0,2 BHK,5681.818181818182
Not Ready To Move,Jalahalli,1083.0,2.0,1.0,32.49,2 BHK,3000.0
Ready To Move,Dodda Nekkundi,1435.0,3.0,3.0,57.2,3 BHK,3986.062717770035
Ready To Move,Doddakallasandra,1425.0,2.0,2.0,56.99,3 BHK,3999.2982456140353
Ready To Move,Arekere,900.0,2.0,3.0,50.0,2 BHK,5555.555555555556
Not Ready To Move,Escorts Colony,2400.0,5.0,2.0,93.0,5 BHK,3875.0
Not Ready To Move,Thanisandra,693.0,1.0,1.0,34.3,1 BHK,4949.494949494949
Ready To Move,Kengeri,600.0,3.0,1.0,90.0,3 BHK,15000.0
Not Ready To Move,Electronic City,2435.0,4.0,3.0,119.0,4 BHK,4887.063655030801
Not Ready To Move,Iblur Village,1920.0,3.0,2.0,150.0,3 BHK,7812.5
Not Ready To Move,Electronic City,630.0,1.0,1.0,47.0,1 BHK,7460.31746031746
Ready To Move,Bisuvanahalli,1075.0,2.0,1.0,50.0,3 BHK,4651.162790697675
Ready To Move,Hulimavu,1200.0,5.0,0.0,101.0,5 BHK,8416.666666666666
Ready To Move,Nagavarapalya,705.0,1.0,1.0,55.0,1 BHK,7801.418439716312
Not Ready To Move,Srinivasa Nagar,1200.0,2.0,2.0,75.6,3 BHK,6299.999999999999
Ready To Move,Mahadevpura,1532.0,2.0,2.0,62.0,2 BHK,4046.9973890339425
Ready To Move,Rajiv Nagar,1330.0,2.0,1.0,93.0,2 BHK,6992.481203007519
Ready To Move,3rd Block Hrbr Layout,1200.0,3.0,1.0,210.0,4 BHK,17500.0
Ready To Move,Sarjapur  Road,1530.0,2.0,2.0,60.0,3 BHK,3921.5686274509803
Ready To Move,Kasavanhalli,1105.0,2.0,2.0,42.0,2 BHK,3800.9049773755655
Ready To Move,1st Phase JP Nagar,1566.0,2.0,0.0,180.0,2 BHK,11494.252873563219
Not Ready To Move,Harlur,1630.0,3.0,1.0,95.1,3 BHK,5834.355828220859
Ready To Move,5th Phase JP Nagar,1256.0,2.0,1.0,62.8,2 BHK,5000.0
Ready To Move,Brookefield,1595.0,2.0,3.0,75.0,3 BHK,4702.194357366771
Ready To Move,7th Phase JP Nagar,1000.0,2.0,2.0,53.0,2 BHK,5300.0
Ready To Move,Poorna Pragna Layout,1475.0,2.0,2.0,58.99,3 BHK,3999.322033898305
Not Ready To Move,"asha township, off hennur road",2400.0,5.0,3.0,285.0,5 BHK,11875.0
Not Ready To Move,Electronic City Phase II,1000.0,2.0,1.0,28.88,2 BHK,2888.0
Ready To Move,1A Block Koramangala,2360.0,4.0,1.0,650.0,4 BHK,27542.372881355932
Ready To Move,Uttarahalli,1737.0,2.0,3.0,95.0,3 BHK,5469.199769717904
Not Ready To Move,Electronic City Phase II,1000.0,2.0,1.0,28.88,2 BHK,2888.0
Ready To Move,Near International Airport,2100.0,4.0,2.0,150.0,4 BHK,7142.857142857143
Ready To Move,Mysore Road,883.0,2.0,1.0,50.0,2 BHK,5662.5141562853905
Ready To Move,Haralur Road,1243.0,2.0,2.0,46.0,2 BHK,3700.7240547063557
Ready To Move,BTM Layout,1776.0,2.0,3.0,75.0,3 BHK,4222.972972972973
Not Ready To Move,Anjanapura,1347.0,2.0,1.0,37.72,3 BHK,2800.2969561989607
Ready To Move,Whitefield,1330.0,2.0,2.0,55.0,3 BHK,4135.338345864661
Ready To Move,Sector 1 HSR Layout,600.0,2.0,1.0,120.0,2 BHK,20000.0
Ready To Move,Rajaji Nagar,3730.0,4.0,3.0,370.0,4 BHK,9919.571045576407
Ready To Move,Harlur,1459.0,3.0,2.0,135.0,3 BHK,9252.912954078136
Not Ready To Move,Thanisandra,2259.0,5.0,2.0,135.0,4 BHK,5976.095617529881
Ready To Move,Gubbalala,1008.0,2.0,2.0,32.25,2 BHK,3199.404761904762
Ready To Move,NTI Layout,1200.0,2.0,2.0,52.5,2 BHK,4375.0
Not Ready To Move,Vasanth nagar,2328.0,4.0,1.0,528.0,4 BHK,22680.41237113402
Ready To Move,Electronic City,660.0,1.0,1.0,15.5,2 BHK,2348.4848484848485
Ready To Move,Rajaji Nagar,1800.0,2.0,2.0,250.0,3 BHK,13888.888888888889
Ready To Move,Rajaji Nagar,3100.0,4.0,3.0,550.0,4 BHK,17741.935483870966
Not Ready To Move,Yelahanka,602.0,1.0,1.0,26.0,1 BHK,4318.936877076412
Ready To Move,Marathahalli,1710.0,3.0,2.0,100.0,3 BHK,5847.953216374269
Ready To Move,JP Nagar,1500.0,2.0,3.0,82.0,3 BHK,5466.666666666667
Ready To Move,Glass Factory Layout,1539.0,3.0,2.0,60.0,3 BHK,3898.635477582846
Not Ready To Move,Judicial Layout,1100.0,2.0,1.0,53.0,3 BHK,4818.181818181818
Ready To Move,Raja Rajeshwari Nagar,1151.0,2.0,1.0,49.0,2 BHK,4257.167680278019
Ready To Move,Dasappa Layout,920.0,2.0,1.0,46.0,2 BHK,5000.0
Ready To Move,Kathriguppe,1350.0,3.0,3.0,78.3,3 BHK,5800.0
Ready To Move,Bannerghatta Road,1200.0,2.0,2.0,65.0,2 BHK,5416.666666666667
Ready To Move,Thanisandra,1265.0,2.0,1.0,78.0,2 BHK,6166.00790513834
Not Ready To Move,Sarjapur  Road,1700.0,3.0,2.0,93.5,3 BHK,5500.0
Ready To Move,Ramamurthy Nagar,1600.0,3.0,0.0,75.0,3 BHK,4687.5
Ready To Move,4th T block Jayanagar,1550.0,4.0,1.0,120.0,4 BHK,7741.935483870968
Ready To Move,R.T. Nagar,1560.0,3.0,3.0,125.0,3 BHK,8012.820512820513
Ready To Move,Haralur Road,1243.0,2.0,2.0,46.0,2 BHK,3700.7240547063557
Ready To Move,Raja Rajeshwari Nagar,1200.0,4.0,1.0,160.0,4 BHK,13333.333333333334
Ready To Move,Sarjapur  Road,1403.0,3.0,1.0,56.0,3 BHK,3991.4468995010693
Ready To Move,Doddakallasandra,1010.0,2.0,1.0,40.39,2 BHK,3999.009900990099
Ready To Move,Tumkur Road,1416.0,3.0,1.0,94.0,3 BHK,6638.418079096045
Ready To Move,Kanakpura Road,1628.0,2.0,2.0,68.0,2 BHK,4176.904176904177
Ready To Move,Chamrajpet,1660.4,4.0,2.0,211.0,4 BHK,12707.781257528306
Ready To Move,7th Phase JP Nagar,1680.0,3.0,2.0,125.0,3 BHK,7440.476190476191
Ready To Move,Doddathoguru,1595.0,3.0,3.0,62.0,3 BHK,3887.1473354231975
Ready To Move,Kanakpura Road,1507.0,2.0,3.0,95.0,3 BHK,6303.9150630391505
Ready To Move,Frazer Town,2560.0,3.0,2.0,288.0,3 BHK,11250.0
Ready To Move,Hennur Road,1949.0,3.0,1.0,133.0,3 BHK,6824.012314007183
Ready To Move,BTM 2nd Stage,800.0,2.0,1.0,175.0,2 BHK,21875.0
Not Ready To Move,Electronic City Phase II,1000.0,2.0,1.0,28.88,2 BHK,2888.0
Not Ready To Move,Sonam Layout,905.0,2.0,1.0,50.0,2 BHK,5524.861878453039
Ready To Move,Hosakerehalli,2480.0,3.0,2.0,245.0,3 BHK,9879.032258064517
Ready To Move,CR Layout,1495.0,3.0,2.0,200.0,3 BHK,13377.926421404682
Ready To Move,Kaikondrahalli,1605.0,3.0,3.0,105.0,3 BHK,6542.056074766355
Ready To Move,Bommanahalli,1290.0,2.0,1.0,73.0,2 BHK,5658.914728682171
Ready To Move,Yelahanka,1100.0,2.0,1.0,60.0,2 BHK,5454.545454545455
Ready To Move,Electronics City Phase 1,995.0,2.0,1.0,49.8,2 BHK,5005.025125628141
Ready To Move,Banashankari Stage II,500.0,2.0,1.0,55.0,2 BHK,11000.0
Ready To Move,Rajaji Nagar,3526.0,4.0,3.0,598.0,4 BHK,16959.727736812252
Ready To Move,Gottigere,1425.0,2.0,2.0,47.0,3 BHK,3298.245614035088
Ready To Move,BTM 4th Stage,1455.0,2.0,2.0,55.0,3 BHK,3780.0687285223366
Ready To Move,Jalahalli West,550.0,1.0,1.0,23.0,1 BHK,4181.818181818182
Ready To Move,Uttarahalli,1385.0,2.0,2.0,48.48,3 BHK,3500.361010830325
Ready To Move,Vishveshwarya Layout,7000.0,4.0,2.0,210.0,4 BHK,3000.0
Ready To Move,Srinivasa Nagar,4000.0,3.0,0.0,130.0,5 BHK,3250.0
Not Ready To Move,Gollahalli,1060.0,2.0,1.0,53.0,2 BHK,5000.0
Ready To Move,AGS Layout,1080.0,2.0,2.0,75.0,3 BHK,6944.444444444444
Ready To Move,HBR Layout,1783.0,3.0,2.0,125.0,3 BHK,7010.656197420079
Not Ready To Move,Haralur Road,1520.0,2.0,2.0,90.0,3 BHK,5921.0526315789475
Ready To Move,Sarjapur  Road,1060.0,2.0,1.0,55.0,2 BHK,5188.679245283019
Ready To Move,Raja Rajeshwari Nagar,1267.0,2.0,1.0,54.35,2 BHK,4289.6606156274665
Ready To Move,Whitefield,1155.0,2.0,2.0,55.0,2 BHK,4761.9047619047615
Ready To Move,Karuna Nagar,2500.0,3.0,2.0,180.0,3 BHK,7200.0
Ready To Move,Bannerghatta Road,1240.0,2.0,1.0,65.0,2 BHK,5241.935483870968
Ready To Move,Gollahalli,1570.0,3.0,2.0,78.0,3 BHK,4968.152866242038
Ready To Move,NGR Layout,1019.0,2.0,1.0,45.9,2 BHK,4504.41609421001
Ready To Move,Whitefield,1355.0,3.0,3.0,76.0,2 BHK,5608.856088560886
Ready To Move,Arekempanahalli,1537.0,3.0,2.0,110.0,3 BHK,7156.79895901106
Ready To Move,Whitefield,4075.0,5.0,3.0,226.0,4 BHK,5546.01226993865
Ready To Move,Raja Rajeshwari Nagar,1550.0,3.0,3.0,52.45,3 BHK,3383.8709677419356
Ready To Move,Raja Rajeshwari Nagar,1100.0,2.0,1.0,50.0,2 BHK,4545.454545454545
Ready To Move, Devarabeesana Halli,1750.0,3.0,2.0,150.0,3 BHK,8571.42857142857
Not Ready To Move,9th Phase JP Nagar,1466.0,2.0,2.0,71.0,2 BHK,4843.110504774898
Ready To Move,Rachenahalli,1550.0,3.0,2.0,72.5,3 BHK,4677.419354838709
Ready To Move,Akshaya Nagar,2300.0,4.0,3.0,102.0,3 BHK,4434.782608695652
Not Ready To Move,Kengeri,540.0,1.0,1.0,22.5,1 BHK,4166.666666666667
Ready To Move,8th Phase JP Nagar,950.0,3.0,2.0,130.0,3 BHK,13684.21052631579
Ready To Move,Silk Board,1020.0,2.0,3.0,48.0,2 BHK,4705.882352941177
Ready To Move,Cunningham Road,2880.0,3.0,2.0,501.0,3 BHK,17395.833333333332
Ready To Move,Hebbal,1987.0,4.0,2.0,165.0,3 BHK,8303.975842979366
Ready To Move,Hoodi,1305.0,2.0,1.0,75.0,2 BHK,5747.126436781609
Ready To Move,Sarjapur,2100.0,3.0,1.0,125.0,4 BHK,5952.380952380952
Not Ready To Move,Electronic City,1125.0,2.0,1.0,32.5,2 BHK,2888.8888888888887
Ready To Move,Horamavu Banaswadi,1225.0,2.0,2.0,49.5,2 BHK,4040.816326530612
Ready To Move,Hennur,1255.0,2.0,1.0,55.5,2 BHK,4422.310756972111
Ready To Move,MRCR Layout,1191.0,2.0,1.0,90.0,2 BHK,7556.675062972292
Not Ready To Move,Electronic City,1165.0,2.0,1.0,33.64,2 BHK,2887.5536480686696
Not Ready To Move,Kacharakanahalli,865.0,2.0,1.0,35.11,2 BHK,4058.9595375722542
Ready To Move,Nagarbhavi,1850.0,2.0,2.0,88.0,3 BHK,4756.756756756757
Ready To Move,Marsur,497.0,1.0,1.0,17.0,2 BHK,3420.523138832998
Not Ready To Move,Hennur Road,1232.0,2.0,2.0,89.0,2 BHK,7224.025974025974
Not Ready To Move,Thanisandra,1732.0,3.0,3.0,85.73,3 BHK,4949.769053117783
Ready To Move,Yelahanka,1614.0,2.0,1.0,100.0,3 BHK,6195.786864931846
Ready To Move,Magadi Road,600.0,1.0,1.0,22.0,2 BHK,3666.6666666666665
Ready To Move,Thigalarapalya,2072.0,4.0,2.0,155.0,3 BHK,7480.694980694981
Ready To Move,Electronic City,919.0,2.0,2.0,34.0,2 BHK,3699.6735582154515
Ready To Move,Shettihalli,2100.0,4.0,1.0,90.0,4 BHK,4285.714285714285
Ready To Move,Shampura,672.0,3.0,1.0,54.0,4 BHK,8035.714285714285
Ready To Move,Marsur,1200.0,3.0,1.0,150.0,3 BHK,12500.0
Ready To Move,OLd Gurappanapalya,2849.0,5.0,2.0,250.0,4 BHK,8775.008775008775
Ready To Move,Doctors Layout,1000.0,2.0,2.0,42.0,2 BHK,4200.0
Ready To Move,Whitefield,1216.0,2.0,1.0,75.0,2 BHK,6167.763157894737
Ready To Move,Lingadheeranahalli,2245.0,4.0,2.0,154.0,4 BHK,6859.688195991092
Not Ready To Move,Bannerghatta Road,1476.0,3.0,1.0,125.0,3 BHK,8468.834688346884
Ready To Move,Ambedkar Nagar,1852.0,3.0,2.0,130.0,3 BHK,7019.438444924406
Not Ready To Move,Udaya Nagar,1225.0,2.0,2.0,47.0,2 BHK,3836.734693877551
Ready To Move,Panathur,1597.0,3.0,1.0,67.12,3 BHK,4202.880400751409
Not Ready To Move,Jakkur,2423.0,4.0,3.0,160.0,3 BHK,6603.38423442014
Not Ready To Move,Marathahalli,1152.0,2.0,1.0,90.0,2 BHK,7812.5
Ready To Move,Harlur,1762.0,3.0,2.0,133.0,3 BHK,7548.240635641317
Ready To Move,Kammasandra,1400.0,3.0,2.0,92.0,3 BHK,6571.428571428572
Ready To Move,Rachenahalli,1530.0,2.0,2.0,74.4,3 BHK,4862.745098039216
Ready To Move,Raja Rajeshwari Nagar,1185.0,2.0,2.0,40.17,2 BHK,3389.8734177215188
Not Ready To Move,Yelahanka,1890.0,3.0,2.0,108.0,3 BHK,5714.285714285715
Ready To Move,Varthur Road,1247.0,2.0,2.0,58.0,3 BHK,4651.162790697675
Ready To Move,Bellandur,1201.0,2.0,2.0,59.99,2 BHK,4995.004163197335
Not Ready To Move,Gunjur Palya,830.0,2.0,2.0,40.0,2 BHK,4819.277108433735
Not Ready To Move,Electronic City Phase II,1165.0,2.0,1.0,30.29,2 BHK,2600.0
Ready To Move,Bommanahalli,1100.0,1.0,2.0,55.0,2 BHK,5000.0
Ready To Move,9th Phase JP Nagar,1890.0,2.0,2.0,93.0,3 BHK,4920.6349206349205
Ready To Move,Maithri Layout,1685.0,3.0,2.0,60.0,3 BHK,3560.8308605341244
Ready To Move,Sarakki Nagar,3131.0,4.0,3.0,349.0,4 BHK,11146.598530820824
Ready To Move,Battarahalli,1165.0,2.0,1.0,43.0,2 BHK,3690.987124463519
Ready To Move,Kachanayakanahalli,827.0,2.0,1.0,45.0,2 BHK,5441.354292623942
Ready To Move,Gangondanahalli,396.0,2.0,0.0,48.0,3 BHK,12121.212121212122
Ready To Move,Uttarahalli,1200.0,4.0,3.0,179.0,4 BHK,14916.666666666666
Ready To Move,Electronics City Phase 1,635.0,1.0,0.0,26.0,1 BHK,4094.488188976378
Ready To Move,Whitefield,4000.0,4.0,3.0,380.0,4 BHK,9500.0
Ready To Move,Vishwanatha Nagenahalli,1050.0,2.0,1.0,50.0,2 BHK,4761.9047619047615
Ready To Move,D Group Employees Layout,600.0,4.0,3.0,76.0,5 BHK,12666.666666666666
Not Ready To Move,Jakkur,1819.18,3.0,2.0,168.0,3 BHK,9234.930023417144
Ready To Move,Kanakapura,1500.0,3.0,3.0,125.0,3 BHK,8333.333333333334
Ready To Move,Yelenahalli,1500.0,2.0,2.0,57.0,3 BHK,3800.0
Ready To Move,Benson Town,2850.0,4.0,3.0,470.0,3 BHK,16491.22807017544
Ready To Move,Raja Rajeshwari Nagar,1751.0,3.0,3.0,72.0,3 BHK,4111.936036550543
Not Ready To Move,Vasanth nagar,4750.0,6.0,1.0,1102.0,4 BHK,23200.0
Not Ready To Move,Bommasandra,1020.0,2.0,1.0,40.89,2 BHK,4008.823529411765
Ready To Move,Thanisandra,1148.0,2.0,1.0,43.5,2 BHK,3789.198606271777
Not Ready To Move,Talaghattapura,1856.0,3.0,2.0,135.0,3 BHK,7273.706896551724
Ready To Move,2nd Block Hrbr Layout,4273.0,3.0,2.0,1100.0,3 BHK,25743.037678446057
Ready To Move,B Narayanapura,1060.0,2.0,1.0,49.27,2 BHK,4648.11320754717
Ready To Move,Haralur Road,1300.0,2.0,2.0,60.0,2 BHK,4615.384615384615
Ready To Move,Hormavu,3000.0,4.0,0.0,100.0,4 BHK,3333.3333333333335
Ready To Move,Bellandur,1325.0,2.0,2.0,65.0,2 BHK,4905.66037735849
Ready To Move,Sai Gardens,1261.0,2.0,2.0,61.0,2 BHK,4837.430610626487
Ready To Move,Manayata Tech Park,1100.0,2.0,2.0,46.0,2 BHK,4181.818181818182
Ready To Move,Ramamurthy Nagar,700.0,2.0,1.0,33.0,2 BHK,4714.285714285715
Ready To Move,7th Phase JP Nagar,1675.0,2.0,2.0,135.0,3 BHK,8059.701492537313
Ready To Move,Ullal Road,3400.0,4.0,2.0,190.0,4 BHK,5588.235294117647
Not Ready To Move,Kodihalli,3260.0,5.0,3.0,388.0,4 BHK,11901.840490797545
Ready To Move,Doddakammanahalli,1180.0,2.0,2.0,56.0,2 BHK,4745.762711864407
Ready To Move,Uttarahalli,1160.0,2.0,2.0,45.0,2 BHK,3879.310344827586
Ready To Move,Kasavanhalli,1863.0,3.0,2.0,105.0,4 BHK,5636.070853462158
Ready To Move,Sahakara Nagar,1914.0,3.0,2.0,149.0,3 BHK,7784.743991640544
Ready To Move,BTM Layout,1458.0,3.0,2.0,79.0,3 BHK,5418.38134430727
Ready To Move,Thirumenahalli,1200.0,4.0,2.0,115.0,5 BHK,9583.333333333334
Ready To Move,Babusapalaya,1105.0,2.0,1.0,40.0,2 BHK,3619.9095022624433
Ready To Move,Hulimavu,3035.0,5.0,3.0,220.0,3 BHK,7248.764415156507
Ready To Move,Akshaya Nagar,1662.0,3.0,2.0,90.0,3 BHK,5415.162454873646
Ready To Move,Yelahanka,1556.0,3.0,2.0,86.0,3 BHK,5526.9922879177375
Ready To Move,Jigani,918.0,2.0,2.0,50.0,2 BHK,5446.623093681917
Ready To Move,Sarjapur  Road,1455.0,2.0,1.0,98.0,3 BHK,6735.395189003437
Ready To Move,Jakkasandra Extension,1205.0,2.0,1.0,70.0,2 BHK,5809.128630705394
Ready To Move,BEML Layout,1194.0,2.0,1.0,65.0,2 BHK,5443.886097152429
Ready To Move,Laggere,1200.0,2.0,0.0,75.0,2 BHK,6250.0
Ready To Move,Bannerghatta Road,1100.0,2.0,2.0,52.0,3 BHK,4727.272727272727
Ready To Move,Sarjapur  Road,1405.0,3.0,2.0,48.87,3 BHK,3478.291814946619
Ready To Move,Subramanyapura,929.0,2.0,1.0,56.0,2 BHK,6027.9870828848225
Ready To Move,Frazer Town,3436.0,5.0,2.0,341.0,4 BHK,9924.330616996507
Ready To Move,7th Phase JP Nagar,1035.0,2.0,1.0,39.33,2 BHK,3800.0
Ready To Move,8th Phase JP Nagar,2100.0,4.0,3.0,92.0,4 BHK,4380.952380952381
Not Ready To Move,Channasandra,1065.0,2.0,1.0,40.47,2 BHK,3800.0
Ready To Move,Hullahalli,1200.0,5.0,2.0,99.0,5 BHK,8250.0
Not Ready To Move,Hormavu,1093.0,2.0,1.0,32.78,2 BHK,2999.085086916743
Ready To Move,Anandapura,1250.0,2.0,2.0,45.0,2 BHK,3600.0
Ready To Move,Marathahalli,1680.0,3.0,3.0,105.0,3 BHK,6250.0
Ready To Move,Nagarbhavi,1146.0,2.0,1.0,50.0,2 BHK,4363.001745200698
Not Ready To Move,Jagajyothi layout,1250.0,2.0,3.0,58.0,2 BHK,4640.0
Not Ready To Move,Ramagondanahalli,1451.0,3.0,1.0,60.44,3 BHK,4165.40317022743
Ready To Move,Nobo Nagar,1424.0,2.0,3.0,55.0,3 BHK,3862.3595505617977
Ready To Move,Gottigere,1435.0,2.0,3.0,62.0,3 BHK,4320.557491289199
Not Ready To Move,Devanahalli,658.0,1.0,0.0,26.91,1 BHK,4089.665653495441
Not Ready To Move,Bommanahalli,1300.0,3.0,2.0,45.0,3 BHK,3461.5384615384614
Ready To Move,Whitefield,1242.0,2.0,2.0,65.0,2 BHK,5233.494363929147
Ready To Move,Marathahalli,1910.0,3.0,3.0,119.0,3 BHK,6230.366492146597
Ready To Move,Yelahanka,1610.0,4.0,2.0,85.0,3 BHK,5279.503105590062
Ready To Move,Hulimavu,1127.0,2.0,1.0,65.0,2 BHK,5767.524401064774
Ready To Move,Yelahanka,1075.0,2.0,1.0,42.0,3 BHK,3906.9767441860463
Ready To Move,Mysore Road,1155.0,2.0,1.0,51.0,2 BHK,4415.584415584415
Ready To Move,Lakkasandra Extension,1280.0,3.0,1.0,250.0,5 BHK,19531.25
Ready To Move,Krishna Reddy Layout,1250.0,3.0,1.0,55.0,3 BHK,4400.0
Not Ready To Move,Kuvempu Layout,2200.0,4.0,2.0,160.0,3 BHK,7272.727272727273
Ready To Move,Billekahalli,2400.0,3.0,1.0,150.0,3 BHK,6250.0
Ready To Move,Chandapura,876.0,2.0,2.0,29.5,2 BHK,3367.5799086757993
Ready To Move,Nagarbhavi,1850.0,2.0,2.0,89.0,3 BHK,4810.810810810811
Not Ready To Move,Kadugodi,1314.0,2.0,3.0,83.0,2 BHK,6316.590563165905
Not Ready To Move,Rachenahalli,690.0,1.0,1.0,39.8,1 BHK,5768.115942028985
Ready To Move,Srirampura,1230.0,2.0,3.0,55.0,2 BHK,4471.544715447155
Not Ready To Move,Bommasandra,920.0,2.0,1.0,37.2,2 BHK,4043.478260869566
Ready To Move,Sarjapur  Road,1850.0,3.0,3.0,140.0,3 BHK,7567.5675675675675
Ready To Move,Electronic City,1073.0,2.0,2.0,60.0,2 BHK,5591.798695246971
Ready To Move,Maithri Layout,1540.0,3.0,3.0,76.0,3 BHK,4935.064935064935
Ready To Move,Kanakpura Road,1550.0,3.0,3.0,63.5,3 BHK,4096.774193548387
Ready To Move,Kalyan nagar,1198.0,2.0,1.0,65.0,2 BHK,5425.709515859767
Ready To Move,HBR Layout,1656.0,3.0,2.0,90.0,3 BHK,5434.782608695652
Ready To Move,Kaveri Nagar,1900.0,3.0,3.0,155.0,3 BHK,8157.894736842105
Ready To Move,Ramagondanahalli,1910.0,3.0,2.0,142.0,3 BHK,7434.55497382199
Ready To Move,Mysore Road,1003.0,2.0,1.0,43.0,2 BHK,4287.138584247258
Ready To Move,Whitefield,1495.0,2.0,2.0,67.0,3 BHK,4481.605351170569
Not Ready To Move,Thanisandra,2172.0,3.0,2.0,76.02,3 BHK,3500.0
Ready To Move,Sarakki Nagar,2400.0,4.0,2.0,358.0,4 BHK,14916.666666666666
Ready To Move,T G extension,1200.0,1.0,2.0,95.0,2 BHK,7916.666666666667
Ready To Move,Whitefield,1548.0,3.0,1.0,65.0,3 BHK,4198.966408268734
Not Ready To Move,Hosur Road,1689.0,3.0,1.0,103.0,3 BHK,6098.283007696862
Ready To Move,Electronic City Phase II,1031.0,2.0,1.0,53.0,2 BHK,5140.640155189137
Not Ready To Move,Bhoganhalli,2119.0,4.0,2.0,111.0,4 BHK,5238.319962246343
Not Ready To Move,Whitefield,1200.0,2.0,2.0,46.13,2 BHK,3844.1666666666665
Ready To Move,JCR Layout,1060.0,2.0,2.0,37.0,2 BHK,3490.566037735849
Ready To Move,Devi Nagar,1100.0,2.0,1.0,61.0,2 BHK,5545.454545454545
Ready To Move,GKW Layout,1350.0,4.0,2.0,225.0,4 BHK,16666.666666666668
Ready To Move,Gandhi Nagar,1050.0,4.0,1.0,80.0,5 BHK,7619.047619047619
Ready To Move,Hennur Road,1250.0,2.0,1.0,77.88,3 BHK,6230.4
Not Ready To Move,8th Block Jayanagar,1100.0,2.0,2.0,110.0,2 BHK,10000.0
Not Ready To Move,Whitefield,1200.0,2.0,1.0,46.13,2 BHK,3844.1666666666665
Ready To Move,Seegehalli,1420.0,2.0,2.0,46.0,3 BHK,3239.43661971831
Not Ready To Move,Electronic City,1500.0,2.0,1.0,78.0,3 BHK,5200.0
Ready To Move,OLd Gurappanapalya,1942.0,3.0,1.0,155.0,3 BHK,7981.462409886714
Not Ready To Move,Haralur Road,1985.0,3.0,2.0,130.0,3 BHK,6549.11838790932
Not Ready To Move,Sarjapur  Road,950.0,1.0,0.0,39.9,1 BHK,4200.0
Ready To Move,AMS Layout,1200.0,4.0,2.0,80.0,3 BHK,6666.666666666667
Ready To Move,Green Glen Layout,1752.0,3.0,2.0,105.0,3 BHK,5993.1506849315065
Ready To Move,Abbigere,1200.0,3.0,2.0,120.0,4 BHK,10000.0
Ready To Move,Mahalakshmi Layout,1200.0,5.0,1.0,200.0,5 BHK,16666.666666666668
Ready To Move,Old Madras Road,1480.0,2.0,2.0,84.0,3 BHK,5675.675675675676
Ready To Move,Jnana Ganga Nagar,600.0,4.0,1.0,81.0,3 BHK,13500.0
Ready To Move,Sarjapur  Road,1826.0,3.0,2.0,130.0,3 BHK,7119.386637458927
Ready To Move,8th Phase JP Nagar,1035.0,2.0,1.0,39.33,2 BHK,3800.0
Ready To Move,Sarjapur  Road,2600.0,4.0,2.0,98.0,4 BHK,3769.230769230769
Ready To Move,Kasavanhalli,1667.0,3.0,2.0,92.0,3 BHK,5518.896220755849
Ready To Move,Thanisandra,934.0,2.0,2.0,55.0,2 BHK,5888.650963597431
Ready To Move,Mahadevpura,1620.0,2.0,1.0,76.0,3 BHK,4691.358024691358
Not Ready To Move,Electronic City,1070.0,2.0,1.0,47.0,2 BHK,4392.523364485981
Ready To Move,Hosur Road,3600.0,5.0,3.0,180.0,5 BHK,5000.0
Not Ready To Move,Uttarahalli,1280.0,2.0,2.0,60.0,3 BHK,4687.5
Ready To Move,rr nagar,1400.0,2.0,2.0,60.0,2 BHK,4285.714285714285
Ready To Move,"Varthur Road, ",1330.0,2.0,1.0,64.0,2 BHK,4812.0300751879695
Not Ready To Move,Balagere,1012.0,2.0,1.0,54.59,2 BHK,5394.268774703557
Not Ready To Move,Electronic City Phase II,1611.0,2.0,2.0,48.33,3 BHK,3000.0
Ready To Move,Whitefield,1405.0,3.0,2.0,58.0,3 BHK,4128.113879003558
Ready To Move,VGP Layout,1515.0,3.0,3.0,90.0,3 BHK,5940.59405940594
Ready To Move,Thigalarapalya,1830.0,4.0,2.0,150.0,3 BHK,8196.72131147541
Ready To Move,Kaggadasapura,1710.0,3.0,0.0,60.0,3 BHK,3508.7719298245615
Ready To Move,BTM Layout,935.0,2.0,1.0,51.5,2 BHK,5508.0213903743315
Not Ready To Move,Jakkur,2197.0,3.0,2.0,136.0,3 BHK,6190.259444697314
Ready To Move,TC Palaya,600.0,4.0,0.0,65.0,4 BHK,10833.333333333334
Ready To Move,Yeshwanthpur,1678.0,3.0,2.0,92.13,3 BHK,5490.464839094159
Ready To Move,Brookefield,1410.0,2.0,0.0,80.0,3 BHK,5673.758865248227
Ready To Move,Jakkur,1125.0,2.0,2.0,65.0,2 BHK,5777.777777777777
Ready To Move,Magadi Road,1191.0,2.0,1.0,55.38,3 BHK,4649.8740554156175
Ready To Move,Thubarahalli,1200.0,2.0,2.0,79.0,2 BHK,6583.333333333333
Ready To Move,CV Raman Nagar,1525.0,2.0,3.0,67.0,3 BHK,4393.44262295082
Ready To Move,KUDLU MAIN ROAD,1464.0,3.0,3.0,56.0,3 BHK,3825.136612021858
Not Ready To Move,Seegehalli,920.0,2.0,1.0,27.0,2 BHK,2934.782608695652
Ready To Move,Yelahanka,651.0,1.0,1.0,17.5,1 BHK,2688.1720430107525
Ready To Move,Chikkabanavar,600.0,1.0,2.0,25.0,2 BHK,4166.666666666667
Not Ready To Move,Chandapura,645.0,1.0,1.0,16.45,1 BHK,2550.3875968992247
Ready To Move,Thanisandra,1185.0,2.0,2.0,44.0,2 BHK,3713.0801687763715
Not Ready To Move,Electronics City Phase 1,1190.0,2.0,1.0,68.0,2 BHK,5714.285714285715
Ready To Move,Whitefield,1355.0,2.0,3.0,73.0,2 BHK,5387.453874538745
Ready To Move,KR Puram,1200.0,1.0,0.0,65.0,2 BHK,5416.666666666667
Ready To Move,Kundalahalli,7000.0,4.0,3.0,550.0,4 BHK,7857.142857142857
Ready To Move,Yelahanka New Town,500.0,2.0,1.0,24.0,1 BHK,4800.0
Ready To Move,Bommasandra Industrial Area,1250.0,3.0,3.0,50.0,3 BHK,4000.0
Ready To Move,Uttarahalli,1480.0,2.0,1.0,58.0,3 BHK,3918.9189189189187
Ready To Move,Ambalipura,3300.0,4.0,2.0,329.0,4 BHK,9969.69696969697
Ready To Move,Green Woods Layout,1206.0,2.0,1.0,53.0,2 BHK,4394.69320066335
Not Ready To Move,Rajaji Nagar,1357.0,2.0,1.0,130.0,2 BHK,9579.955784819454
Ready To Move,Hosakerehalli,925.0,2.0,1.0,46.5,2 BHK,5027.027027027027
Ready To Move,8th Phase JP Nagar,909.0,2.0,1.0,40.9,2 BHK,4499.4499449945
Ready To Move,Seegehalli,3000.0,5.0,2.0,335.0,3 BHK,11166.666666666666
Ready To Move,Brookefield,1100.0,2.0,1.0,55.0,2 BHK,5000.0
Not Ready To Move,Malleshwaram,3000.0,5.0,2.0,815.0,4 BHK,27166.666666666668
Ready To Move,Vidyaranyapura,1100.0,2.0,1.0,54.0,2 BHK,4909.090909090909
Ready To Move,Subramanyapura,975.0,2.0,1.0,65.0,2 BHK,6666.666666666667
Ready To Move,Raja Rajeshwari Nagar,1306.0,2.0,2.0,44.17,2 BHK,3382.08269525268
Ready To Move,Roopena Agrahara,1200.0,4.0,1.0,95.0,4 BHK,7916.666666666667
Ready To Move,Kalena Agrahara,610.0,1.0,1.0,39.0,1 BHK,6393.44262295082
Ready To Move,Yelahanka,1484.0,2.0,2.0,56.4,3 BHK,3800.5390835579515
Not Ready To Move,Ramamurthy Nagar,1125.0,2.0,1.0,47.0,2 BHK,4177.777777777777
Not Ready To Move,Bhoganhalli,1447.0,2.0,1.0,75.97,2 BHK,5250.172771250864
Not Ready To Move,Whitefield,2882.0,5.0,1.0,158.0,4 BHK,5482.303955586398
Ready To Move,Vidyaranyapura,750.0,4.0,0.0,88.0,4 BHK,11733.333333333334
Ready To Move,Kundalahalli,2075.0,3.0,1.0,115.0,3 BHK,5542.168674698795
Ready To Move,Stage-4 Bommanahalli,1250.0,2.0,1.0,58.0,2 BHK,4640.0
Ready To Move,Horamavu Banaswadi,1272.0,2.0,2.0,51.5,2 BHK,4048.7421383647797
Ready To Move,Banashankari Stage II,1050.0,3.0,2.0,125.0,4 BHK,11904.761904761905
Not Ready To Move,Venkateshpuram,625.0,2.0,1.0,24.0,2 BHK,3840.0
Ready To Move,1st Phase JP Nagar,840.0,2.0,2.0,50.0,1 BHK,5952.380952380952
Ready To Move,Hennur Road,2502.0,4.0,2.0,180.0,4 BHK,7194.244604316546
Ready To Move,Rayasandra,583.0,1.0,1.0,26.9,1 BHK,4614.065180102916
Not Ready To Move,Gunjur Palya,900.0,2.0,1.0,27.0,2 BHK,3000.0
Ready To Move,Sarjapur  Road,1115.0,2.0,2.0,50.0,2 BHK,4484.304932735426
Ready To Move,HOSUR MAIN ROAD,1464.0,2.0,2.0,56.0,2 BHK,3825.136612021858
Not Ready To Move,Kanakapura,2200.0,3.0,1.0,121.0,3 BHK,5500.0
Not Ready To Move,Whitefield,750.0,1.0,1.0,51.0,1 BHK,6800.0
Ready To Move,Marathahalli,1600.0,3.0,3.0,58.0,3 BHK,3625.0
Ready To Move,Chikkalasandra,1365.0,2.0,2.0,49.0,3 BHK,3589.74358974359
Not Ready To Move,"Judicial Layout, Kanakapura Road, ",1300.0,3.0,2.0,64.0,3 BHK,4923.076923076923
Ready To Move,Kurubarahalli,1200.0,1.0,0.0,69.0,1 BHK,5750.0
Ready To Move,Hormavu,1260.0,2.0,2.0,35.0,2 BHK,2777.777777777778
Ready To Move,Electronics City Phase 1,1190.0,2.0,2.0,33.92,2 BHK,2850.4201680672268
Ready To Move,Hosakerehalli,2480.0,4.0,1.0,260.0,3 BHK,10483.870967741936
Not Ready To Move,Vishwapriya Layout,1250.0,3.0,2.0,38.0,3 BHK,3040.0
Ready To Move,Kaggadasapura,1500.0,3.0,0.0,75.0,3 BHK,5000.0
Ready To Move,Banashankari Stage V,1510.0,3.0,3.0,47.57,3 BHK,3150.3311258278145
Not Ready To Move,7th Phase JP Nagar,1187.0,2.0,1.0,59.0,2 BHK,4970.513900589722
Ready To Move,Kundalahalli,1120.0,2.0,1.0,53.76,2 BHK,4800.0
Ready To Move,Dodsworth Layout,1717.0,3.0,3.0,99.0,3 BHK,5765.87070471753
Ready To Move,Mullur,2099.0,3.0,2.0,95.0,3 BHK,4525.964745116722
Ready To Move,Kasturi Nagar,1100.0,2.0,2.0,58.0,2 BHK,5272.727272727273
Ready To Move,Hegganahalli,1200.0,1.0,0.0,48.0,1 BHK,4000.0
Ready To Move,Bannerghatta Road,1465.0,2.0,1.0,45.87,3 BHK,3131.0580204778157
Ready To Move,Kothanur,1500.0,1.0,0.0,75.0,1 BHK,5000.0
Ready To Move,Prashanth Nagar,4050.0,4.0,1.0,600.0,5 BHK,14814.814814814816
Ready To Move,Haralur Road,1255.0,2.0,1.0,90.0,3 BHK,7171.314741035857
Ready To Move,5th Phase JP Nagar,1220.0,2.0,3.0,88.0,2 BHK,7213.11475409836
Not Ready To Move,Electronic City Phase II,1065.0,2.0,1.0,30.88,2 BHK,2899.5305164319248
Ready To Move,Sultan Palaya,1765.0,3.0,3.0,80.0,3 BHK,4532.57790368272
Ready To Move,Bellandur,1281.0,2.0,2.0,87.0,2 BHK,6791.569086651054
Ready To Move,Electronic City,1210.0,2.0,2.0,25.0,2 BHK,2066.115702479339
Ready To Move,Kaggadasapura,1215.0,2.0,3.0,43.0,2 BHK,3539.0946502057614
Ready To Move,Ananth Nagar,1200.0,3.0,1.0,87.0,4 BHK,7250.0
Ready To Move,Mysore Road,1237.0,2.0,2.0,73.0,2 BHK,5901.3742926434925
Ready To Move,Lakshminarayana Pura,1300.0,2.0,1.0,70.0,2 BHK,5384.615384615385
Ready To Move,Whitefield,1105.0,2.0,2.0,39.99,2 BHK,3619.004524886878
Ready To Move,Chandapura,1505.0,2.0,2.0,42.0,3 BHK,2790.6976744186045
Ready To Move,Hebbal Kempapura,3900.0,5.0,2.0,310.0,4 BHK,7948.717948717948
Ready To Move,Banashankari,1186.0,2.0,3.0,65.0,2 BHK,5480.607082630691
Ready To Move,Byrathi Village,900.0,3.0,1.0,51.0,4 BHK,5666.666666666667
Ready To Move,Kengeri,750.0,2.0,1.0,35.5,2 BHK,4733.333333333333
Ready To Move,Varthur,1083.0,2.0,2.0,28.0,2 BHK,2585.410895660203
Ready To Move,Nagaraja Garden,1430.0,2.0,1.0,78.65,3 BHK,5500.000000000001
Ready To Move,Thanisandra,1056.0,2.0,2.0,68.0,2 BHK,6439.393939393939
Ready To Move,VGP Layout,2108.0,3.0,3.0,85.0,3 BHK,4032.2580645161293
Ready To Move,Banashankari,1650.0,3.0,2.0,101.0,3 BHK,6121.212121212121
Not Ready To Move,Electronic City Phase II,1220.0,3.0,1.0,36.6,3 BHK,3000.0
Ready To Move,Rayasandra,1198.0,2.0,1.0,54.0,2 BHK,4507.512520868114
Ready To Move,Ejipura,1190.0,2.0,1.0,70.0,2 BHK,5882.35294117647
Not Ready To Move,"Judicial Layout, Kanakapura Road, ",900.0,2.0,1.0,41.0,2 BHK,4555.555555555556
Not Ready To Move,J.P.nagar 6th Phase.Sarakki Nagar,2690.0,4.0,2.0,185.0,4 BHK,6877.323420074349
Ready To Move,Kanakapura,1340.0,2.0,2.0,65.0,2 BHK,4850.746268656716
Not Ready To Move,Bommenahalli,2940.0,3.0,2.0,2250.0,4 BHK,76530.61224489796
Not Ready To Move,Yelahanka,1260.0,2.0,2.0,59.2,2 BHK,4698.412698412699
Not Ready To Move,Talaghattapura,2254.0,3.0,2.0,153.0,3 BHK,6787.93256433008
Ready To Move,Old Madras Road,2990.0,5.0,1.0,210.0,3 BHK,7023.411371237458
Ready To Move,1st Block BEL Layout,1800.0,5.0,1.0,250.0,4 BHK,13888.888888888889
Ready To Move,JP Nagar,820.0,2.0,1.0,45.0,2 BHK,5487.804878048781
Ready To Move,Electronic City,1296.0,2.0,2.0,65.0,2 BHK,5015.432098765432
Ready To Move,Uttarahalli,1190.0,2.0,1.0,53.55,2 BHK,4500.0
Not Ready To Move,Whitefield,1173.0,2.0,1.0,77.0,2 BHK,6564.364876385337
Not Ready To Move,Sarjapura - Attibele Road,1800.0,3.0,2.0,90.0,3 BHK,5000.0
Ready To Move,Yelahanka,1102.0,2.0,0.0,52.0,2 BHK,4718.693284936479
Ready To Move,Sarjapur,913.0,2.0,1.0,36.0,2 BHK,3943.0449069003284
Not Ready To Move,Hormavu,1176.0,2.0,1.0,35.27,3 BHK,2999.149659863946
Ready To Move,Prithvi Layout,1620.0,3.0,2.0,65.0,3 BHK,4012.3456790123455
Ready To Move,Billekahalli,2968.0,3.0,2.0,225.0,3 BHK,7580.8625336927225
Not Ready To Move,Yelahanka,1519.0,2.0,3.0,65.0,2 BHK,4279.131007241606
Ready To Move,Hosur Road,1345.0,2.0,2.0,106.0,2 BHK,7881.0408921933085
Not Ready To Move,Dodsworth Layout,1594.0,3.0,2.0,99.0,3 BHK,6210.790464240903
Ready To Move,Kaverappa Layout,1250.0,2.0,1.0,68.0,2 BHK,5440.0
Ready To Move,Haralur Road,1056.0,2.0,1.0,60.0,2 BHK,5681.818181818182
Not Ready To Move,Whitefield,1200.0,3.0,1.0,68.4,3 BHK,5700.000000000001
Ready To Move,Kothnur Narayanapura,1290.0,1.0,0.0,77.5,2 BHK,6007.751937984496
Ready To Move,Amruthnagar,1150.0,2.0,1.0,48.0,2 BHK,4173.913043478261
Ready To Move,Ambedkar Colony,1464.0,2.0,1.0,145.0,2 BHK,9904.371584699453
Ready To Move,Anekal,1200.0,2.0,1.0,36.0,4 BHK,3000.0
Ready To Move,Gollarapalya Hosahalli,861.0,2.0,0.0,36.5,2 BHK,4239.256678281068
Ready To Move,Kundalahalli,1047.0,2.0,1.0,82.62,2 BHK,7891.117478510028
Ready To Move,Lakshmipura,1200.0,2.0,0.0,75.0,2 BHK,6250.0
Ready To Move,Hongasandra,1065.0,2.0,1.0,45.0,2 BHK,4225.352112676056
Ready To Move,Rajaji Nagar,2300.0,3.0,3.0,369.0,3 BHK,16043.478260869566
Ready To Move,Ramamurthy Nagar,1000.0,2.0,1.0,62.0,2 BHK,6200.0
Ready To Move,Lingadheeranahalli,1682.0,3.0,1.0,113.0,3 BHK,6718.192627824019
Ready To Move,Harlur,1756.0,3.0,2.0,131.0,3 BHK,7460.136674259681
Ready To Move,BEL Road,4000.0,4.0,2.0,1000.0,5 BHK,25000.0
Ready To Move,Vignana Nagar,1050.0,4.0,2.0,90.0,4 BHK,8571.42857142857
Ready To Move,Vittasandra,1238.0,2.0,1.0,67.32,2 BHK,5437.802907915992
Ready To Move,Dasanapura,814.0,2.0,1.0,42.0,2 BHK,5159.7051597051595
Ready To Move,Dodda Nekkundi,1145.0,2.0,1.0,46.5,2 BHK,4061.1353711790393
Ready To Move,Varthur,965.0,2.0,1.0,34.0,2 BHK,3523.316062176166
Ready To Move,Doddabele,750.0,2.0,1.0,36.0,2 BHK,4800.0
Ready To Move,Banashankari,1300.0,2.0,2.0,55.0,3 BHK,4230.7692307692305
Not Ready To Move,1st Phase JP Nagar,1590.0,3.0,3.0,131.0,3 BHK,8238.993710691824
Not Ready To Move,Begur Road,644.0,1.0,1.0,40.0,1 BHK,6211.180124223602
Not Ready To Move,Whitefield,982.0,2.0,1.0,37.0,2 BHK,3767.8207739307536
Ready To Move,Indira Nagar,1260.0,2.0,2.0,100.0,2 BHK,7936.507936507936
Ready To Move,Rayasandra,1555.0,3.0,2.0,75.17,3 BHK,4834.083601286174
Ready To Move,Race Course Road,2500.0,4.0,1.0,450.0,4 BHK,18000.0
Not Ready To Move,Kaggadasapura,1225.0,2.0,2.0,48.0,2 BHK,3918.3673469387754
Ready To Move,Electronics City Phase 1,1085.0,2.0,1.0,46.0,2 BHK,4239.6313364055295
Ready To Move,Rajaji Nagar,1640.0,3.0,2.0,220.0,3 BHK,13414.634146341463
Not Ready To Move,Thanisandra,1595.0,3.0,1.0,110.0,3 BHK,6896.551724137931
Ready To Move,Raja Rajeshwari Nagar,1196.0,2.0,2.0,40.44,2 BHK,3381.2709030100336
Not Ready To Move,Yelahanka,1859.0,3.0,1.0,108.0,3 BHK,5809.575040344271
Not Ready To Move,9th Phase JP Nagar,1079.0,2.0,1.0,60.0,2 BHK,5560.704355885079
Ready To Move,Shivaji Nagar,550.0,1.0,1.0,27.0,2 BHK,4909.090909090909
Ready To Move,Whitefield,1118.0,2.0,1.0,42.0,2 BHK,3756.7084078711987
Ready To Move,CV Raman Nagar,1198.0,2.0,2.0,60.0,2 BHK,5008.347245409015
Ready To Move,Thigalarapalya,1830.0,4.0,2.0,135.0,3 BHK,7377.049180327869
Not Ready To Move,Banashankari Stage VI,1160.0,2.0,1.0,59.0,2 BHK,5086.206896551724
Ready To Move,Srirampuram,1485.0,2.0,1.0,156.0,3 BHK,10505.050505050505
Ready To Move,Ejipura,2070.0,3.0,3.0,135.0,3 BHK,6521.739130434783
Not Ready To Move,Kannamangala,957.0,2.0,0.0,52.5,2 BHK,5485.8934169279
Ready To Move,Basaveshwara Nagar,2400.0,4.0,1.0,310.0,5 BHK,12916.666666666666
Not Ready To Move,Bannerghatta Road,1268.0,2.0,1.0,69.0,2 BHK,5441.640378548896
Ready To Move,Bannerghatta Road,1450.0,2.0,2.0,87.0,3 BHK,6000.0
Ready To Move,Manorayana Palya,1600.0,2.0,2.0,75.0,3 BHK,4687.5
Ready To Move,Uttarahalli,1330.0,2.0,1.0,57.0,3 BHK,4285.714285714285
Ready To Move,Jakkur,1355.0,2.0,2.0,65.0,3 BHK,4797.047970479704
Ready To Move,Horamavu Banaswadi,1272.0,2.0,2.0,51.5,2 BHK,4048.7421383647797
Ready To Move,Abbaiah Reddy Layout,1100.0,2.0,1.0,38.49,2 BHK,3499.090909090909
Ready To Move,Sarjapur  Road,1220.0,3.0,2.0,58.0,3 BHK,4754.098360655737
Ready To Move,Chikkalasandra,1075.0,2.0,1.0,46.76,2 BHK,4349.767441860465
Ready To Move,Lingarajapuram,800.0,2.0,1.0,55.0,2 BHK,6875.0
Ready To Move,Vasanthapura,995.0,2.0,1.0,34.82,2 BHK,3499.497487437186
Ready To Move,Vasantha Vallabha Nagar,900.0,1.0,1.0,44.0,2 BHK,4888.888888888889
Ready To Move,Haralur Road,1140.0,2.0,1.0,42.0,2 BHK,3684.2105263157896
Ready To Move,Ganga Nagar,1480.0,2.0,2.0,125.0,3 BHK,8445.945945945947
Not Ready To Move,Padmanabhanagar,1710.0,2.0,2.0,90.63,3 BHK,5300.0
Not Ready To Move,Talaghattapura,2106.0,3.0,3.0,148.0,3 BHK,7027.540360873694
Ready To Move,Sadahalli,3800.0,2.0,2.0,130.0,3 BHK,3421.0526315789475
Ready To Move,Vajarahalli,800.0,3.0,2.0,120.0,3 BHK,15000.0
Ready To Move,Marathahalli,1602.0,2.0,1.0,104.0,2 BHK,6491.8851435705365
Ready To Move,Sarjapur  Road,1660.0,2.0,2.0,116.0,3 BHK,6987.951807228916
Ready To Move,Electronic City Phase II,1549.0,3.0,2.0,80.0,3 BHK,5164.622336991608
Not Ready To Move,Marathahalli,700.0,1.0,1.0,38.0,1 BHK,5428.571428571428
Not Ready To Move,Balagere,1012.0,2.0,1.0,64.0,2 BHK,6324.110671936759
Not Ready To Move,Marathahalli,1469.0,3.0,1.0,89.0,3 BHK,6058.543226684819
Not Ready To Move,Whitefield,1216.0,2.0,1.0,69.0,2 BHK,5674.3421052631575
Ready To Move,Electronic City Phase II,1065.0,2.0,1.0,56.13,2 BHK,5270.422535211268
Not Ready To Move,Thanisandra,1411.0,3.0,1.0,93.15,3 BHK,6601.700921332388
Ready To Move,Pai Layout,1400.0,2.0,2.0,57.5,2 BHK,4107.142857142857
Ready To Move,Hoskote,1250.0,3.0,2.0,29.0,3 BHK,2320.0
Ready To Move,Haralur Road,1245.0,2.0,3.0,62.0,2 BHK,4979.919678714859
Ready To Move,Choodasandra,1115.0,2.0,1.0,50.0,2 BHK,4484.304932735426
Ready To Move,Vidyaranyapura,1000.0,2.0,1.0,35.0,2 BHK,3500.0
Ready To Move,Subramanyapura,1800.0,3.0,2.0,90.0,3 BHK,5000.0
Ready To Move,Mathikere,1500.0,2.0,2.0,130.0,2 BHK,8666.666666666666
Not Ready To Move,Chandapura,645.0,1.0,1.0,16.45,1 BHK,2550.3875968992247
Not Ready To Move,Kothannur,1275.0,3.0,2.0,44.0,3 BHK,3450.9803921568628
Ready To Move,Kasavanhalli,1494.0,3.0,2.0,82.0,3 BHK,5488.621151271754
Ready To Move,Bhoganhalli,1949.0,3.0,2.0,129.0,3 BHK,6618.778860954336
Ready To Move,BTM Layout,1020.0,2.0,1.0,46.5,2 BHK,4558.823529411765
Ready To Move,Mysore Road,883.0,2.0,1.0,45.0,2 BHK,5096.262740656852
Ready To Move,Old Airport Road,3200.0,4.0,2.0,280.0,4 BHK,8750.0
Ready To Move,Anand nagar,2010.0,3.0,3.0,125.0,3 BHK,6218.905472636816
Ready To Move,Yeshwanthpur,1240.0,2.0,2.0,80.0,2 BHK,6451.612903225807
Ready To Move,6th Phase JP Nagar,1213.0,2.0,1.0,63.0,2 BHK,5193.734542456719
Ready To Move,Hegde Nagar,1835.0,3.0,3.0,88.0,3 BHK,4795.6403269754765
Ready To Move,Bannerghatta Road,2932.0,5.0,2.0,195.0,4 BHK,6650.75034106412
Ready To Move,Whitefield,3425.0,5.0,2.0,250.0,4 BHK,7299.270072992701
Ready To Move,Gottigere,945.0,2.0,0.0,45.0,2 BHK,4761.9047619047615
Ready To Move,Sathya Layout,1504.0,2.0,2.0,100.0,3 BHK,6648.936170212766
Ready To Move,Lakshminarayana Pura,1569.0,3.0,2.0,150.0,3 BHK,9560.229445506691
Ready To Move,Harlur,1755.0,3.0,2.0,130.0,3 BHK,7407.407407407408
Ready To Move,Vijayanagar,1760.0,3.0,2.0,140.0,3 BHK,7954.545454545455
Not Ready To Move,Hoodi,1240.0,2.0,3.0,43.94,2 BHK,3543.548387096774
Not Ready To Move,Electronics City Phase 1,1450.0,3.0,2.0,72.54,3 BHK,5002.758620689656
Ready To Move,5th Phase JP Nagar,1000.0,2.0,0.0,48.0,2 BHK,4800.0
Ready To Move,Shivaji Nagar,3820.0,1.0,1.0,306.0,1 BHK,8010.471204188481
Ready To Move,Thyagaraja Nagar,2000.0,4.0,2.0,145.0,5 BHK,7250.0
Ready To Move,Choodasandra,1215.0,2.0,2.0,59.0,2 BHK,4855.9670781893
Ready To Move,Yelachenahalli,1330.0,3.0,3.0,73.5,3 BHK,5526.315789473684
Not Ready To Move,Raja Rajeshwari Nagar,1178.0,2.0,1.0,75.0,2 BHK,6366.723259762309
Not Ready To Move,Hulimavu,1500.0,4.0,3.0,192.0,4 BHK,12800.0
Ready To Move,Shree Ananth Nagar Layout,2040.0,2.0,2.0,59.0,2 BHK,2892.156862745098
Not Ready To Move,Bellandur,2000.0,3.0,2.0,85.0,3 BHK,4250.0
Not Ready To Move,Shanti Nagar,1602.0,2.0,1.0,165.0,3 BHK,10299.625468164793
Ready To Move,2nd Stage Arekere Mico Layout,1200.0,4.0,1.0,130.0,4 BHK,10833.333333333334
Ready To Move,Parappana Agrahara,1194.0,2.0,2.0,46.0,2 BHK,3852.5963149078725
Ready To Move,Jayamahal,1800.0,3.0,1.0,220.0,3 BHK,12222.222222222223
Ready To Move,Dasarahalli,2400.0,2.0,1.0,152.0,3 BHK,6333.333333333333
Ready To Move,Sarjapur  Road,1700.0,3.0,3.0,108.0,3 BHK,6352.941176470588
Ready To Move,Jigani,1200.0,3.0,2.0,65.0,3 BHK,5416.666666666667
Ready To Move,Veer Sandra,1500.0,3.0,0.0,72.0,3 BHK,4800.0
Ready To Move,Karuna Nagar,1240.0,3.0,2.0,165.0,3 BHK,13306.451612903225
Ready To Move,Whitefield,3000.0,3.0,2.0,400.0,3 BHK,13333.333333333334
Ready To Move,Kanakpura Road,1737.0,3.0,3.0,85.0,3 BHK,4893.494530800231
Ready To Move,TC Palaya,900.0,2.0,0.0,55.0,2 BHK,6111.111111111111
Ready To Move,Chennappa Layout,1280.0,2.0,1.0,48.0,3 BHK,3750.0
Ready To Move,CV Raman Nagar,1560.0,2.0,2.0,85.0,2 BHK,5448.717948717948
Ready To Move,Kambipura,883.0,2.0,1.0,44.0,2 BHK,4983.012457531144
Ready To Move,Kengeri Satellite Town,750.0,2.0,1.0,33.0,2 BHK,4400.0
Ready To Move,Brookefield,2400.0,3.0,3.0,140.0,4 BHK,5833.333333333333
Ready To Move,Bhuvaneshwari Nagar,900.0,2.0,1.0,45.0,2 BHK,5000.0
Ready To Move,Hormavu,1030.0,2.0,1.0,49.35,2 BHK,4791.26213592233
Ready To Move,7th Phase JP Nagar,1850.0,3.0,2.0,155.0,3 BHK,8378.378378378378
Ready To Move,Hennur Road,1831.0,3.0,1.0,110.0,3 BHK,6007.646095030038
Ready To Move,Raja Rajeshwari Nagar 5th Stage,1095.0,2.0,1.0,38.33,2 BHK,3500.4566210045664
Not Ready To Move,Electronic City Phase II,1320.0,2.0,1.0,38.13,3 BHK,2888.636363636364
Ready To Move,7th Phase JP Nagar,1000.0,2.0,1.0,61.0,2 BHK,6100.0
Ready To Move,Budigere,1820.0,3.0,2.0,85.4,3 BHK,4692.307692307692
Ready To Move,Bisuvanahalli,1075.0,2.0,1.0,41.0,3 BHK,3813.953488372093
Not Ready To Move,TC Palaya,1500.0,3.0,0.0,83.0,3 BHK,5533.333333333333
Not Ready To Move,Electronic City,1140.0,2.0,1.0,70.93,2 BHK,6221.9298245614045
Not Ready To Move,Chennammana Kere,1145.0,2.0,2.0,58.4,2 BHK,5100.436681222707
Ready To Move,RMV Extension Stage 2,1862.0,3.0,3.0,120.0,3 BHK,6444.68313641246
Ready To Move, Devarachikkanahalli,947.0,2.0,2.0,43.0,2 BHK,4540.654699049631
Ready To Move,Chandra Layout,700.0,3.0,2.0,195.0,3 BHK,27857.14285714286
Ready To Move,Kalena Agrahara,1120.0,2.0,2.0,40.0,2 BHK,3571.4285714285716
Ready To Move,Sadanand Nagar,2700.0,3.0,3.0,200.0,3 BHK,7407.407407407408
Ready To Move,Kaggadasapura,1805.0,2.0,2.0,75.0,3 BHK,4155.124653739612
Ready To Move,Basavangudi,1100.0,2.0,3.0,93.0,2 BHK,8454.545454545454
Ready To Move,Bommenahalli,1355.0,3.0,0.0,135.0,4 BHK,9963.09963099631
Not Ready To Move,"Whietfield, ",1677.0,3.0,2.0,98.0,3 BHK,5843.768634466309
Ready To Move,Uttarahalli,1560.0,3.0,3.0,74.0,3 BHK,4743.589743589743
Ready To Move,Arekere,2060.0,3.0,2.0,150.0,3 BHK,7281.553398058252
Ready To Move,Koramangala,1716.0,2.0,0.0,115.0,3 BHK,6701.631701631702
Ready To Move,Harlur,1864.0,3.0,1.0,140.0,3 BHK,7510.729613733905
Ready To Move,Electronics City Phase 1,638.0,1.0,1.0,32.0,1 BHK,5015.673981191223
Not Ready To Move,Chandapura,937.0,2.0,1.0,30.0,2 BHK,3201.7075773745996
Ready To Move,Hennur Gardens,1490.0,2.0,1.0,115.0,3 BHK,7718.120805369127
Ready To Move,Frazer Town,4856.0,5.0,3.0,410.0,4 BHK,8443.163097199342
Ready To Move,Whitefield,4003.0,6.0,1.0,525.0,4 BHK,13115.16362727954
Not Ready To Move,Whitefield,1100.0,2.0,1.0,37.0,2 BHK,3363.6363636363635
Ready To Move,Thigalarapalya,1000.0,2.0,2.0,48.53,2 BHK,4853.0
Ready To Move,Horamavu Agara,1060.0,2.0,1.0,37.0,2 BHK,3490.566037735849
Ready To Move,Kundalahalli,1047.0,2.0,1.0,91.0,2 BHK,8691.499522445081
Ready To Move,Basaveshwara Nagar,1200.0,2.0,2.0,80.0,2 BHK,6666.666666666667
Ready To Move,Akshaya Nagar,1420.0,2.0,2.0,75.0,3 BHK,5281.69014084507
Ready To Move,Sarjapur  Road,1539.0,3.0,2.0,85.0,3 BHK,5523.066926575699
Ready To Move,Tejaswini Nagar,1550.0,3.0,1.0,59.0,3 BHK,3806.451612903226
Ready To Move,Kasavanhalli,1555.0,3.0,3.0,82.0,3 BHK,5273.311897106109
Ready To Move,Seegehalli,1553.0,3.0,3.0,68.0,3 BHK,4378.62202189311
Ready To Move,Electronic City Phase II,920.0,2.0,2.0,26.0,2 BHK,2826.086956521739
Ready To Move,Jeevan bima nagar,1740.0,3.0,3.0,120.0,3 BHK,6896.551724137931
Ready To Move,OMBR Layout,1855.0,3.0,2.0,145.0,3 BHK,7816.711590296496
Not Ready To Move,Kundalahalli,1724.0,3.0,1.0,146.0,3 BHK,8468.677494199535
Ready To Move,B Narayanapura,1020.0,2.0,2.0,60.0,2 BHK,5882.35294117647
Ready To Move,Uttarahalli,1250.0,2.0,1.0,50.0,3 BHK,4000.0
Ready To Move,Sanjay nagar,1450.0,3.0,2.0,75.0,3 BHK,5172.413793103448
Ready To Move,Thubarahalli,1200.0,2.0,2.0,80.0,2 BHK,6666.666666666667
Ready To Move,Haralur Road,1140.0,2.0,2.0,58.0,2 BHK,5087.7192982456145
Ready To Move,Hoskote,900.0,5.0,2.0,110.0,5 BHK,12222.222222222223
Ready To Move,Basava Nagar,550.0,1.0,1.0,16.0,1 BHK,2909.090909090909
Not Ready To Move,Bannerghatta Road,1450.0,3.0,1.0,44.0,3 BHK,3034.4827586206898
Not Ready To Move,Kanakpura Road,700.0,2.0,1.0,35.07,2 BHK,5010.0
Not Ready To Move,Whitefield,1200.0,3.0,1.0,56.0,3 BHK,4666.666666666667
Ready To Move,Yelahanka,1050.0,2.0,1.0,45.0,2 BHK,4285.714285714285
Ready To Move,Somasundara Palya,1600.0,3.0,3.0,69.0,3 BHK,4312.5
Ready To Move,Bannerghatta Road,1625.0,2.0,3.0,75.0,3 BHK,4615.384615384615
Ready To Move,Volagerekallahalli,1492.0,2.0,2.0,65.0,2 BHK,4356.56836461126
Ready To Move,Sarjapur  Road,1489.0,2.0,3.0,82.0,3 BHK,5507.051712558764
Ready To Move,Kanakapura,1560.0,2.0,2.0,62.38,3 BHK,3998.7179487179487
Ready To Move,Haralur Road,1140.0,2.0,2.0,42.0,2 BHK,3684.2105263157896
Ready To Move,Lavakusha Nagar,1431.0,3.0,2.0,65.0,3 BHK,4542.278127183788
Ready To Move,Lingadheeranahalli,1682.0,3.0,1.0,114.0,3 BHK,6777.645659928657
Not Ready To Move,Panathur,1198.0,2.0,1.0,86.26,2 BHK,7200.33388981636
Not Ready To Move,Outer Ring Road East,3664.0,3.0,2.0,325.0,3 BHK,8870.087336244542
Ready To Move,Sarjapur  Road,1550.0,2.0,2.0,69.75,3 BHK,4500.0
Ready To Move,Kodichikkanahalli,1026.0,2.0,1.0,45.0,2 BHK,4385.964912280701
Ready To Move,Hennur,1260.0,2.0,2.0,52.0,3 BHK,4126.984126984127
Ready To Move,Singanayakanahalli,690.0,2.0,0.0,42.0,2 BHK,6086.95652173913
Ready To Move,Sarjapur  Road,539.0,1.0,1.0,45.0,1 BHK,8348.794063079777
Ready To Move,Sarakki Nagar,1200.0,4.0,1.0,85.0,4 BHK,7083.333333333333
Ready To Move,Attibele,2400.0,3.0,3.0,120.0,3 BHK,5000.0
Ready To Move,Thubarahalli,1200.0,2.0,2.0,79.55,2 BHK,6629.166666666667
Ready To Move,Kundalahalli,2500.0,5.0,2.0,350.0,4 BHK,14000.0
Ready To Move,Sarjapur  Road,1186.0,2.0,2.0,40.0,3 BHK,3372.681281618887
Ready To Move,Thanisandra,1039.0,2.0,2.0,39.5,2 BHK,3801.732435033686
Ready To Move,Mahalakshmi Puram,1500.0,5.0,3.0,233.0,4 BHK,15533.333333333334
Ready To Move,Gottigere,1500.0,4.0,1.0,100.0,5 BHK,6666.666666666667
Ready To Move,Malleshwaram,2520.0,3.0,2.0,150.0,3 BHK,5952.380952380952
Ready To Move,Brookefield,1225.0,2.0,2.0,66.5,2 BHK,5428.571428571428
Ready To Move,Bommanahalli,1350.0,2.0,2.0,72.0,2 BHK,5333.333333333333
Ready To Move,Vittal Mallya Road,1030.0,2.0,2.0,300.0,2 BHK,29126.21359223301
Ready To Move,Whitefield,1550.0,2.0,2.0,49.6,3 BHK,3200.0
Ready To Move,Hoodi,1490.0,3.0,2.0,79.0,3 BHK,5302.013422818792
Ready To Move,Brindavan Nagar,1520.0,3.0,2.0,111.0,3 BHK,7302.631578947368
Ready To Move,Whitefield,4100.0,4.0,2.0,550.0,4 BHK,13414.634146341463
Ready To Move,Dena Bank Colony,1391.0,2.0,3.0,64.5,3 BHK,4636.951833213516
Ready To Move,Rachenahalli,1200.0,2.0,2.0,50.0,2 BHK,4166.666666666667
Ready To Move,Kadabagere,1200.0,4.0,2.0,86.0,4 BHK,7166.666666666667
Ready To Move,1st Block HBR Layout,2500.0,6.0,3.0,500.0,5 BHK,20000.0
Ready To Move,Yelahanka,1322.0,2.0,2.0,80.0,2 BHK,6051.437216338881
Not Ready To Move,Whitefield,2173.0,3.0,2.0,128.0,3 BHK,5890.473999079613
Ready To Move,Sarjapur  Road,1200.0,2.0,2.0,75.0,2 BHK,6250.0
Ready To Move,Thubarahalli,1200.0,2.0,2.0,47.0,2 BHK,3916.6666666666665
Ready To Move,Mysore Road,1170.0,2.0,2.0,65.0,2 BHK,5555.555555555556
Not Ready To Move,NRI Layout,1125.0,2.0,2.0,45.56,2 BHK,4049.777777777778
Ready To Move,Seetharampalya,1250.0,2.0,2.0,90.0,2 BHK,7200.0
Not Ready To Move,Chandapura,1025.0,2.0,2.0,27.68,2 BHK,2700.487804878049
Ready To Move,Yelahanka,1075.0,2.0,2.0,36.0,3 BHK,3348.8372093023254
Ready To Move,High grounds,1900.0,2.0,2.0,190.0,3 BHK,10000.0
Ready To Move,Whitefield,1435.0,3.0,2.0,45.0,3 BHK,3135.8885017421603
Not Ready To Move,Electronics City Phase 1,1175.0,2.0,2.0,64.98,2 BHK,5530.212765957447
Ready To Move,KUDLU MAIN ROAD,1464.0,3.0,2.0,56.0,3 BHK,3825.136612021858
Ready To Move,Doddabidrakallu,900.0,2.0,1.0,33.0,2 BHK,3666.6666666666665
Ready To Move,Electronics City Phase 1,585.0,1.0,1.0,21.0,1 BHK,3589.74358974359
Ready To Move,Jigani,3170.0,5.0,2.0,230.0,4 BHK,7255.520504731861
Not Ready To Move,Shanti Nagar,1602.0,2.0,1.0,170.0,3 BHK,10611.735330836455
Ready To Move,Thanisandra,1220.0,2.0,2.0,42.0,2 BHK,3442.622950819672
Ready To Move,Rajaji Nagar,2500.0,3.0,3.0,350.0,3 BHK,14000.0
Ready To Move,Sarjapur  Road,2145.0,3.0,3.0,180.0,3 BHK,8391.608391608392
Ready To Move,Bannerghatta Road,960.0,2.0,3.0,58.0,2 BHK,6041.666666666667
Ready To Move,NGR Layout,907.0,1.0,1.0,38.0,1 BHK,4189.636163175303
Ready To Move,Old Madras Road,1210.0,2.0,1.0,74.0,2 BHK,6115.702479338843
Ready To Move,Kammanahalli,900.0,4.0,1.0,150.0,4 BHK,16666.666666666668
Ready To Move,Jnana Ganga Nagar,1230.0,2.0,2.0,70.0,2 BHK,5691.056910569106
Ready To Move,5th Phase JP Nagar,1350.0,2.0,1.0,75.0,3 BHK,5555.555555555556
Ready To Move,Kenchenahalli,1150.0,2.0,2.0,58.0,2 BHK,5043.478260869565
Not Ready To Move,Sarjapur,1404.0,2.0,0.0,53.35,3 BHK,3799.8575498575497
Ready To Move,OMBR Layout,1050.0,2.0,3.0,48.0,2 BHK,4571.428571428572
Ready To Move,Yelahanka,1285.0,2.0,2.0,56.0,2 BHK,4357.976653696498
Ready To Move,Hormavu,1018.0,2.0,1.0,50.8,2 BHK,4990.176817288801
Ready To Move,Hoskote,1200.0,3.0,2.0,57.0,3 BHK,4750.0
Ready To Move,Sarjapur  Road,1115.0,2.0,2.0,50.0,2 BHK,4484.304932735426
Ready To Move,Ejipura,1600.0,3.0,3.0,95.0,3 BHK,5937.5
Not Ready To Move,9th Phase JP Nagar,1480.0,2.0,1.0,80.0,2 BHK,5405.405405405405
Ready To Move,Kodichikkanahalli,2500.0,7.0,0.0,125.0,5 BHK,5000.0
Ready To Move,Kaval Byrasandra,480.0,1.0,1.0,25.0,1 BHK,5208.333333333333
Ready To Move,Akshaya Nagar,1435.0,3.0,3.0,53.0,3 BHK,3693.3797909407667
Ready To Move,Lingarajapuram,450.0,1.0,2.0,60.0,1 BHK,13333.333333333334
Ready To Move,Austin Town,600.0,2.0,0.0,23.0,1 BHK,3833.3333333333335
Ready To Move,CV Raman Nagar,1590.0,2.0,3.0,85.0,3 BHK,5345.911949685535
Ready To Move,Nagavara,936.0,2.0,0.0,40.2,2 BHK,4294.871794871795
Ready To Move,Banashankari,1181.0,2.0,1.0,75.0,2 BHK,6350.550381033023
Not Ready To Move,Kengeri,1741.0,3.0,2.0,80.0,3 BHK,4595.060310166571
Not Ready To Move,JP Nagar,1750.0,3.0,1.0,123.0,3 BHK,7028.571428571428
Ready To Move,Varthur Road,1050.0,2.0,2.0,42.7,2 BHK,4066.6666666666665
Not Ready To Move,Tumkur Road,1027.0,2.0,1.0,60.0,2 BHK,5842.259006815969
Ready To Move,Geleyara Balaga Layout,596.0,2.0,1.0,22.0,2 BHK,3691.2751677852348
Ready To Move,Dollar Scheme Colony,3463.0,6.0,0.0,310.0,4 BHK,8951.775916835115
Ready To Move,Sector 2 HSR Layout,1600.0,3.0,2.0,70.0,3 BHK,4375.0
Not Ready To Move,Hebbal,2790.0,5.0,3.0,198.0,4 BHK,7096.774193548387
Ready To Move,Sahakara Nagar,1000.0,2.0,1.0,60.0,2 BHK,6000.0
Not Ready To Move,Varthur,1120.0,2.0,2.0,44.24,2 BHK,3950.0
Ready To Move,Jinkethimmanahalli,1200.0,2.0,0.0,85.0,2 BHK,7083.333333333333
Not Ready To Move,Kothnoor Dinne,1200.0,2.0,2.0,35.0,2 BHK,2916.6666666666665
Ready To Move,Kasturi Nagar,1570.0,3.0,2.0,110.0,3 BHK,7006.369426751592
Ready To Move,Koramangala,1500.0,3.0,1.0,135.0,3 BHK,9000.0
Ready To Move,Frazer Town,1315.0,2.0,2.0,140.0,2 BHK,10646.38783269962
Not Ready To Move,Electronic City Phase II,1140.0,2.0,1.0,33.84,2 BHK,2968.421052631579
Ready To Move,Banashankari,1105.0,2.0,2.0,90.0,2 BHK,8144.796380090498
Not Ready To Move,Electronic City,1200.0,2.0,1.0,34.65,2 BHK,2887.5
Not Ready To Move,Whitefield,905.0,1.0,1.0,62.0,1 BHK,6850.828729281768
Ready To Move,HSR Layout,2400.0,4.0,0.0,350.0,4 BHK,14583.333333333334
Ready To Move,Kudlu Gate,1185.0,2.0,1.0,50.0,2 BHK,4219.4092827004215
Ready To Move,Koramangala,1083.0,2.0,1.0,100.0,2 BHK,9233.610341643584
Ready To Move,Rayasandra,1458.0,3.0,2.0,60.0,3 BHK,4115.22633744856
Ready To Move,Hormavu,1555.0,3.0,2.0,75.0,3 BHK,4823.15112540193
Ready To Move,Devi Nagar,1200.0,2.0,2.0,45.0,2 BHK,3750.0
Ready To Move,Sarjapur  Road,1308.0,2.0,1.0,58.86,2 BHK,4500.0
Ready To Move,Kudlu,1024.0,2.0,2.0,44.0,2 BHK,4296.875
Ready To Move,Parappana Agrahara,1194.0,2.0,2.0,47.0,2 BHK,3936.348408710218
Ready To Move,Kanakapura,1450.0,3.0,1.0,75.0,3 BHK,5172.413793103448
Ready To Move,Seegehalli,1639.0,3.0,3.0,120.0,3 BHK,7321.537522879805
Not Ready To Move,Whitefield,1870.0,3.0,2.0,138.0,3 BHK,7379.679144385027
Not Ready To Move,Hennur Road,1232.0,2.0,1.0,87.0,2 BHK,7061.688311688312
Ready To Move,Kasavanhalli,1719.0,3.0,1.0,184.0,3 BHK,10703.89761489238
Not Ready To Move,Chandapura,975.0,2.0,1.0,24.86,2 BHK,2549.74358974359
Ready To Move,New Gurappana Palya,2000.0,4.0,2.0,130.0,3 BHK,6500.0
Ready To Move,Jakkur,1230.0,2.0,1.0,79.0,2 BHK,6422.764227642277
Ready To Move,Guddadahalli,1350.0,4.0,2.0,140.0,4 BHK,10370.37037037037
Ready To Move,KR Puram,1076.0,2.0,2.0,67.0,2 BHK,6226.7657992565055
Ready To Move,Vasanthpura,995.0,2.0,2.0,34.82,3 BHK,3499.497487437186
Ready To Move,Kodigehaali,2120.0,3.0,2.0,177.0,3 BHK,8349.056603773584
Ready To Move,Electronic City,1096.0,2.0,2.0,40.55,2 BHK,3699.8175182481746
Ready To Move,Horamavu Agara,1107.83,2.0,1.0,41.51,2 BHK,3746.964787016059
Ready To Move,Chamrajpet,505.0,1.0,0.0,85.0,1 BHK,16831.68316831683
Ready To Move,Sarjapur  Road,1320.0,2.0,2.0,115.0,2 BHK,8712.121212121212
Not Ready To Move,Whitefield,1320.0,2.0,1.0,99.26,2 BHK,7519.69696969697
Ready To Move,Whitefield,2901.0,4.0,2.0,190.0,3 BHK,6549.465701482248
Ready To Move,GM Palaya,1315.0,2.0,2.0,65.0,3 BHK,4942.9657794676805
Ready To Move,VGP Layout,1000.0,2.0,1.0,44.0,2 BHK,4400.0
Ready To Move,Hosakerehalli,1596.0,3.0,3.0,79.8,3 BHK,5000.0
Ready To Move,Bannerghatta Road,1750.0,3.0,2.0,130.0,3 BHK,7428.571428571428
Ready To Move,Whitefield,2403.0,4.0,2.0,270.0,4 BHK,11235.955056179775
Not Ready To Move,Old Madras Road,1350.0,3.0,2.0,47.25,3 BHK,3500.0
Not Ready To Move,"TR Mill Road, Chamarajpet",1175.0,2.0,2.0,79.0,2 BHK,6723.404255319149
Ready To Move,Talaghattapura,921.0,2.0,1.0,29.47,2 BHK,3199.782844733985
Ready To Move,Malleshwaram,4000.0,4.0,2.0,1100.0,4 BHK,27500.0
Ready To Move,Sultan Palaya,1713.0,3.0,3.0,125.0,3 BHK,7297.139521307648
Ready To Move,Ittamadu,1200.0,2.0,0.0,43.0,2 BHK,3583.3333333333335
Ready To Move,8th Phase JP Nagar,1900.0,4.0,1.0,90.0,3 BHK,4736.8421052631575
Ready To Move,Kudlu Gate,1664.0,3.0,2.0,68.0,3 BHK,4086.5384615384614
Not Ready To Move,Binny Pete,1795.0,3.0,2.0,139.0,3 BHK,7743.732590529248
Ready To Move,Kereguddadahalli,600.0,1.0,1.0,19.5,1 BHK,3250.0
Ready To Move,Hoodi,1240.0,2.0,3.0,65.0,2 BHK,5241.935483870968
Ready To Move,Hegde Nagar,1965.0,4.0,2.0,132.0,3 BHK,6717.557251908397
Ready To Move,Vishveshwarya Layout,600.0,4.0,0.0,99.0,3 BHK,16500.0
Ready To Move,Sarjapur,4111.0,4.0,1.0,370.0,4 BHK,9000.243249817562
Not Ready To Move,Electronics City Phase 1,1200.0,2.0,2.0,59.76,2 BHK,4980.0
Ready To Move,Ganga Nagar,1112.0,2.0,3.0,68.0,2 BHK,6115.107913669065
Ready To Move,Raja Rajeshwari Nagar,3000.0,3.0,2.0,60.0,3 BHK,2000.0
Ready To Move,Mahadevpura,1136.0,2.0,3.0,64.5,2 BHK,5677.816901408451
Ready To Move,Jigani,914.0,2.0,2.0,55.0,2 BHK,6017.505470459519
Ready To Move,Poorna Pragna Layout,1270.0,2.0,1.0,50.79,3 BHK,3999.212598425197
Ready To Move,Rachenahalli,1050.0,2.0,2.0,47.25,2 BHK,4500.0
Ready To Move,Marathahalli,1385.0,2.0,2.0,68.5,3 BHK,4945.848375451264
Ready To Move,Medahalli,990.0,2.0,3.0,35.0,2 BHK,3535.3535353535353
Ready To Move,Yelahanka,845.0,2.0,2.0,43.0,2 BHK,5088.757396449704
Not Ready To Move,Whitefield,1485.0,2.0,1.0,96.51,2 BHK,6498.989898989899
Ready To Move,Kanakapura,1460.0,2.0,3.0,43.79,3 BHK,2999.3150684931506
Ready To Move,Thanisandra,1450.0,2.0,1.0,57.0,2 BHK,3931.0344827586205
Ready To Move,HSR Layout,1360.0,2.0,1.0,53.0,3 BHK,3897.0588235294117
Ready To Move,Singasandra,1375.0,2.0,3.0,58.0,2 BHK,4218.181818181818
Ready To Move,Uttarahalli,1125.0,2.0,1.0,48.0,2 BHK,4266.666666666667
Ready To Move,Banashankari,720.0,1.0,1.0,60.0,1 BHK,8333.333333333334
Ready To Move,7th Phase JP Nagar,1460.0,2.0,2.0,100.0,3 BHK,6849.315068493151
Ready To Move,Green View Layout,1107.0,2.0,2.0,40.0,2 BHK,3613.369467028004
Ready To Move,Maruthi Nagar,1158.0,2.0,3.0,75.0,2 BHK,6476.683937823835
Ready To Move,Yelachenahalli,800.0,1.0,1.0,30.0,2 BHK,3750.0
Ready To Move,Bhoganhalli,1760.0,3.0,2.0,128.0,3 BHK,7272.727272727273
Ready To Move,Nandi Hills,3200.0,4.0,2.0,200.0,4 BHK,6250.0
Not Ready To Move,HAL 2nd Stage,600.0,3.0,2.0,145.0,2 BHK,24166.666666666668
Ready To Move,TC Palaya,1350.0,3.0,1.0,60.0,3 BHK,4444.444444444444
Not Ready To Move,Huskur,1125.0,2.0,1.0,32.49,2 BHK,2888.0
Ready To Move,Frazer Town,1706.0,3.0,3.0,154.0,3 BHK,9026.963657678782
Ready To Move,BTM Layout,1600.0,3.0,2.0,112.0,3 BHK,7000.0
Ready To Move,Ramesh Nagar,1200.0,2.0,0.0,90.0,2 BHK,7500.0
Ready To Move,Whitefield,1755.0,3.0,3.0,101.0,3 BHK,5754.985754985755
Ready To Move,Hulimavu,1200.0,2.0,1.0,50.0,2 BHK,4166.666666666667
Ready To Move,BEML Layout,1200.0,2.0,2.0,67.0,2 BHK,5583.333333333333
Ready To Move,Chokkanahalli,1266.67,2.0,0.0,69.0,2 BHK,5447.3540859103
Ready To Move,Kariyammana Agrahara,1800.0,3.0,2.0,90.0,3 BHK,5000.0
Ready To Move,Sector 7 HSR Layout,1200.0,4.0,1.0,275.0,3 BHK,22916.666666666668
Not Ready To Move,2nd Phase Judicial Layout,1300.0,3.0,2.0,64.0,3 BHK,4923.076923076923
Ready To Move,Nirman Layout,800.0,3.0,3.0,60.0,3 BHK,7500.0
Ready To Move,Whitefield,4800.0,5.0,2.0,550.0,4 BHK,11458.333333333334
Ready To Move,Raja Rajeshwari Nagar,1128.0,2.0,2.0,40.0,2 BHK,3546.099290780142
Ready To Move,NS Palya,2000.0,2.0,1.0,160.0,2 BHK,8000.0
Not Ready To Move,Panathur,1210.0,2.0,1.0,80.0,2 BHK,6611.570247933884
Not Ready To Move,Arekere,2710.0,6.0,2.0,142.0,4 BHK,5239.852398523985
Ready To Move,Raja Rajeshwari Nagar,1151.0,2.0,2.0,39.0,2 BHK,3388.3579496090356
Not Ready To Move,Rajaji Nagar,7500.0,8.0,3.0,1700.0,5 BHK,22666.666666666668
Ready To Move,HOSUR MAIN ROAD,1464.0,3.0,2.0,56.0,3 BHK,3825.136612021858
Ready To Move,Electronic City,1017.0,2.0,2.0,27.0,2 BHK,2654.8672566371683
Ready To Move,Sarjapur  Road,920.0,2.0,1.0,40.0,2 BHK,4347.826086956522
Ready To Move,HRBR Layout,1200.0,3.0,1.0,180.0,4 BHK,15000.0
Ready To Move,Nyanappana Halli,1000.0,5.0,2.0,140.0,5 BHK,14000.0
Ready To Move,Munnekollal,1750.0,3.0,3.0,86.5,3 BHK,4942.857142857143
Ready To Move,Dasanapura,1163.0,2.0,1.0,65.0,2 BHK,5588.993981083405
Ready To Move,7th Phase JP Nagar,1650.0,3.0,3.0,110.0,3 BHK,6666.666666666667
Ready To Move,Kundalahalli Colony,1800.0,3.0,3.0,95.0,3 BHK,5277.777777777777
Ready To Move,CV Raman Nagar,1100.0,2.0,1.0,58.0,2 BHK,5272.727272727273
Ready To Move,R.T. Nagar,1200.0,2.0,2.0,60.0,2 BHK,5000.0
Ready To Move,Ganga Nagar,1410.0,3.0,2.0,65.0,3 BHK,4609.929078014185
Not Ready To Move,Begur Road,1933.0,3.0,2.0,98.0,3 BHK,5069.839627521987
Ready To Move,Begur Road,1200.0,2.0,2.0,45.6,2 BHK,3800.0
Ready To Move,Whitefield,1608.0,2.0,3.0,63.0,3 BHK,3917.910447761194
Ready To Move,Jakkasandra Extension,2679.0,5.0,2.0,280.0,4 BHK,10451.661067562523
Ready To Move,Horamavu Banaswadi,1156.0,2.0,2.0,46.9,2 BHK,4057.093425605536
Not Ready To Move,T.C PALYA,1230.0,2.0,0.0,75.0,2 BHK,6097.5609756097565
Ready To Move,Kasavanhalli,770.0,1.0,1.0,43.82,1 BHK,5690.909090909091
Ready To Move,Ardendale,1777.26,3.0,2.0,105.0,3 BHK,5907.970696465346
Ready To Move,Kanakpura Road,1339.0,2.0,2.0,85.0,2 BHK,6348.020911127707
Not Ready To Move,Sarjapur  Road,3044.0,3.0,2.0,183.0,3 BHK,6011.826544021025
Ready To Move,Chennappa Layout,1080.0,2.0,2.0,44.8,2 BHK,4148.148148148148
Ready To Move,Nagadevanahalli,2400.0,2.0,2.0,135.0,2 BHK,5625.0
Ready To Move,Hulimavu,1450.0,3.0,3.0,72.0,3 BHK,4965.517241379311
Not Ready To Move,Kothanur,1075.0,2.0,2.0,53.0,2 BHK,4930.232558139535
Ready To Move,Sarjapur  Road,1163.0,2.0,2.0,62.0,3 BHK,5331.04041272571
Ready To Move,TC Palaya,1200.0,2.0,0.0,65.0,2 BHK,5416.666666666667
Ready To Move,Marathahalli,3090.0,4.0,2.0,325.0,4 BHK,10517.79935275081
Ready To Move,Hebbal,1299.0,2.0,1.0,100.0,2 BHK,7698.229407236336
Not Ready To Move,Electronic City,1130.0,2.0,1.0,32.63,2 BHK,2887.610619469027
Ready To Move,HRBR Layout,1170.0,2.0,2.0,75.0,2 BHK,6410.25641025641
Ready To Move,Yelahanka,2600.0,4.0,3.0,175.0,4 BHK,6730.7692307692305
Ready To Move,KR Puram,1140.0,2.0,1.0,43.32,2 BHK,3800.0
Ready To Move,Kanakpura Road,1900.0,3.0,3.0,125.0,3 BHK,6578.9473684210525
Not Ready To Move,Bommasandra Industrial Area,1090.0,2.0,1.0,31.48,2 BHK,2888.0733944954127
Ready To Move,Electronic City,1110.0,2.0,1.0,39.95,2 BHK,3599.0990990990995
Not Ready To Move,Nagavarapalya,705.0,1.0,1.0,57.0,1 BHK,8085.106382978724
Ready To Move,HBR Layout,1089.0,2.0,1.0,60.0,2 BHK,5509.641873278237
Ready To Move,tc.palya,880.0,2.0,1.0,48.0,2 BHK,5454.545454545455
Ready To Move,Kereguddadahalli,1080.0,2.0,2.0,32.0,2 BHK,2962.962962962963
Not Ready To Move,Thanisandra,1093.0,2.0,1.0,68.1,2 BHK,6230.558096980786
Not Ready To Move,Banashankari Stage III,1480.0,3.0,1.0,75.48,3 BHK,5100.0
Ready To Move,Hegde Nagar,1703.0,3.0,2.0,125.0,3 BHK,7339.988256018791
Ready To Move,Hebbal,1200.0,2.0,1.0,60.0,2 BHK,5000.0
Ready To Move,Marathahalli,1690.0,3.0,2.0,116.0,3 BHK,6863.905325443787
Ready To Move,Yelahanka,1305.0,2.0,1.0,78.0,2 BHK,5977.0114942528735
Not Ready To Move,Talaghattapura,1257.0,2.0,2.0,40.22,3 BHK,3199.6817820206843
Ready To Move,Subash Nagar,1150.0,2.0,2.0,45.0,2 BHK,3913.0434782608695
Ready To Move,Stage-4 Bommanahalli,1194.0,2.0,0.0,55.0,2 BHK,4606.365159128978
Ready To Move,Chokkahalli,2000.0,3.0,1.0,90.0,3 BHK,4500.0
Ready To Move,Anekal,1500.0,4.0,1.0,99.0,3 BHK,6600.0
Ready To Move,Bellari Road,1025.0,2.0,0.0,42.5,2 BHK,4146.341463414634
Ready To Move,Horamavu Agara,980.0,2.0,1.0,38.19,2 BHK,3896.938775510204
Ready To Move,Hosakerehalli,1200.0,2.0,1.0,100.0,3 BHK,8333.333333333334
Ready To Move,Whitefield,2225.0,3.0,1.0,149.0,3 BHK,6696.6292134831465
Ready To Move,Ashirvad Colony,1022.0,2.0,2.0,57.0,2 BHK,5577.2994129158515
Ready To Move,Sidedahalli,882.0,3.0,0.0,72.0,4 BHK,8163.265306122449
Ready To Move,Narayanapura,1153.0,2.0,2.0,45.0,2 BHK,3902.8620988725065
Ready To Move,Pai Layout,1175.0,2.0,2.0,60.0,2 BHK,5106.382978723404
Ready To Move,Vidyaranyapura,1560.0,3.0,3.0,68.0,3 BHK,4358.974358974359
Ready To Move,Yelahanka New Town,650.0,1.0,1.0,17.0,1 BHK,2615.3846153846152
Ready To Move,Vishwapriya Nagar,600.0,3.0,2.0,65.0,3 BHK,10833.333333333334
Ready To Move,Billekahalli,1350.0,3.0,2.0,55.0,2 BHK,4074.074074074074
Ready To Move,Akshya Nagar,1200.0,2.0,1.0,76.0,2 BHK,6333.333333333333
Ready To Move,Telecom Layout,1200.0,1.0,1.0,54.0,2 BHK,4500.0
Ready To Move,Chandapura,800.0,2.0,1.0,25.0,2 BHK,3125.0
Not Ready To Move,Electronic City,2093.0,4.0,1.0,104.0,4 BHK,4968.944099378882
Not Ready To Move,Uttarahalli,1320.0,2.0,2.0,55.44,3 BHK,4200.0
Ready To Move,Bannerghatta Road,1275.0,2.0,1.0,73.0,2 BHK,5725.490196078431
Ready To Move,Begur Road,1215.0,2.0,2.0,43.13,2 BHK,3549.794238683128
Ready To Move,Kanakapura,1130.0,2.0,1.0,45.2,2 BHK,4000.0
Ready To Move,Begur Road,1444.0,2.0,2.0,71.5,3 BHK,4951.523545706371
Ready To Move,Vikram Nagar,950.0,2.0,2.0,38.0,2 BHK,4000.0
Ready To Move,Padmanabhanagar,1000.0,1.0,1.0,90.0,2 BHK,9000.0
Ready To Move,Banashankari Stage II,1240.0,2.0,2.0,59.52,3 BHK,4800.0
Ready To Move,2nd Stage Nagarbhavi,600.0,4.0,2.0,125.0,4 BHK,20833.333333333332
Ready To Move,Hennur,1231.0,2.0,2.0,50.0,2 BHK,4061.7384240454917
Ready To Move,Benson Town,1300.0,2.0,1.0,120.0,2 BHK,9230.76923076923
Not Ready To Move,Yeshwanthpur,1713.0,3.0,2.0,110.0,3 BHK,6421.482778750729
Ready To Move,Kogilu,1200.0,2.0,1.0,53.33,2 BHK,4444.166666666667
Ready To Move,Sarjapur  Road,3004.0,4.0,2.0,158.0,3 BHK,5259.65379494008
Ready To Move,Sonnenahalli,1310.0,2.0,0.0,46.0,3 BHK,3511.4503816793895
Ready To Move,Jalahalli,790.0,2.0,1.0,49.5,2 BHK,6265.822784810127
Ready To Move,Koramangala,1744.0,3.0,1.0,200.0,3 BHK,11467.88990825688
Ready To Move,Amblipura,1605.0,3.0,2.0,100.0,3 BHK,6230.529595015576
Ready To Move,Whitefield,1250.0,2.0,2.0,82.0,2 BHK,6560.0
Ready To Move,Malleshwaram,2476.0,3.0,3.0,337.0,3 BHK,13610.662358642972
Ready To Move,Subramanyapura,1260.0,2.0,2.0,76.0,3 BHK,6031.746031746032
Not Ready To Move,Rajaji Nagar,1615.0,3.0,1.0,175.0,3 BHK,10835.913312693498
Ready To Move,Yelahanka,1180.0,2.0,1.0,56.0,2 BHK,4745.762711864407
Ready To Move,Uttarahalli,1255.0,2.0,2.0,50.19,3 BHK,3999.203187250996
Ready To Move,Electronic City,1025.0,2.0,1.0,53.9,2 BHK,5258.536585365854
Ready To Move,Sarjapur  Road,1877.0,4.0,2.0,150.0,3 BHK,7991.475759190197
Ready To Move,Lakshminarayana Pura,1649.0,3.0,2.0,150.0,3 BHK,9096.422073984233
Ready To Move,Hennur,2500.0,5.0,2.0,125.0,5 BHK,5000.0
Ready To Move,Doddakammanahalli,1542.0,3.0,2.0,98.0,3 BHK,6355.38261997406
Ready To Move,Thigalarapalya,1418.0,2.0,2.0,105.0,2 BHK,7404.795486600846
Ready To Move,Sarvabhouma Nagar,1012.0,2.0,0.0,42.0,2 BHK,4150.197628458498
Ready To Move,Chandapura,1200.0,2.0,1.0,65.0,2 BHK,5416.666666666667
Ready To Move,Sarjapur  Road,1115.0,2.0,2.0,43.0,2 BHK,3856.5022421524664
Ready To Move,Green Glen Layout,1680.0,4.0,3.0,95.0,3 BHK,5654.761904761905
Ready To Move,Old Madras Road,1171.0,2.0,2.0,72.0,2 BHK,6148.590947907771
Ready To Move,Tumkur Road,1027.0,2.0,1.0,68.62,2 BHK,6681.596884128529
Ready To Move,Shampura,1700.0,3.0,3.0,75.0,3 BHK,4411.764705882353
Ready To Move,Kanakapura,1090.0,2.0,2.0,38.15,2 BHK,3500.0
Not Ready To Move,Hennur Road,1232.0,2.0,1.0,74.0,2 BHK,6006.493506493506
Ready To Move,Anekal,766.0,2.0,2.0,28.0,2 BHK,3655.3524804177546
Ready To Move,Banashankari Stage III,1200.0,5.0,0.0,180.0,5 BHK,15000.0
Not Ready To Move,Kanakpura Road,525.0,1.0,1.0,27.0,1 BHK,5142.857142857143
Ready To Move,JP Nagar,1452.0,2.0,1.0,41.0,3 BHK,2823.6914600550963
Ready To Move,Choodasandra,1254.0,2.0,1.0,65.0,3 BHK,5183.413078149921
Ready To Move,MS Pallya,3600.0,5.0,0.0,110.0,5 BHK,3055.5555555555557
Not Ready To Move,Kanakpura Road,1593.0,3.0,1.0,118.0,3 BHK,7407.407407407408
Ready To Move,ITI Layout,1333.0,2.0,2.0,77.27,2 BHK,5796.699174793698
Ready To Move,Herohalli,1100.0,3.0,1.0,110.0,3 BHK,10000.0
Ready To Move,Raja Rajeshwari Nagar,1375.0,2.0,1.0,54.99,3 BHK,3999.2727272727275
Ready To Move,Ardendale,1650.0,3.0,3.0,82.0,3 BHK,4969.69696969697
Ready To Move,Thanisandra,1430.0,2.0,2.0,51.48,3 BHK,3600.0
Ready To Move,Electronic City,940.0,2.0,1.0,54.0,2 BHK,5744.68085106383
Ready To Move,Electronic City,435.0,1.0,1.0,21.0,1 BHK,4827.586206896552
Ready To Move,Begur Road,1160.0,2.0,2.0,36.54,2 BHK,3150.0
Not Ready To Move,Electronic City,1500.0,2.0,1.0,77.5,3 BHK,5166.666666666667
Ready To Move,Koramangala,1890.0,2.0,1.0,100.0,3 BHK,5291.005291005291
Ready To Move,Doopanahalli,1050.0,2.0,1.0,70.0,2 BHK,6666.666666666667
Ready To Move,Haralur Road,1027.0,2.0,2.0,43.0,2 BHK,4186.952288218111
Ready To Move,Seegehalli,3000.0,4.0,2.0,235.0,3 BHK,7833.333333333333
Ready To Move,Tumkur Road,1459.0,2.0,1.0,95.0,3 BHK,6511.3091158327625
Not Ready To Move,Yelahanka,1711.0,3.0,3.0,85.61,3 BHK,5003.506721215664
Not Ready To Move,Hoodi,1250.0,2.0,2.0,98.0,2 BHK,7840.0
Not Ready To Move,Chandapura,645.0,1.0,1.0,16.45,1 BHK,2550.3875968992247
Ready To Move,Anandapura,875.0,2.0,1.0,57.0,2 BHK,6514.285714285715
Not Ready To Move,Ramamurthy Nagar,1334.0,2.0,1.0,67.0,2 BHK,5022.488755622189
Not Ready To Move,Huskur,1140.0,2.0,1.0,32.92,2 BHK,2887.719298245614
Ready To Move,Sarjapur  Road,1115.0,2.0,2.0,50.0,2 BHK,4484.304932735426
Ready To Move,Amruthahalli,1200.0,5.0,2.0,200.0,3 BHK,16666.666666666668
Not Ready To Move,Rajaji Nagar,1776.0,3.0,1.0,190.0,3 BHK,10698.198198198199
Ready To Move,Thigalarapalya,2072.0,4.0,2.0,160.0,3 BHK,7722.007722007722
Ready To Move,Kundalahalli,1600.0,3.0,2.0,170.0,3 BHK,10625.0
Ready To Move,Kengeri Satellite Town,920.0,2.0,3.0,39.0,2 BHK,4239.130434782609
Ready To Move,Nagasandra,1310.0,3.0,3.0,95.0,4 BHK,7251.908396946565
Ready To Move,Electronic City,1631.0,3.0,2.0,80.0,3 BHK,4904.9662783568365
Not Ready To Move,Kanakpura Road,525.0,1.0,1.0,27.5,1 BHK,5238.0952380952385
Ready To Move,Jalahalli,1395.0,3.0,3.0,82.0,3 BHK,5878.136200716845
Ready To Move,Devi Nagar,2000.0,3.0,2.0,105.0,3 BHK,5250.0
Not Ready To Move,Hennur Road,1232.0,2.0,1.0,66.0,2 BHK,5357.142857142857
Ready To Move,Virupakshapura,1075.0,2.0,1.0,55.0,2 BHK,5116.279069767442
Ready To Move,Gubbalala,1205.0,2.0,2.0,70.0,2 BHK,5809.128630705394
Ready To Move,Muthyala Nagar,1200.0,4.0,2.0,165.0,4 BHK,13750.0
Ready To Move,Rajiv Nagar,2340.0,5.0,1.0,129.0,4 BHK,5512.820512820513
Ready To Move,Rayasandra,1179.0,2.0,1.0,55.0,3 BHK,4664.970313825275
Ready To Move,Kodigehaali,1013.0,2.0,1.0,51.0,2 BHK,5034.550839091807
Ready To Move,Uttarahalli,1160.0,2.0,2.0,40.6,2 BHK,3500.0
Ready To Move,7th Phase JP Nagar,1200.0,2.0,2.0,62.5,2 BHK,5208.333333333333
Ready To Move,Uttarahalli,1255.0,2.0,3.0,50.19,3 BHK,3999.203187250996
Ready To Move,Richmond Town,1100.0,2.0,1.0,145.0,3 BHK,13181.818181818182
Ready To Move,Samethanahalli,1069.0,2.0,1.0,55.0,2 BHK,5144.9953227315245
Ready To Move,Kyalasanahalli,1200.0,3.0,2.0,99.0,3 BHK,8250.0
Ready To Move,Kudlu Gate,1400.0,1.0,1.0,285.0,1 BHK,20357.14285714286
Ready To Move,Marathahalli,1065.0,2.0,2.0,55.0,2 BHK,5164.319248826291
Ready To Move,Lakshminarayana Pura,1395.0,2.0,0.0,75.0,2 BHK,5376.344086021505
Ready To Move,Hebbal Kempapura,1725.0,2.0,1.0,165.0,3 BHK,9565.217391304348
Ready To Move,Coconut Grove Layout,1007.0,2.0,2.0,43.0,2 BHK,4270.109235352532
Ready To Move,Kengeri,1436.0,2.0,2.0,55.0,3 BHK,3830.08356545961
Not Ready To Move,Hebbal,1645.0,3.0,2.0,117.0,3 BHK,7112.462006079028
Ready To Move,Kengeri,1200.0,2.0,0.0,58.0,2 BHK,4833.333333333333
Not Ready To Move,Mysore Road,940.0,2.0,1.0,43.61,2 BHK,4639.36170212766
Not Ready To Move,Hebbal,2850.0,5.0,3.0,343.0,3 BHK,12035.087719298246
Ready To Move,Indira Nagar,1740.0,3.0,2.0,191.0,3 BHK,10977.011494252874
Not Ready To Move,Haralur Road,1194.0,2.0,2.0,47.0,2 BHK,3936.348408710218
Ready To Move,Sadashiva Nagar,3761.0,3.0,2.0,650.0,3 BHK,17282.637596383942
Ready To Move,Dodda Nekkundi,1829.0,3.0,2.0,125.0,3 BHK,6834.3357025697105
Ready To Move,Whitefield,1800.0,4.0,3.0,178.0,4 BHK,9888.888888888889
Ready To Move,Austin Town,1000.0,2.0,1.0,60.0,2 BHK,6000.0
Ready To Move,Venkatapura,5720.0,3.0,0.0,350.0,3 BHK,6118.881118881119
Ready To Move,Vignana Nagar,800.0,4.0,2.0,98.0,5 BHK,12250.0
Ready To Move,Kadabagere,675.0,1.0,1.0,15.0,2 BHK,2222.222222222222
Ready To Move,Hebbal,1390.0,2.0,2.0,95.0,2 BHK,6834.53237410072
Ready To Move,Lakshminarayana Pura,1500.0,3.0,2.0,104.0,3 BHK,6933.333333333333
Not Ready To Move,Vijayanagar,2047.0,3.0,2.0,136.0,3 BHK,6643.869076697606
Ready To Move,Jakkur,1202.0,2.0,1.0,79.0,2 BHK,6572.379367720466
Ready To Move,Kodbisanhalli,1012.0,2.0,1.0,59.0,2 BHK,5830.0395256917
Ready To Move,Gunjur,2132.0,3.0,3.0,80.0,3 BHK,3752.34521575985
Ready To Move,Raja Rajeshwari Nagar,1350.0,4.0,3.0,340.0,4 BHK,25185.185185185186
Ready To Move,Whitefield,605.0,1.0,1.0,40.0,1 BHK,6611.570247933884
Ready To Move,Harlur,1331.0,2.0,1.0,88.0,2 BHK,6611.570247933884
Not Ready To Move,Margondanahalli,1200.0,2.0,0.0,69.0,2 BHK,5750.0
Ready To Move,Kumara Park,1150.0,2.0,0.0,250.0,2 BHK,21739.130434782608
Ready To Move,Sahakara Nagar,1200.0,2.0,1.0,136.0,2 BHK,11333.333333333334
Ready To Move,Anand Nagar,1800.0,2.0,0.0,300.0,2 BHK,16666.666666666668
Ready To Move,Kammanahalli,600.0,2.0,1.0,50.0,3 BHK,8333.333333333334
Ready To Move,Akshaya Vana,1280.0,2.0,2.0,49.0,3 BHK,3828.125
Ready To Move,Balagere,1007.0,2.0,1.0,62.0,2 BHK,6156.901688182721
Not Ready To Move,Thanisandra,1370.0,2.0,1.0,61.0,3 BHK,4452.554744525547
Ready To Move,Kalkere,925.0,2.0,2.0,35.0,2 BHK,3783.7837837837837
Ready To Move,TC Palaya,1500.0,2.0,0.0,75.0,2 BHK,5000.0
Ready To Move,Attibele,450.0,1.0,1.0,12.5,1 BHK,2777.777777777778
Ready To Move,Peenya,1200.0,4.0,1.0,140.0,4 BHK,11666.666666666666
Not Ready To Move,Hennur Road,1341.0,2.0,1.0,95.0,2 BHK,7084.265473527218
Ready To Move,2nd Phase Judicial Layout,1350.0,2.0,2.0,47.25,3 BHK,3500.0
Ready To Move,Tumkur Road,992.0,2.0,1.0,60.0,2 BHK,6048.387096774193
Ready To Move,Uttarahalli,1163.0,2.0,2.0,68.0,2 BHK,5846.947549441101
Ready To Move,Sarjapur  Road,1229.0,2.0,2.0,70.0,2 BHK,5695.6875508543535
Ready To Move,Gowdanapalya,600.0,2.0,2.0,39.0,2 BHK,6500.0
Ready To Move,Electronic City Phase II,1219.0,2.0,1.0,61.26,2 BHK,5025.430680885972
Ready To Move,Raja Rajeshwari Nagar,1525.0,2.0,2.0,99.13,3 BHK,6500.327868852459
Not Ready To Move,Kasavanhalli,1147.0,2.0,1.0,60.0,2 BHK,5231.037489102006
Ready To Move,Akshaya Nagar,1412.0,2.0,3.0,88.0,3 BHK,6232.294617563739
Not Ready To Move,Sarjapur  Road,1044.0,2.0,1.0,34.77,2 BHK,3330.459770114943
Ready To Move,Nagarbhavi,1190.0,2.0,2.0,63.0,2 BHK,5294.117647058823
Ready To Move,Nagadevanahalli,1240.0,2.0,2.0,65.0,3 BHK,5241.935483870968
Ready To Move,Jigani,1352.0,3.0,1.0,65.0,3 BHK,4807.692307692308
Ready To Move,Ashwathnagar,1100.0,2.0,2.0,55.0,2 BHK,5000.0
Ready To Move,Uttarahalli,1330.0,2.0,2.0,39.9,3 BHK,3000.0
Not Ready To Move,RR Layout,1700.0,3.0,2.0,111.0,3 BHK,6529.411764705882
Not Ready To Move,Electronic City,1355.0,2.0,1.0,67.0,2 BHK,4944.649446494465
Not Ready To Move,Ramamurthy Nagar,1200.0,2.0,1.0,46.0,2 BHK,3833.3333333333335
Ready To Move,Kengeri,400.0,2.0,1.0,25.0,1 BHK,6250.0
Ready To Move,Sarjapur  Road,1342.0,2.0,1.0,70.0,2 BHK,5216.095380029807
Ready To Move,Begur Road,1615.0,3.0,2.0,50.87,3 BHK,3149.84520123839
Ready To Move,Vinayaka Nagar,1340.0,2.0,1.0,65.0,2 BHK,4850.746268656716
Ready To Move,Jakkuru Layout,1200.0,2.0,1.0,54.0,2 BHK,4500.0
Ready To Move,Yeshwanthpur,400.0,1.0,0.0,55.0,1 BHK,13750.0
Ready To Move,Devanahalli,1080.0,2.0,1.0,52.0,2 BHK,4814.814814814815
Ready To Move,Gollahalli,1600.0,2.0,1.0,31.0,2 BHK,1937.5
Ready To Move,Electronic City,1200.0,2.0,0.0,34.0,2 BHK,2833.3333333333335
Not Ready To Move,Hennur Road,2700.0,3.0,2.0,150.0,3 BHK,5555.555555555556
Ready To Move,Billapura,1780.0,3.0,0.0,110.0,3 BHK,6179.775280898876
Ready To Move,Amruthahalli,1605.0,3.0,2.0,65.0,3 BHK,4049.8442367601247
Not Ready To Move,Ulsoor,7200.0,5.0,2.0,1584.0,4 BHK,22000.0
Ready To Move,Doddabommasandra,646.0,2.0,1.0,65.0,3 BHK,10061.919504643964
Ready To Move,Kammanahalli,1200.0,2.0,2.0,80.0,2 BHK,6666.666666666667
Ready To Move,Margondanahalli,900.0,2.0,0.0,49.0,2 BHK,5444.444444444444
Not Ready To Move,Sarjapur,1830.0,3.0,1.0,88.0,3 BHK,4808.743169398907
Ready To Move,Vishwapriya Layout,690.0,4.0,1.0,83.0,5 BHK,12028.985507246376
Ready To Move,Srirampuram,650.0,1.0,3.0,500.0,1 BHK,76923.07692307692
Ready To Move,MS Pallya,1800.0,4.0,1.0,68.0,5 BHK,3777.777777777778
Ready To Move,Chandapura,715.0,2.0,0.0,32.0,3 BHK,4475.524475524476
Not Ready To Move,Chandapura,1230.0,2.0,2.0,31.37,3 BHK,2550.4065040650407
Ready To Move,Uttarahalli,1065.0,2.0,1.0,42.59,2 BHK,3999.06103286385
Ready To Move,Srinagar,1080.0,3.0,2.0,149.0,3 BHK,13796.296296296296
Ready To Move,KHB Colony Extension,900.0,2.0,0.0,65.0,3 BHK,7222.222222222223
Ready To Move,Devasthanagalu,946.0,2.0,2.0,45.0,2 BHK,4756.871035940803
Ready To Move,Laggere,1500.0,1.0,0.0,60.0,1 BHK,4000.0
Not Ready To Move,Sarjapur  Road,1711.0,3.0,1.0,110.0,3 BHK,6428.988895382817
Ready To Move,Attur Layout,1200.0,3.0,2.0,160.0,4 BHK,13333.333333333334
Not Ready To Move,Chandapura,950.0,2.0,1.0,25.65,2 BHK,2700.0
Ready To Move,Kudlu Gate,1656.0,3.0,2.0,80.0,3 BHK,4830.917874396136
Ready To Move,Uttarahalli,1075.0,2.0,1.0,46.76,2 BHK,4349.767441860465
Ready To Move,Harlur,1752.12,3.0,2.0,133.0,3 BHK,7590.80428281168
Ready To Move,Kaverappa Layout,1540.0,3.0,3.0,85.0,3 BHK,5519.480519480519
Ready To Move,6th Phase JP Nagar,600.0,4.0,3.0,125.0,4 BHK,20833.333333333332
Ready To Move,LB Shastri Nagar,665.0,1.0,2.0,32.0,1 BHK,4812.0300751879695
Ready To Move,Sector 2 HSR Layout,1665.0,3.0,2.0,110.0,3 BHK,6606.606606606607
Not Ready To Move,Electronics City Phase 1,1145.0,2.0,1.0,54.0,2 BHK,4716.157205240174
Not Ready To Move,Whitefield,1185.0,2.0,2.0,41.0,2 BHK,3459.915611814346
Ready To Move,2nd Phase JP Nagar,1200.0,3.0,1.0,190.0,3 BHK,15833.333333333334
Ready To Move,Marathahalli,1693.0,3.0,2.0,125.0,3 BHK,7383.343177790904
Ready To Move,Dollars Layout,2456.0,3.0,3.0,220.0,3 BHK,8957.654723127036
Ready To Move,Rajaji Nagar,2559.0,3.0,2.0,403.0,3 BHK,15748.339194998047
Ready To Move,Uttarahalli,1155.0,2.0,1.0,40.6,2 BHK,3515.151515151515
Not Ready To Move,Divya Unnathi Layout,1610.0,2.0,2.0,64.4,3 BHK,4000.0000000000005
Not Ready To Move,Whitefield,1200.0,3.0,2.0,56.58,3 BHK,4715.0
Ready To Move,Anjana Nagar,1530.0,2.0,1.0,185.0,2 BHK,12091.503267973856
Ready To Move,EPIP Zone,1709.0,3.0,1.0,80.0,3 BHK,4681.100058513751
Ready To Move,Amruthahalli,600.0,4.0,0.0,60.0,4 BHK,10000.0
Ready To Move,Subramanya Nagar,840.0,1.0,1.0,150.0,1 BHK,17857.14285714286
Ready To Move,Gottigere,1400.0,2.0,1.0,50.0,3 BHK,3571.4285714285716
Ready To Move,KR Puram,1200.0,2.0,1.0,42.0,2 BHK,3500.0
Ready To Move,Janatha Colony,1439.0,3.0,1.0,57.23,3 BHK,3977.067407922168
Ready To Move,Kasavanhalli,1375.0,2.0,2.0,72.0,2 BHK,5236.363636363636
Ready To Move,BTM 2nd Stage,2990.0,5.0,3.0,416.0,5 BHK,13913.04347826087
Ready To Move,Vijayanagar,1200.0,2.0,1.0,75.0,3 BHK,6250.0
Ready To Move,Yelahanka,1315.0,2.0,3.0,75.0,2 BHK,5703.42205323194
Not Ready To Move,Dommasandra,1500.0,2.0,0.0,40.0,2 BHK,2666.6666666666665
Ready To Move,Vijayanagar,1178.0,2.0,3.0,82.0,2 BHK,6960.950764006791
Ready To Move,Bannerghatta Road,1430.0,3.0,2.0,59.0,3 BHK,4125.874125874126
Ready To Move,Mahadevpura,1400.0,2.0,2.0,65.8,3 BHK,4700.0
Ready To Move,Thanisandra,1093.0,2.0,2.0,72.0,2 BHK,6587.374199451052
Ready To Move,Horamavu Banaswadi,1200.0,2.0,1.0,45.0,2 BHK,3750.0
Ready To Move,Magadi Road,5000.0,6.0,1.0,360.0,5 BHK,7200.0
Not Ready To Move,1st Block Jayanagar,1200.0,2.0,0.0,130.0,3 BHK,10833.333333333334
Not Ready To Move,Whitefield,2210.0,3.0,2.0,156.0,3 BHK,7058.823529411765
Ready To Move,Uttarahalli,1150.0,2.0,2.0,70.0,2 BHK,6086.95652173913
Ready To Move,Silk Board,1435.0,2.0,1.0,60.0,3 BHK,4181.184668989547
Ready To Move,Mathikere,600.0,3.0,2.0,100.0,4 BHK,16666.666666666668
Not Ready To Move,Whitefield,1173.0,2.0,1.0,78.2,2 BHK,6666.666666666667
Ready To Move,Thanisandra,1140.0,2.0,1.0,39.0,2 BHK,3421.0526315789475
Ready To Move,Jakkur Plantation,1717.0,3.0,3.0,120.0,3 BHK,6988.934187536401
Ready To Move,Mallasandra,1325.0,2.0,1.0,65.0,2 BHK,4905.66037735849
Ready To Move,Hoodi,1370.0,3.0,2.0,67.0,3 BHK,4890.510948905109
Not Ready To Move,Electronics City Phase 1,1025.0,2.0,1.0,90.0,2 BHK,8780.487804878048
Ready To Move,Doddakammanahalli,1409.0,2.0,3.0,62.0,3 BHK,4400.28388928318
Ready To Move,Bellandur,1200.0,2.0,1.0,52.0,2 BHK,4333.333333333333
Ready To Move,Thanisandra,1200.0,2.0,1.0,53.5,2 BHK,4458.333333333333
Not Ready To Move,Whitefield,1740.0,4.0,3.0,130.0,3 BHK,7471.264367816092
Not Ready To Move,Hennur Road,1232.0,2.0,1.0,88.0,2 BHK,7142.857142857143
Not Ready To Move,Chandapura,1200.0,2.0,1.0,36.0,2 BHK,3000.0
Ready To Move,Whitefield,5924.0,4.0,3.0,625.0,4 BHK,10550.303848750844
Ready To Move,Veersandra,1250.0,2.0,1.0,50.0,2 BHK,4000.0
Ready To Move,Munivenkatppa Layout,1475.0,2.0,2.0,171.0,2 BHK,11593.22033898305
Ready To Move,Bommanahalli,2100.0,4.0,2.0,85.0,4 BHK,4047.6190476190477
Ready To Move,5th Phase JP Nagar,552.0,1.0,1.0,23.5,1 BHK,4257.246376811594
Ready To Move,Uttarahalli,1065.0,2.0,2.0,42.59,3 BHK,3999.06103286385
Not Ready To Move,Hennur,1000.0,3.0,1.0,130.0,3 BHK,13000.0
Ready To Move,Lakshmipura,1225.0,2.0,0.0,65.0,2 BHK,5306.122448979592
Ready To Move,Harsha Layout,650.0,1.0,0.0,16.0,1 BHK,2461.5384615384614
Ready To Move,Padmanabhanagar,1067.0,2.0,2.0,52.0,2 BHK,4873.477038425492
Ready To Move,Sarjapur,1364.0,2.0,2.0,56.0,3 BHK,4105.571847507332
Ready To Move,Tata Nagar,1750.0,3.0,3.0,75.0,3 BHK,4285.714285714285
Ready To Move,Bannerghatta Road,1240.0,2.0,1.0,71.0,2 BHK,5725.806451612903
Ready To Move,Hulimavu,1200.0,2.0,0.0,75.0,2 BHK,6250.0
Ready To Move,Kaggadasapura,1540.0,3.0,2.0,75.0,3 BHK,4870.12987012987
Ready To Move,Sathya Layout,1504.0,2.0,2.0,102.0,3 BHK,6781.914893617021
Ready To Move,New Thippasandra,1116.0,2.0,1.0,49.8,2 BHK,4462.365591397849
Ready To Move,Hennur Road,2365.0,4.0,2.0,175.0,3 BHK,7399.577167019028
Ready To Move,Sarjapura - Attibele Road,1308.0,2.0,2.0,37.0,2 BHK,2828.7461773700306
Ready To Move,Vijayanagar,864.0,2.0,0.0,45.0,2 BHK,5208.333333333333
Ready To Move,Vidyaranyapura,1200.0,5.0,1.0,139.0,5 BHK,11583.333333333334
Ready To Move,Hoskote,1069.0,2.0,2.0,38.0,3 BHK,3554.724041159963
Ready To Move,Hebbal,1333.0,2.0,1.0,100.0,2 BHK,7501.875468867217
Ready To Move,Chennammana Kere,1800.0,4.0,1.0,145.0,4 BHK,8055.555555555556
Ready To Move,Devanahalli,6136.0,4.0,2.0,550.0,4 BHK,8963.49413298566
Ready To Move,Thanisandra,1698.0,3.0,2.0,107.0,3 BHK,6301.531213191991
Not Ready To Move,JP Nagar,1275.0,2.0,2.0,43.6,3 BHK,3419.607843137255
Ready To Move,Raja Rajeshwari Nagar,1060.0,2.0,1.0,48.0,2 BHK,4528.301886792453
Ready To Move,Hennur,1160.0,2.0,1.0,49.0,2 BHK,4224.137931034483
Ready To Move,Sarjapur  Road,1484.0,2.0,2.0,65.0,3 BHK,4380.053908355795
Ready To Move,Hosa Road,675.0,3.0,1.0,70.0,3 BHK,10370.37037037037
Ready To Move,BEML Layout,1200.0,5.0,2.0,325.0,3 BHK,27083.333333333332
Ready To Move,Hennur Road,1310.0,2.0,1.0,66.0,2 BHK,5038.167938931298
Ready To Move,Shanti Nagar,3000.0,4.0,2.0,240.0,4 BHK,8000.0
Ready To Move,Varthur,2145.0,3.0,2.0,165.0,3 BHK,7692.307692307692
Ready To Move,Marathahalli,1693.0,3.0,1.0,125.0,3 BHK,7383.343177790904
Ready To Move,Jigani,1230.0,3.0,3.0,60.0,3 BHK,4878.048780487805
Not Ready To Move,Devanahalli,1200.0,3.0,1.0,145.0,3 BHK,12083.333333333334
Not Ready To Move,Bommasandra Industrial Area,1310.0,2.0,1.0,37.83,3 BHK,2887.7862595419847
Ready To Move,Tigalarpalya,1150.0,2.0,1.0,60.0,2 BHK,5217.391304347826
Not Ready To Move,Munnekollal,1385.0,2.0,2.0,66.5,3 BHK,4801.444043321299
Ready To Move,Tumkur Road,1066.0,2.0,2.0,52.5,2 BHK,4924.953095684803
Not Ready To Move,Thanisandra,2293.0,3.0,2.0,80.26,3 BHK,3500.2180549498476
Ready To Move,Tindlu,720.0,3.0,1.0,81.0,3 BHK,11250.0
Ready To Move,2nd Block Bel Layout,1625.0,3.0,3.0,92.0,3 BHK,5661.538461538462
Ready To Move,Vittasandra,1246.0,2.0,1.0,67.4,2 BHK,5409.309791332264
Ready To Move,Vijayanagar,2100.0,6.0,1.0,252.0,4 BHK,12000.0
Ready To Move,sarjapura main road,2400.0,4.0,3.0,250.0,4 BHK,10416.666666666666
Ready To Move,7th Phase JP Nagar,1000.0,2.0,1.0,70.65,2 BHK,7065.000000000001
Ready To Move,Nagavarapalya,907.0,2.0,2.0,38.0,2 BHK,4189.636163175303
Ready To Move,Ulsoor,3500.0,4.0,0.0,138.0,4 BHK,3942.8571428571427
Ready To Move,Varthur,1395.0,2.0,3.0,79.0,3 BHK,5663.082437275985
Ready To Move,Kumbena Agrahara,1180.0,2.0,2.0,50.0,2 BHK,4237.28813559322
Ready To Move,Banaswadi,1903.0,6.0,2.0,140.0,5 BHK,7356.8050446663165
Not Ready To Move,Electronic City,1175.0,2.0,1.0,47.0,2 BHK,4000.0
Ready To Move,Coconut Grove Layout,1272.0,2.0,2.0,51.5,2 BHK,4048.7421383647797
Ready To Move,Hiremath Layout,1490.0,2.0,1.0,92.0,3 BHK,6174.496644295302
Ready To Move,Yeshwanthpur,1144.0,2.0,2.0,67.0,2 BHK,5856.643356643357
Not Ready To Move,Anekal - Hosur Road,2400.0,5.0,2.0,140.0,4 BHK,5833.333333333333
Ready To Move,Hormavu,1143.0,2.0,1.0,53.0,2 BHK,4636.920384951881
Ready To Move,Karuna Nagar,2500.0,3.0,2.0,190.0,3 BHK,7600.0
Not Ready To Move,Whitefield,1216.0,2.0,1.0,75.0,2 BHK,6167.763157894737
Not Ready To Move,Nallurhalli,1044.0,2.0,1.0,60.0,2 BHK,5747.126436781609
Ready To Move,Prithvi Layout,1352.0,3.0,1.0,93.0,2 BHK,6878.698224852071
Ready To Move,Hennur Road,1552.0,3.0,3.0,75.0,3 BHK,4832.474226804124
Ready To Move,Bellandur,1785.0,3.0,2.0,120.0,3 BHK,6722.689075630252
Ready To Move,Pai Layout,810.0,2.0,2.0,34.5,2 BHK,4259.259259259259
Not Ready To Move,Banashankari Stage V,1650.0,3.0,2.0,51.98,3 BHK,3150.3030303030305
Ready To Move,Akshayanagara East,1595.0,3.0,2.0,70.39,3 BHK,4413.166144200627
Ready To Move,Whitefield,1060.0,2.0,1.0,35.0,2 BHK,3301.8867924528304
Ready To Move,Babusapalaya,1410.0,2.0,3.0,65.0,3 BHK,4609.929078014185
Ready To Move,Nagarbhavi,1523.0,2.0,2.0,56.0,3 BHK,3676.9533814839133
Not Ready To Move,Kanakpura Road,1591.0,3.0,1.0,122.0,3 BHK,7668.133249528599
Ready To Move,Ashwath Nagar,1640.0,3.0,3.0,84.0,3 BHK,5121.951219512195
Ready To Move,Yelahanka New Town,450.0,1.0,0.0,16.0,1 BHK,3555.5555555555557
Ready To Move,Bannerghatta Road,1305.0,2.0,2.0,60.0,3 BHK,4597.701149425287
Ready To Move,Yelahanka,1590.0,3.0,1.0,54.0,3 BHK,3396.2264150943397
Ready To Move,Kaggadasapura,1240.0,2.0,3.0,45.0,2 BHK,3629.032258064516
Ready To Move,MCECHS  layout,1200.0,2.0,2.0,54.0,2 BHK,4500.0
Ready To Move,Dodda Nekkundi,1100.0,2.0,1.0,41.16,2 BHK,3741.8181818181815
Ready To Move,Koramangala,1180.0,2.0,1.0,128.0,2 BHK,10847.457627118643
Ready To Move,Sarjapur  Road,1115.0,2.0,1.0,50.0,2 BHK,4484.304932735426
Ready To Move,Bisuvanahalli,845.0,2.0,1.0,33.0,2 BHK,3905.3254437869823
Ready To Move,4th Block Jayanagar,1567.2,2.0,0.0,190.0,3 BHK,12123.532414497193
Ready To Move,Channasandra,1310.0,2.0,2.0,45.0,3 BHK,3435.114503816794
Ready To Move,Yelahanka,26136.0,1.0,0.0,150.0,1 BHK,573.921028466483
Ready To Move,Jyothi Nagar,959.0,2.0,1.0,42.5,2 BHK,4431.699687174139
Ready To Move,8th Phase JP Nagar,1200.0,4.0,1.0,140.0,4 BHK,11666.666666666666
Ready To Move,Kambipura,883.0,2.0,1.0,37.0,2 BHK,4190.260475651189
Ready To Move,Rachenahalli,1050.0,2.0,2.0,55.5,2 BHK,5285.714285714285
Not Ready To Move,Yelahanka,1390.0,2.0,2.0,70.21,2 BHK,5051.079136690647
Ready To Move,Kenchenahalli,1280.0,2.0,2.0,69.0,3 BHK,5390.625
Ready To Move,Yelahanka,1614.0,3.0,2.0,95.0,3 BHK,5885.9975216852545
Ready To Move,Kasturi Nagar,1000.0,2.0,0.0,58.0,2 BHK,5800.0
Not Ready To Move,Marathahalli,1196.0,2.0,2.0,57.9,2 BHK,4841.13712374582
Ready To Move,Sarjapur  Road,1220.0,3.0,2.0,57.0,3 BHK,4672.131147540984
Not Ready To Move,Ambalipura,950.0,2.0,1.0,31.95,2 BHK,3363.157894736842
Ready To Move,Akshaya Vana,1141.0,2.0,1.0,55.0,2 BHK,4820.333041191937
Ready To Move,5th Phase JP Nagar,1200.0,2.0,2.0,51.0,2 BHK,4250.0
Ready To Move,Kasavanhalli,1380.0,2.0,2.0,55.0,3 BHK,3985.5072463768115
Ready To Move,Doddathoguru,855.0,2.0,1.0,32.0,2 BHK,3742.690058479532
Not Ready To Move,Chandapura,645.0,1.0,1.0,16.45,1 BHK,2550.3875968992247
Ready To Move,Chandapura,922.0,2.0,1.0,36.0,2 BHK,3904.5553145336225
Ready To Move,Nagappa Reddy Layout,1200.0,2.0,2.0,43.2,2 BHK,3600.0
Ready To Move,Nagadevanahalli,1240.0,2.0,2.0,65.0,3 BHK,5241.935483870968
Not Ready To Move,7th Phase JP Nagar,1070.0,2.0,2.0,42.0,2 BHK,3925.233644859813
Ready To Move,Rajiv Gandhi Nagar,1293.0,2.0,2.0,75.0,2 BHK,5800.46403712297
Ready To Move,R.T. Nagar,1380.0,2.0,1.0,50.0,3 BHK,3623.1884057971015
Ready To Move,Yelahanka New Town,1599.0,3.0,2.0,80.0,3 BHK,5003.126954346467
Ready To Move,Nehru Nagar,967.0,2.0,2.0,41.1,2 BHK,4250.258531540848
Ready To Move,Silver Springs Layout,1885.0,3.0,3.0,90.0,3 BHK,4774.535809018567
Ready To Move,1st Block Koramangala,860.0,2.0,2.0,65.5,2 BHK,7616.279069767442
Ready To Move,Yelahanka,1075.0,1.0,0.0,19.5,1 BHK,1813.953488372093
Ready To Move,Sarjapur  Road,1050.0,2.0,1.0,63.5,2 BHK,6047.619047619048
Ready To Move,Marathahalli,1595.0,3.0,2.0,88.0,3 BHK,5517.241379310345
Ready To Move,Sarjapur  Road,1350.0,2.0,2.0,102.0,2 BHK,7555.555555555556
Ready To Move,Hebbal,1204.0,2.0,2.0,45.0,2 BHK,3737.5415282392028
Ready To Move,Sarjapur  Road,2990.0,4.0,2.0,240.0,4 BHK,8026.755852842809
Ready To Move,Sarjapur  Road,1035.0,2.0,2.0,49.0,2 BHK,4734.299516908212
Not Ready To Move,ITPL,1000.0,2.0,1.0,29.95,2 BHK,2995.0
Ready To Move,Sarjapur  Road,1457.0,3.0,3.0,85.0,3 BHK,5833.905284831846
Ready To Move,Haralur Road,1194.0,2.0,2.0,47.0,2 BHK,3936.348408710218
Not Ready To Move,Bannerghatta,1100.0,2.0,1.0,66.0,2 BHK,6000.0
Not Ready To Move,Whitefield,1655.0,3.0,3.0,120.0,3 BHK,7250.755287009063
Ready To Move,Kanakpura Road,1691.2,3.0,1.0,115.0,3 BHK,6799.905392620624
Not Ready To Move,Ramagondanahalli,1215.0,2.0,1.0,46.1,2 BHK,3794.238683127572
Not Ready To Move,Hoodi,1639.0,3.0,2.0,129.0,3 BHK,7870.65283709579
Not Ready To Move,Sarjapur  Road,1685.0,3.0,1.0,135.0,3 BHK,8011.86943620178
Ready To Move,Kaveri Nagar,1008.0,4.0,2.0,180.0,5 BHK,17857.14285714286
Ready To Move,Hormavu,1100.0,2.0,3.0,38.0,2 BHK,3454.5454545454545
Not Ready To Move,Marathahalli,2122.0,3.0,2.0,125.0,3 BHK,5890.66918001885
Ready To Move,Vasanthapura,1050.0,2.0,2.0,47.0,2 BHK,4476.190476190476
Ready To Move,Kengeri,1230.0,2.0,2.0,45.0,2 BHK,3658.5365853658536
Ready To Move,5th Phase JP Nagar,1240.0,3.0,2.0,60.0,3 BHK,4838.709677419355
Not Ready To Move,Electronic City Phase II,1252.0,2.0,3.0,65.0,3 BHK,5191.693290734825
Ready To Move,Canara Bank Colony,1374.0,2.0,2.0,88.0,3 BHK,6404.657933042213
Not Ready To Move,8th Phase JP Nagar,500.0,1.0,1.0,30.0,1 BHK,6000.0
Not Ready To Move,Hebbal,1355.0,3.0,2.0,83.87,3 BHK,6189.667896678967
Ready To Move,Banashankari,1040.0,2.0,3.0,45.0,2 BHK,4326.923076923077
Ready To Move,Sarjapur  Road,1350.0,2.0,2.0,68.0,2 BHK,5037.037037037037
Not Ready To Move,Whitefield,4003.0,6.0,3.0,300.0,4 BHK,7494.379215588308
Ready To Move,Hennur,2400.0,3.0,2.0,135.0,3 BHK,5625.0
Ready To Move,Haralur Road,1560.0,3.0,1.0,90.0,3 BHK,5769.2307692307695
Not Ready To Move,Anandapura,1151.0,2.0,1.0,43.16,2 BHK,3749.7827975673326
Ready To Move,Uttarahalli,1360.0,2.0,2.0,47.59,3 BHK,3499.264705882353
Ready To Move,Crimson Layout,1250.0,2.0,2.0,60.0,2 BHK,4800.0
Not Ready To Move,Chandapura,1110.0,2.0,2.0,29.97,3 BHK,2700.0
Ready To Move,Hennur Road,1015.0,2.0,2.0,50.0,2 BHK,4926.108374384236
Ready To Move,Kadugodi,1351.0,2.0,2.0,78.0,3 BHK,5773.501110288675
Ready To Move,Yelahanka New Town,960.0,2.0,2.0,50.0,2 BHK,5208.333333333333
Not Ready To Move,Virat Nagar,1110.0,2.0,2.0,52.0,2 BHK,4684.684684684685
Ready To Move,R.T. Nagar,1680.0,3.0,2.0,72.0,3 BHK,4285.714285714285
Ready To Move,Arekere,2400.0,3.0,1.0,180.0,3 BHK,7500.0
Not Ready To Move,Yemlur,11000.0,5.0,3.0,2000.0,4 BHK,18181.81818181818
Not Ready To Move,Ramamurthy Nagar Extension,1350.0,3.0,2.0,48.6,3 BHK,3600.0
Ready To Move,Horamavu Banaswadi,1254.0,2.0,2.0,47.0,2 BHK,3748.006379585327
Ready To Move,Haralur Road,1255.0,3.0,2.0,115.0,3 BHK,9163.346613545817
Ready To Move,CV Raman Nagar,1051.0,2.0,3.0,61.0,2 BHK,5803.996194100856
Ready To Move,"2nd phase jp nagar, jp nagar",1200.0,3.0,1.0,205.0,3 BHK,17083.333333333332
Ready To Move,Uttarahalli,1099.0,2.0,2.0,65.0,2 BHK,5914.467697907188
Ready To Move,Hebbal,2650.0,4.0,3.0,199.0,3 BHK,7509.433962264151
Not Ready To Move,Mathikere Extension,2000.0,2.0,1.0,160.0,4 BHK,8000.0
Ready To Move,Yeshwanthpur,1541.0,2.0,2.0,130.0,2 BHK,8436.080467229072
Not Ready To Move,Sarjapur  Road,1200.0,3.0,2.0,70.0,3 BHK,5833.333333333333
Ready To Move,Whitefield,1125.0,2.0,2.0,45.0,2 BHK,4000.0
Ready To Move,Vittasandra,1650.0,3.0,2.0,85.0,3 BHK,5151.515151515152
Ready To Move,Ashwini layout,834.0,1.0,1.0,62.0,1 BHK,7434.052757793765
Ready To Move,Gollarapalya Hosahalli,1320.0,3.0,2.0,60.0,3 BHK,4545.454545454545
Ready To Move,Malleshpalya,1200.0,3.0,1.0,149.0,3 BHK,12416.666666666666
Not Ready To Move,Mysore Road,1500.0,3.0,2.0,74.0,3 BHK,4933.333333333333
Ready To Move,Whitefield,4400.0,5.0,2.0,500.0,4 BHK,11363.636363636364
Ready To Move,Moodalapalya,600.0,1.0,0.0,52.0,1 BHK,8666.666666666666
Ready To Move,Whitefield,1180.0,2.0,2.0,70.0,2 BHK,5932.203389830508
Ready To Move,Kadugodi,1010.0,2.0,1.0,50.0,2 BHK,4950.495049504951
Ready To Move,Channasandra,1070.0,2.0,1.0,38.0,2 BHK,3551.4018691588785
Ready To Move,Choodasandra,1580.0,3.0,3.0,105.0,3 BHK,6645.569620253164
Ready To Move,BEML Layout 5th Stage,1200.0,5.0,2.0,325.0,4 BHK,27083.333333333332
Ready To Move,Green Glen Layout,2000.0,3.0,2.0,165.0,3 BHK,8250.0
Ready To Move,Iblur Village,1920.0,3.0,2.0,130.0,3 BHK,6770.833333333333
Ready To Move,Sanjay nagar,1200.0,2.0,1.0,76.0,3 BHK,6333.333333333333
Ready To Move,Kalena Agrahara,1040.0,2.0,2.0,45.0,2 BHK,4326.923076923077
Ready To Move,Hulimavu,1430.0,2.0,2.0,90.0,3 BHK,6293.706293706294
Ready To Move,Uttarahalli,1215.0,2.0,2.0,52.85,3 BHK,4349.794238683127
Ready To Move,Domlur,650.0,1.0,1.0,70.0,1 BHK,10769.23076923077
Ready To Move,Thanisandra,1564.0,3.0,1.0,105.0,3 BHK,6713.5549872122765
Ready To Move,Manonarayanapalya,800.0,2.0,1.0,52.0,3 BHK,6500.0
Ready To Move,Hormavu,750.0,2.0,0.0,58.0,2 BHK,7733.333333333333
Ready To Move,Kasavanhalli,1200.0,2.0,2.0,60.0,2 BHK,5000.0
Ready To Move,Raja Rajeshwari Nagar,1128.0,2.0,1.0,48.79,2 BHK,4325.354609929078
Ready To Move,Begur Road,1200.0,2.0,2.0,44.4,2 BHK,3700.0
Ready To Move,Cholanayakanahalli,2000.0,4.0,1.0,135.0,4 BHK,6750.0
Ready To Move,Jakkur Plantation,2750.0,3.0,2.0,260.0,3 BHK,9454.545454545454
Ready To Move,4th T block Jayanagar,2400.0,4.0,2.0,480.0,4 BHK,20000.0
Ready To Move,Yelahanka,1650.0,3.0,3.0,105.0,3 BHK,6363.636363636364
Not Ready To Move,1st Block Jayanagar,1235.0,2.0,2.0,148.0,2 BHK,11983.805668016194
Ready To Move,Yelahanka,1200.0,2.0,2.0,55.0,2 BHK,4583.333333333333
Ready To Move,Kengeri Satellite Town,985.0,2.0,2.0,42.0,2 BHK,4263.959390862944
Not Ready To Move,Ramagondanahalli,1475.0,2.0,2.0,63.0,3 BHK,4271.186440677966
Ready To Move,Hebbal,3450.0,5.0,0.0,348.0,3 BHK,10086.95652173913
Not Ready To Move,Sarjapur  Road,1157.0,2.0,1.0,53.99,3 BHK,4666.3785652549695
Ready To Move,Canara Bank Colony,900.0,2.0,3.0,35.0,2 BHK,3888.8888888888887
Ready To Move,Gottigere,2500.0,3.0,2.0,120.0,4 BHK,4800.0
Ready To Move,GM Palaya,1030.0,2.0,1.0,60.0,2 BHK,5825.242718446602
Not Ready To Move,Kamdhenu Nagar,1000.0,2.0,1.0,46.0,2 BHK,4600.0
Ready To Move,Sarjapur  Road,3800.0,3.0,3.0,325.0,4 BHK,8552.631578947368
Not Ready To Move,Kasavanhalli,4260.0,4.0,2.0,333.0,4 BHK,7816.901408450704
Ready To Move,Brookefield,1950.0,6.0,3.0,175.0,5 BHK,8974.358974358975
Ready To Move,Kudlu,1570.0,2.0,2.0,65.94,3 BHK,4200.0
Not Ready To Move,Kanakapura,1283.0,2.0,2.0,68.0,2 BHK,5300.077942322681
Ready To Move,Electronic City Phase II,875.0,2.0,2.0,40.0,3 BHK,4571.428571428572
Ready To Move,Vinayaka Nagar,1200.0,2.0,2.0,52.0,2 BHK,4333.333333333333
Ready To Move,HAL 2nd Stage,2700.0,3.0,0.0,500.0,3 BHK,18518.51851851852
Ready To Move,Konanakunte,2400.0,2.0,3.0,180.0,3 BHK,7500.0
Ready To Move,Kathriguppe,1250.0,2.0,2.0,68.75,3 BHK,5500.0
Not Ready To Move,Old Madras Road,3630.0,6.0,1.0,196.0,4 BHK,5399.449035812672
Ready To Move,Yelahanka,990.0,2.0,2.0,37.62,2 BHK,3799.9999999999995
Ready To Move,Panathur,1199.0,2.0,1.0,85.0,2 BHK,7089.241034195163
Ready To Move,Brindavan Nagar,1280.0,2.0,2.0,90.0,2 BHK,7031.25
Not Ready To Move,1st Block Jayanagar,2750.0,4.0,0.0,413.0,4 BHK,15018.181818181818
Ready To Move,Reliaable Tranquil Layout,1190.0,2.0,1.0,55.0,2 BHK,4621.848739495798
Ready To Move,Yelachenahalli,1100.0,2.0,2.0,60.0,2 BHK,5454.545454545455
Ready To Move,RMV,2075.0,3.0,1.0,175.0,3 BHK,8433.734939759037
Ready To Move,Harlur,1133.0,2.0,1.0,55.0,2 BHK,4854.368932038835
Ready To Move,Somasundara Palya,2400.0,3.0,3.0,140.0,4 BHK,5833.333333333333
Ready To Move,Whitefield,1280.0,2.0,2.0,69.0,2 BHK,5390.625
Ready To Move,Horamavu Agara,1250.0,3.0,2.0,65.0,3 BHK,5200.0
Ready To Move,Begur Road,1565.0,2.0,2.0,49.3,3 BHK,3150.1597444089457
Ready To Move,Pattanagere,1900.0,3.0,0.0,65.0,3 BHK,3421.0526315789475
Ready To Move,Munnekollal,1080.0,2.0,2.0,45.0,2 BHK,4166.666666666667
Ready To Move,Battarahalli,600.0,1.0,0.0,47.0,1 BHK,7833.333333333333
Ready To Move,Himagiri Meadows,1240.0,4.0,1.0,180.0,3 BHK,14516.129032258064
Ready To Move,HRBR Layout,1335.0,2.0,1.0,87.0,3 BHK,6516.853932584269
Ready To Move,Vittasandra,1246.0,2.0,1.0,67.3,2 BHK,5401.284109149277
Ready To Move,Sarjapur  Road,1385.0,3.0,1.0,55.0,3 BHK,3971.1191335740073
Not Ready To Move,Govindpura,1578.0,3.0,1.0,73.9,3 BHK,4683.143219264893
Ready To Move,HSR Layout,1140.0,2.0,2.0,46.0,2 BHK,4035.0877192982457
Not Ready To Move,Sarjapur  Road,1700.0,3.0,1.0,79.9,3 BHK,4700.000000000001
Ready To Move,Ganganahalli,1050.0,4.0,0.0,90.0,4 BHK,8571.42857142857
Ready To Move,Vidyaranyapura,1120.0,2.0,1.0,70.0,2 BHK,6250.0
Ready To Move,Electronic City,435.0,1.0,1.0,22.0,1 BHK,5057.471264367816
Ready To Move,Magadi Road,1116.0,2.0,1.0,51.89,2 BHK,4649.641577060932
Ready To Move,Old Madras Road,1480.0,3.0,2.0,95.0,3 BHK,6418.918918918919
Ready To Move,Hormavu,1000.0,2.0,2.0,50.0,2 BHK,5000.0
Ready To Move,HSR Layout,1145.0,2.0,2.0,46.0,2 BHK,4017.467248908297
Ready To Move,Bommasandra,800.0,1.0,1.0,32.0,2 BHK,4000.0
Not Ready To Move,Thanisandra,1265.0,2.0,1.0,83.0,2 BHK,6561.264822134387
Ready To Move,Narayanappa Garden,1475.0,2.0,1.0,70.0,2 BHK,4745.762711864407
Ready To Move,BTM 2nd Stage,1265.0,2.0,2.0,55.0,2 BHK,4347.826086956522
Ready To Move,Anandapura,1200.0,2.0,0.0,58.0,2 BHK,4833.333333333333
Ready To Move,1st Phase JP Nagar,2180.0,3.0,2.0,210.0,3 BHK,9633.02752293578
Ready To Move,Brookefield,1080.0,2.0,3.0,50.0,2 BHK,4629.62962962963
Ready To Move,Whitefield,2023.0,4.0,2.0,130.0,3 BHK,6426.099851705388
Ready To Move,Hanumantha Nagar,2400.0,2.0,3.0,125.0,2 BHK,5208.333333333333
Ready To Move,Kadubeesanahalli,1545.0,2.0,2.0,66.0,3 BHK,4271.844660194175
Ready To Move,Kalena Agrahara,1804.0,3.0,2.0,166.0,3 BHK,9201.773835920178
Ready To Move,3rd Block Hrbr Layout,1200.0,2.0,1.0,200.0,2 BHK,16666.666666666668
Ready To Move,6th Phase JP Nagar,1350.0,2.0,2.0,58.0,3 BHK,4296.2962962962965
Not Ready To Move,Hoodi,1108.0,2.0,1.0,74.23,2 BHK,6699.458483754513
Ready To Move,Marathahalli,1730.0,3.0,2.0,115.0,3 BHK,6647.398843930636
Ready To Move,RWF West Colony,1427.0,2.0,3.0,70.0,3 BHK,4905.395935529082
Ready To Move,Yelahanka,935.0,2.0,1.0,35.53,2 BHK,3800.0
Ready To Move,Sarjapura - Attibele Road,1073.0,2.0,2.0,31.77,2 BHK,2960.857409133271
Ready To Move,Ananth Nagar,960.0,2.0,3.0,37.0,2 BHK,3854.1666666666665
Ready To Move,Thigalarapalya,2215.0,4.0,2.0,150.0,3 BHK,6772.009029345372
Not Ready To Move,Electronic City Phase II,1125.0,2.0,1.0,32.49,2 BHK,2888.0
Ready To Move,Brookefield,1230.0,2.0,3.0,55.0,2 BHK,4471.544715447155
Ready To Move,Mahadevpura,1438.0,2.0,1.0,89.0,2 BHK,6189.151599443671
Ready To Move,7th Phase JP Nagar,1080.0,2.0,2.0,75.0,2 BHK,6944.444444444444
Ready To Move,Hebbal Kempapura,1200.0,3.0,2.0,125.0,3 BHK,10416.666666666666
Ready To Move,Marathahalli,1200.0,1.0,1.0,103.0,2 BHK,8583.333333333334
Ready To Move,Uttarahalli,1590.0,3.0,2.0,58.0,3 BHK,3647.7987421383646
Ready To Move,Seetharampalya,1350.0,3.0,2.0,68.0,3 BHK,5037.037037037037
Ready To Move,Raja Rajeshwari Nagar,1400.0,2.0,2.0,48.0,3 BHK,3428.5714285714284
Ready To Move,Kaggadasapura,1560.0,2.0,3.0,72.0,3 BHK,4615.384615384615
Ready To Move,Mallasandra,1810.0,3.0,2.0,57.0,4 BHK,3149.171270718232
Ready To Move,Kanaka Nagar,2274.24,4.0,1.0,160.0,3 BHK,7035.317292809907
Not Ready To Move,Sonnenahalli,1484.0,3.0,1.0,74.18,3 BHK,4998.652291105122
Ready To Move,Indira Nagar,1650.0,3.0,3.0,220.0,3 BHK,13333.333333333334
Ready To Move,Stage-4 Bommanahalli,1455.0,2.0,2.0,55.0,3 BHK,3780.0687285223366
Ready To Move,Thanisandra,2280.0,4.0,2.0,184.0,3 BHK,8070.175438596491
Ready To Move,Rest House Road,4900.0,5.0,2.0,980.0,5 BHK,20000.0
Not Ready To Move,Frazer Town,2079.0,3.0,3.0,220.0,3 BHK,10582.010582010582
Ready To Move,Bharathi Nagar,1351.0,2.0,2.0,74.0,2 BHK,5477.424130273871
Ready To Move,Kanakpura Road,1223.0,2.0,2.0,42.81,3 BHK,3500.408830744072
Not Ready To Move,KR Puram,1430.0,2.0,1.0,61.0,3 BHK,4265.734265734266
Ready To Move,Whitefield,3589.0,5.0,0.0,400.0,4 BHK,11145.165784341041
Not Ready To Move,Electronic City Phase II,1310.0,2.0,2.0,37.83,3 BHK,2887.7862595419847
Ready To Move,Channasandra,1800.0,4.0,1.0,300.0,4 BHK,16666.666666666668
Not Ready To Move,Giri Nagar,1120.0,4.0,2.0,175.0,4 BHK,15625.0
Not Ready To Move,Sarjapur  Road,984.0,2.0,1.0,55.0,2 BHK,5589.430894308943
Ready To Move,Jalahalli,1770.0,3.0,3.0,100.0,3 BHK,5649.717514124294
Ready To Move,Immadihalli,900.0,3.0,1.0,105.0,2 BHK,11666.666666666666
Ready To Move,Ramamurthy Nagar,1350.0,5.0,1.0,120.0,5 BHK,8888.888888888889
Not Ready To Move,Bhoganhalli,1447.0,2.0,1.0,75.97,2 BHK,5250.172771250864
Ready To Move,Margondanahalli,1140.0,2.0,1.0,60.0,2 BHK,5263.1578947368425
Not Ready To Move,Bommanahalli,1170.0,2.0,3.0,34.0,2 BHK,2905.982905982906
Ready To Move,Poorna Pragna Layout,1160.0,2.0,2.0,46.39,2 BHK,3999.137931034483
Not Ready To Move,Kanakpura Road,1296.0,2.0,1.0,89.0,2 BHK,6867.283950617284
Ready To Move,Kempapura,1570.0,3.0,2.0,80.0,3 BHK,5095.541401273886
Ready To Move,Nagappa Reddy Layout,1495.0,2.0,2.0,65.0,3 BHK,4347.826086956522
Ready To Move,Hoodi,1530.0,2.0,2.0,67.0,3 BHK,4379.084967320261
Ready To Move,Rajaji Nagar,900.0,4.0,0.0,140.0,5 BHK,15555.555555555555
Ready To Move,Gunjur,1800.0,3.0,1.0,70.0,3 BHK,3888.8888888888887
Ready To Move,Bellandur,1088.0,2.0,2.0,48.0,2 BHK,4411.764705882353
Not Ready To Move,Hosa Road,1533.0,3.0,1.0,98.18,3 BHK,6404.4357469015
Ready To Move,Rachenahalli,1100.0,2.0,1.0,68.0,2 BHK,6181.818181818182
Ready To Move,Thubarahalli,1540.0,3.0,3.0,90.0,3 BHK,5844.1558441558445
Ready To Move,Hebbal,1244.0,3.0,1.0,48.0,2 BHK,3858.520900321543
Not Ready To Move,Hosa Road,1040.0,2.0,1.0,68.59,2 BHK,6595.192307692308
Ready To Move,Begur Road,1260.0,2.0,1.0,39.69,2 BHK,3150.0
Ready To Move,Uttarahalli,1180.0,2.0,1.0,41.3,2 BHK,3499.9999999999995
Ready To Move,Thigalarapalya,1245.0,2.0,2.0,100.0,2 BHK,8032.128514056225
Ready To Move,Dollars Colony,1350.0,3.0,0.0,75.0,3 BHK,5555.555555555556
Ready To Move,KUDLU MAIN ROAD,1464.0,3.0,2.0,56.0,3 BHK,3825.136612021858
Ready To Move,Alur,470.0,2.0,1.0,10.0,1 BHK,2127.659574468085
Ready To Move,Vijayanagar,920.0,2.0,2.0,60.0,2 BHK,6521.739130434783
Ready To Move,Sarjapur,1124.0,2.0,1.0,30.35,2 BHK,2700.1779359430607
Not Ready To Move,Yelahanka New Town,2095.0,3.0,1.0,109.0,4 BHK,5202.863961813842
Not Ready To Move,Begur Road,1100.0,2.0,1.0,71.42,2 BHK,6492.727272727273
Ready To Move,Vijayanagar,1019.0,2.0,1.0,58.0,2 BHK,5691.854759568204
Ready To Move,Harlur,1756.0,3.0,2.0,128.0,3 BHK,7289.293849658315
Not Ready To Move,Bommasandra,1280.0,3.0,1.0,50.0,3 BHK,3906.25
Ready To Move,Kenchenahalli,1200.0,3.0,2.0,125.0,4 BHK,10416.666666666666
Ready To Move,Indira Nagar,1700.0,3.0,2.0,150.0,3 BHK,8823.529411764706
Not Ready To Move,Whitefield,2134.0,4.0,2.0,118.0,3 BHK,5529.522024367385
Not Ready To Move,Hosa Road,1369.1,2.0,1.0,98.0,2 BHK,7157.986998758309
Ready To Move,Subramanyapura,600.0,3.0,1.0,69.0,3 BHK,11500.0
Ready To Move,Hennur Bande,1313.0,4.0,2.0,150.0,3 BHK,11424.219345011425
Ready To Move,Carmelaram,2515.0,4.0,3.0,155.0,3 BHK,6163.021868787277
Ready To Move,Thigalarapalya,2215.0,4.0,2.0,154.0,3 BHK,6952.5959367945825
Ready To Move,Basapura,1440.0,3.0,2.0,72.0,3 BHK,5000.0
Ready To Move,Hennur Road,1186.0,2.0,2.0,55.33,3 BHK,4665.2613827993255
Ready To Move,Uttarahalli,1350.0,2.0,2.0,47.24,3 BHK,3499.259259259259
Ready To Move,Hebbal,1800.0,3.0,2.0,140.0,3 BHK,7777.777777777777
Ready To Move,Kudlu,1600.0,3.0,3.0,79.0,3 BHK,4937.5
Ready To Move,GM Palaya,1000.0,2.0,1.0,35.0,2 BHK,3500.0
Ready To Move,Cunningham Road,2275.0,3.0,3.0,285.0,3 BHK,12527.472527472528
Ready To Move,Banashankari Stage III,1305.0,2.0,1.0,59.0,3 BHK,4521.072796934866
Not Ready To Move,Binny Pete,1740.0,3.0,1.0,150.0,3 BHK,8620.689655172413
Ready To Move,Malleshwaram,900.0,2.0,1.0,90.0,2 BHK,10000.0
Ready To Move,Benson Town,1567.0,3.0,0.0,140.0,2 BHK,8934.269304403319
Ready To Move,Kambipura,1082.0,2.0,1.0,45.5,3 BHK,4205.1756007393715
Ready To Move,Nagarbhavi,1050.0,2.0,1.0,80.0,2 BHK,7619.047619047619
Ready To Move,Atmananda Colony,1200.0,2.0,1.0,56.0,2 BHK,4666.666666666667
Ready To Move,Begur,3500.0,4.0,2.0,185.0,3 BHK,5285.714285714285
Ready To Move,Dasarahalli,1220.0,2.0,2.0,52.0,2 BHK,4262.295081967213
Not Ready To Move,Binny Pete,1970.0,3.0,2.0,164.0,3 BHK,8324.873096446701
Not Ready To Move,CMH Road,2665.0,3.0,1.0,350.0,3 BHK,13133.208255159474
Ready To Move,Kanakapura,2130.0,4.0,0.0,120.0,4 BHK,5633.802816901409
Ready To Move,Harlur,1749.0,3.0,2.0,120.0,3 BHK,6861.06346483705
Not Ready To Move,Subramanyapura,1260.0,2.0,1.0,108.0,2 BHK,8571.42857142857
Ready To Move,6th Phase JP Nagar,1170.0,2.0,2.0,120.0,2 BHK,10256.410256410256
Ready To Move,Ankappa Layout,1670.0,3.0,2.0,75.0,3 BHK,4491.017964071856
Ready To Move,Hennur Road,2264.0,3.0,2.0,168.0,3 BHK,7420.494699646643
Not Ready To Move,Byadarahalli,3500.0,5.0,2.0,450.0,4 BHK,12857.142857142857
Ready To Move,Begur,1100.0,2.0,2.0,55.0,2 BHK,5000.0
Not Ready To Move,Chandapura,674.0,1.0,1.0,19.9,2 BHK,2952.522255192878
Ready To Move,Koramangala,1320.0,2.0,1.0,160.0,2 BHK,12121.212121212122
Ready To Move,Vishveshwarya Layout,600.0,4.0,2.0,85.0,4 BHK,14166.666666666666
Ready To Move,Electronics City Phase 1,1125.0,2.0,2.0,65.0,2 BHK,5777.777777777777
Ready To Move,Nagavara,1125.0,2.0,2.0,44.5,2 BHK,3955.5555555555557
Ready To Move,Baba Nagar,700.0,2.0,1.0,29.0,2 BHK,4142.857142857143
Ready To Move,BTM Layout,1300.0,2.0,1.0,75.0,3 BHK,5769.2307692307695
Ready To Move,JP Nagar,1600.0,3.0,2.0,83.0,3 BHK,5187.5
Not Ready To Move,Magadi Road,1052.0,2.0,1.0,60.0,3 BHK,5703.42205323194
Ready To Move,Neelasandra,1140.0,3.0,1.0,145.0,4 BHK,12719.298245614034
Ready To Move, Devarachikkanahalli,1130.0,2.0,2.0,36.0,2 BHK,3185.8407079646017
Ready To Move,Yediyur,1140.0,3.0,2.0,225.0,4 BHK,19736.842105263157
Ready To Move,BTM 2nd Stage,2200.0,3.0,3.0,220.0,3 BHK,10000.0
Ready To Move,Electronic City,1500.0,2.0,1.0,63.0,3 BHK,4200.0
Not Ready To Move,Old Madras Road,1350.0,3.0,1.0,47.25,3 BHK,3500.0
Ready To Move,Gottigere,1230.0,2.0,2.0,52.0,3 BHK,4227.642276422765
Not Ready To Move,Haralur Road,1520.0,2.0,2.0,85.0,3 BHK,5592.105263157895
Not Ready To Move,Kanakpura Road,525.0,1.0,1.0,26.25,1 BHK,5000.0
Not Ready To Move,Hosa Road,1040.0,2.0,1.0,61.0,2 BHK,5865.384615384615
Ready To Move,Upadhyaya Layout,1300.0,2.0,1.0,67.0,3 BHK,5153.846153846154
Not Ready To Move,Old Airport Road,2690.0,4.0,3.0,201.0,4 BHK,7472.118959107806
Ready To Move,Domlur,780.0,1.0,1.0,70.0,1 BHK,8974.358974358975
Ready To Move,Panathur,1140.0,2.0,1.0,51.2,2 BHK,4491.228070175439
Not Ready To Move,Chandapura,1225.0,3.0,1.0,33.08,3 BHK,2700.408163265306
Ready To Move,Nagavarapalya,646.0,1.0,0.0,25.84,1 BHK,4000.0
Ready To Move,Cox Town,1600.0,3.0,1.0,150.0,3 BHK,9375.0
Not Ready To Move,Kadugodi,1890.0,4.0,3.0,125.0,3 BHK,6613.756613756614
Ready To Move,Kadugodi,1050.0,2.0,1.0,34.0,2 BHK,3238.095238095238
Ready To Move,Whitefield,1458.0,2.0,2.0,62.0,3 BHK,4252.400548696845
Ready To Move,Naganathapura,1200.0,6.0,0.0,86.0,5 BHK,7166.666666666667
Ready To Move,Green Glen Layout,1970.0,3.0,2.0,160.0,3 BHK,8121.827411167513
Ready To Move,Whitefield,1808.0,4.0,0.0,80.0,3 BHK,4424.778761061947
Ready To Move,Balagere,1007.0,2.0,1.0,67.0,2 BHK,6653.4260178748755
Ready To Move,Doddathoguru,1105.0,2.0,1.0,50.0,2 BHK,4524.886877828054
Ready To Move,Lakshminarayana Pura,1700.0,3.0,3.0,150.0,3 BHK,8823.529411764706
Ready To Move,Raja Rajeshwari Nagar,1170.0,2.0,3.0,50.0,2 BHK,4273.504273504273
Ready To Move,Chandapura,1080.0,2.0,3.0,45.0,2 BHK,4166.666666666667
Ready To Move,Kaggalipura,1150.0,2.0,1.0,62.0,3 BHK,5391.304347826087
Not Ready To Move,Ramamurthy Nagar,1200.0,2.0,1.0,57.9,2 BHK,4825.0
Ready To Move,Jakkuru Layout,1200.0,2.0,1.0,54.0,2 BHK,4500.0
Ready To Move,Kudlu Gate,1656.0,3.0,2.0,75.0,3 BHK,4528.985507246377
Not Ready To Move,bsk 6th stage 2ad block near sri conversation hall,600.0,4.0,2.0,87.0,4 BHK,14500.0
Ready To Move,KR Puram,1040.0,2.0,2.0,50.0,2 BHK,4807.692307692308
Ready To Move,Hosur Road,1085.0,2.0,2.0,33.7,2 BHK,3105.9907834101386
Not Ready To Move,Virat Nagar,1215.0,2.0,2.0,49.75,3 BHK,4094.650205761317
Ready To Move,NRI Layout,2150.0,4.0,2.0,115.0,4 BHK,5348.837209302325
Ready To Move,Hoodi,1100.0,4.0,1.0,120.0,4 BHK,10909.09090909091
Not Ready To Move,Panathur,1210.0,2.0,1.0,77.0,2 BHK,6363.636363636364
Ready To Move,Kallumantapa,1050.0,2.0,1.0,55.0,2 BHK,5238.0952380952385
Ready To Move,"Annapoorneshwari Layout, JP nagar 7th phase",600.0,3.0,1.0,70.0,3 BHK,11666.666666666666
Not Ready To Move,Iblur Village,1920.0,3.0,2.0,150.0,3 BHK,7812.5
Ready To Move,Uttarahalli,1250.0,2.0,1.0,50.0,3 BHK,4000.0
Ready To Move,Mysore Road,947.55,2.0,1.0,80.0,2 BHK,8442.826236082528
Ready To Move,Malleshpalya,1421.0,2.0,1.0,90.0,2 BHK,6333.56790992259
Not Ready To Move,Old Madras Road,1425.0,2.0,2.0,74.31,3 BHK,5214.736842105263
Ready To Move,Budigere,1162.0,2.0,1.0,58.0,2 BHK,4991.394148020654
Not Ready To Move,Whitefield,905.0,1.0,1.0,60.0,1 BHK,6629.834254143647
Ready To Move,Sarjapur  Road,914.0,2.0,1.0,32.0,2 BHK,3501.09409190372
Not Ready To Move,elachenahalli,1258.0,2.0,0.0,58.0,2 BHK,4610.492845786964
Ready To Move,CV Raman Nagar,1100.0,4.0,2.0,220.0,4 BHK,20000.0
Ready To Move,Hormavu,3500.0,4.0,1.0,289.0,4 BHK,8257.142857142857
Ready To Move,Ramagondanahalli,4200.0,4.0,2.0,800.0,4 BHK,19047.619047619046
Ready To Move,Whitefield,1537.0,2.0,3.0,70.0,3 BHK,4554.326610279766
Ready To Move,Chikkalasandra,1230.0,2.0,2.0,53.51,3 BHK,4350.40650406504
Ready To Move,Malleshwaram,2250.0,3.0,1.0,200.0,3 BHK,8888.888888888889
Ready To Move,Hosur Road,2000.0,4.0,1.0,69.0,4 BHK,3450.0
Ready To Move,Kumaraswami Layout,2600.0,4.0,0.0,325.0,4 BHK,12500.0
Not Ready To Move,Indira Nagar,3200.0,3.0,2.0,250.0,4 BHK,7812.5
Ready To Move,Anjanapura,950.0,2.0,0.0,32.0,2 BHK,3368.4210526315787
Ready To Move,Marathahalli,4000.0,4.0,2.0,200.0,4 BHK,5000.0
Ready To Move,Yelahanka,1282.0,2.0,1.0,48.72,3 BHK,3800.312012480499
Not Ready To Move,Banashankari Stage III,1304.0,2.0,0.0,111.0,2 BHK,8512.269938650306
Ready To Move,7th Phase JP Nagar,2100.0,3.0,2.0,200.0,3 BHK,9523.809523809523
Ready To Move,Jakkur,1220.0,2.0,2.0,49.0,3 BHK,4016.3934426229507
Ready To Move,Budigere,1636.0,3.0,2.0,85.0,3 BHK,5195.59902200489
Ready To Move,7th Phase JP Nagar,1415.0,3.0,1.0,65.0,3 BHK,4593.639575971732
Ready To Move,Green Glen Layout,1728.0,3.0,2.0,125.0,3 BHK,7233.7962962962965
Ready To Move,7th Phase JP Nagar,1680.0,3.0,3.0,125.0,3 BHK,7440.476190476191
Not Ready To Move,Venkatapura,1235.0,2.0,1.0,140.0,2 BHK,11336.032388663967
Not Ready To Move,Yelachenahalli,900.0,2.0,1.0,115.0,4 BHK,12777.777777777777
Ready To Move,Yelahanka,3990.0,4.0,1.0,260.0,4 BHK,6516.290726817043
Ready To Move,Kasavanhalli,1495.0,2.0,2.0,83.0,2 BHK,5551.8394648829435
Ready To Move,Hennur Road,1500.0,5.0,1.0,175.0,5 BHK,11666.666666666666
Ready To Move,Yeshwanthpur,2501.0,3.0,3.0,138.0,3 BHK,5517.792882846861
Not Ready To Move,Kanakpura Road,381.0,1.0,0.0,28.0,1 BHK,7349.081364829396
Not Ready To Move,Gopalapura,3301.8,5.0,2.0,570.0,4 BHK,17263.310921315646
Ready To Move,Hennur Road,2002.0,3.0,2.0,120.0,3 BHK,5994.005994005994
Not Ready To Move,Meenakunte,3200.0,3.0,0.0,260.0,3 BHK,8125.0
Ready To Move,Banjara Layout,1200.0,2.0,2.0,70.0,2 BHK,5833.333333333333
Ready To Move,Sarjapur  Road,1500.0,3.0,0.0,235.0,4 BHK,15666.666666666666
Not Ready To Move,Bommasandra,1942.0,3.0,2.0,90.0,3 BHK,4634.3975283213185
Ready To Move,Thyagaraja Nagar,660.0,1.0,0.0,95.0,1 BHK,14393.939393939394
Ready To Move,Banashankari Stage III,1200.0,6.0,2.0,170.0,4 BHK,14166.666666666666
Ready To Move,Basavanna Nagar,1450.0,3.0,2.0,90.0,3 BHK,6206.896551724138
Ready To Move,Electronic City,1039.0,2.0,1.0,50.0,2 BHK,4812.319538017325
Ready To Move,Old Madras Road,1210.0,2.0,1.0,80.0,2 BHK,6611.570247933884
Ready To Move,Attibele,995.0,1.0,1.0,24.88,2 BHK,2500.502512562814
Ready To Move,Yelahanka,1620.0,3.0,2.0,90.0,3 BHK,5555.555555555556
Ready To Move,Choodasandra,3204.0,4.0,3.0,395.0,3 BHK,12328.339575530586
Ready To Move,Hebbal Kempapura,3408.0,3.0,3.0,260.0,3 BHK,7629.107981220657
Ready To Move,Marathahalli,1314.0,2.0,3.0,55.0,2 BHK,4185.692541856925
Ready To Move,Bisuvanahalli,945.0,2.0,1.0,33.0,2 BHK,3492.063492063492
Ready To Move,Nehru Nagar,1374.0,3.0,2.0,72.0,3 BHK,5240.174672489083
Not Ready To Move,Kanakpura Road,1603.0,3.0,3.0,113.0,3 BHK,7049.282595134124
Ready To Move,Kengeri,1230.0,2.0,2.0,52.0,3 BHK,4227.642276422765
Ready To Move,Sarjapur  Road,1864.0,3.0,2.0,105.0,4 BHK,5633.0472103004295
Not Ready To Move,Hosa Road,2500.0,3.0,2.0,100.0,3 BHK,4000.0
Ready To Move,Raja Rajeshwari Nagar,1625.0,2.0,2.0,54.0,3 BHK,3323.076923076923
Ready To Move,Whitefield,1186.0,2.0,3.0,55.0,2 BHK,4637.43676222597
Ready To Move,Electronic City,770.0,1.0,1.0,39.9,2 BHK,5181.818181818182
Not Ready To Move,Varthur,1085.0,2.0,1.0,45.0,2 BHK,4147.465437788019
Ready To Move,Dairy Circle,3754.0,6.0,2.0,480.0,4 BHK,12786.361214704315
Ready To Move,Dodsworth Layout,1893.0,3.0,2.0,115.0,3 BHK,6075.0132065504495
Ready To Move,Thurahalli,600.0,3.0,2.0,65.0,4 BHK,10833.333333333334
Ready To Move,Kundalahalli,1496.0,2.0,3.0,78.0,3 BHK,5213.903743315508
Not Ready To Move,Chandapura,1305.0,3.0,1.0,33.28,3 BHK,2550.191570881226
Ready To Move,Electronics City Phase 1,1550.0,2.0,2.0,82.0,3 BHK,5290.322580645161
Ready To Move,Marathahalli,1200.0,2.0,1.0,58.17,3 BHK,4847.5
Not Ready To Move,Badavala Nagar,1494.0,2.0,2.0,94.55,3 BHK,6328.647925033467
Ready To Move,Electronic City Phase II,1286.0,2.0,2.0,69.0,2 BHK,5365.47433903577
Ready To Move,"Banashankari 6th stage , 2nd block",600.0,4.0,1.0,100.0,3 BHK,16666.666666666668
Ready To Move,Hebbal,1860.0,3.0,2.0,95.0,3 BHK,5107.5268817204305
Ready To Move,Raghuvanahalli,425.0,1.0,1.0,750.0,1 BHK,176470.58823529413
Ready To Move,Haralur Road,1243.0,2.0,2.0,45.0,2 BHK,3620.2735317779566
Ready To Move,Brookefield,1200.0,2.0,2.0,75.0,2 BHK,6250.0
Ready To Move,Sarjapur,1044.0,2.0,2.0,32.0,2 BHK,3065.1340996168583
Ready To Move,7th Phase JP Nagar,1040.0,2.0,1.0,41.59,2 BHK,3999.038461538462
Not Ready To Move,8th Phase JP Nagar,1125.0,2.0,2.0,36.94,2 BHK,3283.5555555555557
Not Ready To Move,Cunningham Road,3489.0,3.0,1.0,662.0,3 BHK,18973.91802808828
Ready To Move,Subramanyapura,1278.0,2.0,2.0,59.0,3 BHK,4616.588419405321
Ready To Move,Belatur,1250.0,2.0,1.0,43.0,2 BHK,3440.0
Ready To Move,Vijayanagar,2400.0,6.0,3.0,125.0,5 BHK,5208.333333333333
Ready To Move,KR Puram,4166.0,5.0,2.0,560.0,5 BHK,13442.150744119059
Ready To Move,Lakshminarayana Pura,1210.0,2.0,2.0,75.0,2 BHK,6198.347107438017
Ready To Move,8th Phase JP Nagar,1200.0,3.0,2.0,110.0,4 BHK,9166.666666666666
Not Ready To Move,Sarjapur  Road,1157.0,2.0,1.0,57.84,3 BHK,4999.1356957649095
Ready To Move,Raja Rajeshwari Nagar,1185.0,2.0,1.0,51.15,2 BHK,4316.455696202532
Ready To Move,Kalena Agrahara,1450.0,3.0,3.0,100.0,3 BHK,6896.551724137931
Ready To Move,Old Madras Road,1859.0,3.0,2.0,121.0,3 BHK,6508.87573964497
Ready To Move,Rajaji Nagar,1763.0,3.0,2.0,262.0,2 BHK,14861.032331253546
Not Ready To Move,Attibele,900.0,1.0,1.0,25.0,2 BHK,2777.777777777778
Ready To Move,Ramamurthy Nagar,1305.0,3.0,1.0,60.0,3 BHK,4597.701149425287
Ready To Move,Srirampuram,1200.0,2.0,2.0,100.0,3 BHK,8333.333333333334
Ready To Move,Sarjapur  Road,1150.0,2.0,0.0,36.8,2 BHK,3199.9999999999995
Ready To Move,Whitefield,1806.0,3.0,3.0,85.0,3 BHK,4706.5337763012185
Ready To Move,Kudlu,1027.0,2.0,2.0,42.0,2 BHK,4089.581304771178
Not Ready To Move,Uttarahalli,1002.0,2.0,1.0,40.08,2 BHK,4000.0
Not Ready To Move,Electronic City Phase II,1220.0,2.0,1.0,36.21,3 BHK,2968.032786885246
Ready To Move,Whitefield,1109.0,2.0,1.0,35.22,2 BHK,3175.834084761046
Ready To Move,Uttarahalli,1002.0,2.0,1.0,40.08,2 BHK,4000.0
Ready To Move,Narayanapura,1308.0,2.0,1.0,89.04,2 BHK,6807.339449541284
Not Ready To Move,Hennur Road,1232.0,2.0,1.0,69.6,2 BHK,5649.350649350648
Not Ready To Move,Haralur Road,1027.0,2.0,2.0,44.0,2 BHK,4284.323271665044
Ready To Move,Kalyan nagar,1250.0,2.0,2.0,65.0,2 BHK,5200.0
Ready To Move,KR Puram,960.0,4.0,2.0,80.0,4 BHK,8333.333333333334
Ready To Move,Raja Rajeshwari Nagar,1255.0,2.0,1.0,53.87,2 BHK,4292.4302788844625
Ready To Move,Akshaya Nagar,1434.0,3.0,3.0,84.0,3 BHK,5857.740585774059
Ready To Move,Doddathoguru,925.0,2.0,2.0,30.0,2 BHK,3243.2432432432433
Not Ready To Move,Jakkur,1858.0,3.0,1.0,123.0,3 BHK,6620.021528525296
Ready To Move,Jakkuru Layout,1205.0,2.0,1.0,70.0,2 BHK,5809.128630705394
Not Ready To Move,Nelamangala,1500.0,3.0,2.0,90.0,3 BHK,6000.0
Ready To Move,Nagawara Junction,1200.0,3.0,2.0,200.0,3 BHK,16666.666666666668
Ready To Move,Mysore Road,1020.0,2.0,2.0,48.95,2 BHK,4799.019607843137
Ready To Move,Thanisandra,965.0,2.0,1.0,56.0,2 BHK,5803.108808290155
Ready To Move,7th Phase JP Nagar,1800.0,6.0,3.0,270.0,5 BHK,15000.0
Ready To Move,Battarahalli,1636.0,2.0,2.0,82.89,2 BHK,5066.6259168704155
Not Ready To Move,Kundalahalli,1724.0,3.0,1.0,125.0,3 BHK,7250.580046403712
Not Ready To Move,Whitefield,1216.0,2.0,1.0,67.0,2 BHK,5509.868421052632
Not Ready To Move,Yelahanka,654.0,1.0,1.0,36.25,1 BHK,5542.813455657492
Ready To Move,Chikkabanavar,2460.0,7.0,2.0,80.0,4 BHK,3252.032520325203
Ready To Move,Abbaiah Reddy Layout,1190.0,2.0,2.0,41.0,2 BHK,3445.378151260504
Ready To Move,Budigere,1636.0,3.0,2.0,92.0,3 BHK,5623.471882640587
Not Ready To Move,Hennur Road,1195.0,2.0,2.0,73.0,2 BHK,6108.786610878661
Ready To Move,Nagavara,2400.0,3.0,3.0,251.0,3 BHK,10458.333333333334
Ready To Move,1st Block HRBR Layout,1250.0,2.0,1.0,67.0,2 BHK,5360.0
Ready To Move,Whitefield,1452.0,3.0,2.0,90.0,3 BHK,6198.347107438017
Not Ready To Move,Thanisandra,1546.0,3.0,1.0,95.0,3 BHK,6144.890038809832
Ready To Move,Indira Nagar,1440.0,3.0,1.0,275.0,3 BHK,19097.222222222223
Ready To Move,Naganathapura,2260.0,3.0,1.0,80.0,2 BHK,3539.8230088495575
Ready To Move,Tavarekere,2700.0,3.0,2.0,90.0,4 BHK,3333.3333333333335
Ready To Move,Indira Nagar,1475.0,2.0,2.0,171.0,2 BHK,11593.22033898305
Ready To Move,JP Nagar,3000.0,3.0,2.0,150.0,4 BHK,5000.0
Ready To Move,KG Halli,375.0,1.0,0.0,26.0,1 BHK,6933.333333333333
Ready To Move,Balagere,1007.0,2.0,1.0,66.0,2 BHK,6554.121151936445
Ready To Move,Cubbon Road,5422.0,6.0,2.0,1900.0,4 BHK,35042.419771302106
Ready To Move,Hennur Road,1020.0,2.0,3.0,47.0,2 BHK,4607.843137254902
Ready To Move,Lavelle Road,1000.0,2.0,0.0,150.0,2 BHK,15000.0
Ready To Move,Varanasi,800.0,3.0,1.0,59.5,2 BHK,7437.5
Ready To Move,Geddalahalli,1200.0,3.0,2.0,95.0,5 BHK,7916.666666666667
Ready To Move,Marathahalli,1125.0,2.0,3.0,55.0,2 BHK,4888.888888888889
Ready To Move,Kada Agrahara,909.0,2.0,1.0,43.0,3 BHK,4730.47304730473
Ready To Move,Whitefield,2850.0,5.0,0.0,240.0,4 BHK,8421.052631578947
Ready To Move,Dodsworth Layout,1400.0,2.0,3.0,85.0,2 BHK,6071.428571428572
Ready To Move,Kadugodi,1152.0,2.0,2.0,61.0,2 BHK,5295.138888888889
Ready To Move,Subramanyapura,958.0,2.0,1.0,34.49,2 BHK,3600.2087682672236
Ready To Move,Whitefield,1150.0,2.0,2.0,55.0,2 BHK,4782.608695652174
Ready To Move,Old Madras Road,2990.0,5.0,1.0,173.0,3 BHK,5785.953177257525
Ready To Move,Bellandur,1310.0,2.0,2.0,85.0,2 BHK,6488.5496183206105
Ready To Move,Hosur Road,1590.0,2.0,2.0,126.0,3 BHK,7924.528301886792
Ready To Move,Green Glen Layout,1645.0,3.0,2.0,110.0,3 BHK,6686.930091185411
Ready To Move,Veerabhadra Nagar,1800.0,2.0,2.0,100.0,3 BHK,5555.555555555556
Ready To Move,Thanisandra,1795.0,3.0,2.0,150.0,3 BHK,8356.545961002785
Ready To Move,8th Phase JP Nagar,1100.0,2.0,3.0,35.0,2 BHK,3181.818181818182
Ready To Move,Kalkere,925.0,2.0,2.0,70.0,2 BHK,7567.5675675675675
Ready To Move,Basavangudi,1542.14,3.0,3.0,120.0,3 BHK,7781.394685307429
Ready To Move,Konanakunte,3746.0,6.0,1.0,375.0,4 BHK,10010.6780565937
Ready To Move,Thanisandra,1430.0,2.0,2.0,54.0,3 BHK,3776.2237762237764
Ready To Move,Bommanahalli,1020.0,2.0,2.0,55.0,2 BHK,5392.156862745098
Ready To Move,Ramamurthy Nagar Extension,750.0,2.0,1.0,42.0,4 BHK,5600.0
Not Ready To Move,Electronic City Phase II,1140.0,2.0,1.0,32.92,2 BHK,2887.719298245614
Ready To Move,Anekal,967.0,2.0,1.0,45.0,3 BHK,4653.567735263702
Not Ready To Move,Hebbal,2470.0,4.0,2.0,203.0,4 BHK,8218.623481781377
Ready To Move,Maruthi Nagar,850.0,1.0,0.0,35.5,2 BHK,4176.470588235294
Ready To Move,Vidhyanagar Cross,1100.0,2.0,2.0,32.0,2 BHK,2909.090909090909
Ready To Move,Thanisandra,1697.0,3.0,2.0,110.0,3 BHK,6482.027106658809
Ready To Move,Varthur,1250.0,2.0,2.0,47.0,2 BHK,3760.0
Ready To Move,Gottigere,1120.0,2.0,2.0,50.0,2 BHK,4464.285714285715
Ready To Move,NRI Layout,1200.0,4.0,0.0,95.0,4 BHK,7916.666666666667
Ready To Move,Hennur Road,5100.0,6.0,3.0,375.0,5 BHK,7352.941176470588
Ready To Move,7th Block Jayanagar,2400.0,3.0,2.0,480.0,4 BHK,20000.0
Ready To Move,Hebbal,1200.0,2.0,1.0,52.0,2 BHK,4333.333333333333
Ready To Move,7th Phase JP Nagar,1100.0,2.0,1.0,44.0,2 BHK,4000.0
Ready To Move, Devarachikkanahalli,1417.0,2.0,2.0,76.0,3 BHK,5363.443895553987
Ready To Move,Thanisandra,1492.0,3.0,1.0,88.0,3 BHK,5898.123324396783
Not Ready To Move,Devanahalli,1498.0,3.0,3.0,79.15,3 BHK,5283.711615487317
Ready To Move,Bellari Road,3500.0,2.0,1.0,350.0,4 BHK,10000.0
Ready To Move,Kundalahalli,1010.0,2.0,1.0,48.27,2 BHK,4779.207920792079
Ready To Move,Hennur,1255.0,2.0,2.0,53.5,2 BHK,4262.948207171315
Ready To Move,Channasandra,1050.0,2.0,1.0,35.0,2 BHK,3333.3333333333335
Ready To Move,Hegde Nagar,1847.0,3.0,2.0,125.0,3 BHK,6767.73145641581
Not Ready To Move,1st Stage Indira Nagar,1200.0,2.0,2.0,55.0,2 BHK,4583.333333333333
Ready To Move,Bellandur,982.0,2.0,2.0,37.28,2 BHK,3796.3340122199593
Ready To Move,Hegde Nagar,2144.6,4.0,2.0,145.0,3 BHK,6761.167583698592
Ready To Move,Kengeri,750.0,2.0,1.0,36.5,2 BHK,4866.666666666667
Ready To Move,Electronic City,919.0,2.0,2.0,35.0,2 BHK,3808.487486398259
Ready To Move,Budigere,1087.0,2.0,1.0,54.3,2 BHK,4995.40018399264
Ready To Move,Sunder Ram Shetty Nagar,1480.0,3.0,2.0,74.0,3 BHK,5000.0
Ready To Move,Tindlu,1180.0,2.0,2.0,52.0,2 BHK,4406.779661016949
Ready To Move,6th Block Jayanagar,2100.0,4.0,2.0,255.0,3 BHK,12142.857142857143
Ready To Move,Jigani,1221.0,3.0,2.0,65.0,3 BHK,5323.505323505324
Ready To Move,Haralur Road,1194.0,2.0,2.0,46.0,2 BHK,3852.5963149078725
Ready To Move,Thanisandra,2072.0,3.0,2.0,122.0,3 BHK,5888.030888030888
Not Ready To Move,Whitefield,1600.0,3.0,2.0,69.0,3 BHK,4312.5
Ready To Move,Sahakara Nagar,2200.0,3.0,2.0,98.0,3 BHK,4454.545454545455
Ready To Move,Rajaji Nagar,1640.0,3.0,3.0,220.0,3 BHK,13414.634146341463
Ready To Move,Kaikondrahalli,1253.0,2.0,2.0,81.5,2 BHK,6504.38946528332
Ready To Move,Hennur Road,1061.0,2.0,1.0,54.92,2 BHK,5176.248821866164
Ready To Move,Marathahalli,1950.0,3.0,2.0,115.0,3 BHK,5897.4358974358975
Ready To Move,Marathahalli,1250.0,2.0,2.0,68.0,2 BHK,5440.0
Ready To Move,Hennur Road,1585.0,2.0,3.0,80.0,3 BHK,5047.318611987382
Ready To Move,Kanakpura Road,1452.0,3.0,3.0,60.98,3 BHK,4199.724517906336
Ready To Move,Kammasandra,1015.0,2.0,2.0,37.0,2 BHK,3645.320197044335
Ready To Move,Marathahalli,1125.0,2.0,2.0,56.8,2 BHK,5048.888888888889
Not Ready To Move,Electronic City Phase II,1116.0,2.0,2.0,40.0,2 BHK,3584.2293906810037
Ready To Move,Kadarenahalli,400.0,1.0,0.0,35.0,1 BHK,8750.0
Ready To Move,Kasavanhalli,4000.0,4.0,2.0,325.0,4 BHK,8125.0
Ready To Move,Hebbal,3900.0,4.0,2.0,410.0,4 BHK,10512.820512820514
Ready To Move,Old Madras Road,1300.0,2.0,2.0,100.0,2 BHK,7692.307692307692
Ready To Move,Raja Rajeshwari Nagar,1419.0,2.0,1.0,60.42,2 BHK,4257.928118393234
Ready To Move,Punappa Layout,1310.0,2.0,1.0,55.0,3 BHK,4198.473282442748
Ready To Move,Thigalarapalya,2072.0,4.0,2.0,152.0,3 BHK,7335.907335907336
Ready To Move,Kaggadasapura,1240.0,2.0,1.0,58.58,2 BHK,4724.193548387097
Ready To Move,Chamrajpet,1565.0,3.0,2.0,98.91,3 BHK,6320.127795527156
Ready To Move,Budigere,1820.0,3.0,2.0,89.0,3 BHK,4890.10989010989
Ready To Move,Gubbalala,2500.0,3.0,1.0,88.0,3 BHK,3520.0
Ready To Move,KR Puram,3657.0,5.0,2.0,310.0,5 BHK,8476.89362865737
Ready To Move,Hosa Road,1245.0,2.0,1.0,62.0,2 BHK,4979.919678714859
Ready To Move,GM Palaya,1315.0,3.0,1.0,65.0,3 BHK,4942.9657794676805
Ready To Move,Kenchenahalli,1410.0,2.0,2.0,73.0,3 BHK,5177.304964539007
Ready To Move,Dasarahalli,1375.0,2.0,1.0,60.0,2 BHK,4363.636363636364
Ready To Move,Old Madras Road,1299.0,2.0,2.0,95.0,2 BHK,7313.317936874519
Ready To Move,Pampa Extension,993.0,2.0,3.0,45.5,2 BHK,4582.074521651561
Ready To Move,Bommasandra Industrial Area,1200.0,3.0,0.0,45.0,2 BHK,3750.0
Ready To Move,Lavelle Road,985.0,2.0,1.0,156.0,2 BHK,15837.56345177665
Ready To Move,4th Block Koramangala,2400.0,5.0,3.0,180.0,4 BHK,7500.0
Not Ready To Move,Hebbal,1255.0,2.0,1.0,95.0,3 BHK,7569.721115537848
Not Ready To Move,Hoodi,1655.0,3.0,2.0,131.0,3 BHK,7915.407854984895
Not Ready To Move,Whitefield,2830.0,5.0,3.0,190.0,4 BHK,6713.780918727915
Ready To Move, Sector 1 HSR Layout,6000.0,1.0,1.0,276.0,1 BHK,4600.0
Ready To Move,Electronic City,550.0,1.0,1.0,15.0,2 BHK,2727.2727272727275
Ready To Move,Balaji Gardens Layout,825.0,2.0,1.0,40.0,1 BHK,4848.484848484848
Not Ready To Move,Begur Road,1634.0,3.0,1.0,111.0,3 BHK,6793.145654834761
Ready To Move,Banaswadi,1222.0,2.0,2.0,80.0,2 BHK,6546.6448445171845
Ready To Move,Gottigere,1500.0,3.0,2.0,63.0,3 BHK,4200.0
Ready To Move,Akshaya Nagar,1890.0,4.0,2.0,100.0,3 BHK,5291.005291005291
Ready To Move,Hegde Nagar,3750.0,6.0,2.0,375.0,4 BHK,10000.0
Ready To Move,Hulimavu,850.0,1.0,1.0,39.5,2 BHK,4647.058823529412
Ready To Move,Whitefield,1295.0,2.0,3.0,78.5,2 BHK,6061.776061776061
Ready To Move,Sarjapur  Road,1320.0,2.0,1.0,100.0,2 BHK,7575.757575757576
Ready To Move,ISRO Layout,950.0,3.0,3.0,179.0,4 BHK,18842.105263157893
Ready To Move,Hebbal,1200.0,4.0,2.0,225.0,4 BHK,18750.0
Ready To Move,2nd Stage Nagarbhavi,3000.0,3.0,3.0,170.0,4 BHK,5666.666666666667
Ready To Move,Harlur,1197.0,2.0,1.0,82.0,2 BHK,6850.459482038429
Ready To Move,Hoysalanagar,1320.0,2.0,3.0,60.0,3 BHK,4545.454545454545
Ready To Move,Billekahalli,1180.0,5.0,2.0,98.5,5 BHK,8347.457627118643
Not Ready To Move,Whitefield,840.0,1.0,1.0,57.6,1 BHK,6857.142857142857
Ready To Move,Raja Rajeshwari Nagar,1693.0,3.0,1.0,71.38,3 BHK,4216.184288245718
Ready To Move,Kodihalli,1000.0,2.0,1.0,62.0,2 BHK,6200.0
Ready To Move,Babusapalaya,1305.0,2.0,1.0,70.0,2 BHK,5363.984674329502
Ready To Move,Kodichikkanahalli,450.0,1.0,1.0,18.0,1 BHK,4000.0
Ready To Move,CV Raman Nagar,705.0,1.0,1.0,57.0,1 BHK,8085.106382978724
Ready To Move,Ilyas Nagar,750.0,6.0,2.0,75.0,4 BHK,10000.0
Ready To Move,Tumkur Road,4800.0,5.0,2.0,150.0,5 BHK,3125.0
Ready To Move,Koramangala Industrial Layout,5000.0,5.0,2.0,600.0,4 BHK,12000.0
Ready To Move,Gubbalala,5000.0,4.0,3.0,425.0,4 BHK,8500.0
Not Ready To Move,Whitefield,1991.0,3.0,2.0,104.0,3 BHK,5223.505775991964
Ready To Move,Battarahalli,1779.0,3.0,2.0,90.0,3 BHK,5059.02192242833
Ready To Move,Whitefield,10200.0,4.0,1.0,1250.0,4 BHK,12254.901960784313
Ready To Move,Banaswadi,870.0,2.0,2.0,38.0,2 BHK,4367.816091954023
Not Ready To Move,Thanisandra,1595.0,3.0,2.0,120.0,3 BHK,7523.510971786834
Not Ready To Move,Kanakpura Road,525.0,1.0,1.0,26.0,1 BHK,4952.380952380952
Ready To Move,Ramamurthy Nagar,945.0,5.0,2.0,120.0,4 BHK,12698.412698412698
Not Ready To Move,Iblur Village,2000.0,4.0,2.0,138.0,3 BHK,6900.0
Ready To Move,Yelahanka,1614.0,3.0,2.0,93.0,3 BHK,5762.081784386617
Ready To Move,Gottigere,1200.0,2.0,3.0,40.0,2 BHK,3333.3333333333335
Ready To Move,Electronic City Phase II,1150.0,3.0,3.0,46.0,3 BHK,4000.0
Ready To Move,Indira Nagar,3200.0,4.0,2.0,440.0,4 BHK,13750.0
Not Ready To Move,Sonnenahalli,1610.0,3.0,2.0,80.48,3 BHK,4998.757763975155
Ready To Move,Whitefield,1190.0,2.0,2.0,41.0,2 BHK,3445.378151260504
Ready To Move,Kallumantapa,1050.0,2.0,2.0,50.0,2 BHK,4761.9047619047615
Ready To Move,Vaishnavi Layout,4800.0,5.0,2.0,420.0,4 BHK,8750.0
Ready To Move,7th Phase JP Nagar,1460.0,2.0,1.0,97.0,3 BHK,6643.835616438356
Ready To Move,Jaymahal Road,3400.0,3.0,3.0,400.0,3 BHK,11764.70588235294
Ready To Move,Naganathapura,600.0,1.0,0.0,33.0,1 BHK,5500.0
Ready To Move,Suraksha Nagar,1569.0,3.0,0.0,70.0,3 BHK,4461.440407903123
Not Ready To Move,"Off Sarjapur Road, ",2600.0,3.0,2.0,147.0,3 BHK,5653.846153846154
Ready To Move,Electronics City Phase 1,645.0,1.0,0.0,42.5,1 BHK,6589.147286821705
Ready To Move,Nagarbhavi Garden Villas Layout,1200.0,3.0,1.0,180.0,4 BHK,15000.0
Ready To Move,Nagarbhavi,800.0,3.0,0.0,95.0,3 BHK,11875.0
Ready To Move,Mico Layout,800.0,2.0,1.0,80.0,2 BHK,10000.0
Ready To Move,Marathahalli,1350.0,2.0,1.0,90.0,2 BHK,6666.666666666667
Ready To Move,BTM 2nd Stage,2780.0,4.0,1.0,325.0,3 BHK,11690.647482014389
Not Ready To Move,Rajarajeshwari Nagara,1410.0,2.0,2.0,45.12,3 BHK,3200.0
Ready To Move,Whitefield,1109.0,2.0,1.0,35.47,2 BHK,3198.376916140667
Ready To Move,Vasanth nagar,2000.0,3.0,2.0,1063.0,4 BHK,53150.0
Ready To Move,Agrahara Dasarahalli,800.0,1.0,0.0,72.0,1 BHK,9000.0
Ready To Move,Bannerghatta Road,1215.0,2.0,1.0,68.0,2 BHK,5596.707818930041
Ready To Move,Prithvi Layout,2273.0,4.0,2.0,192.0,3 BHK,8446.986361636604
Not Ready To Move,Varthur Road,1255.0,2.0,2.0,52.76,2 BHK,4203.98406374502
Ready To Move,B Narayanapura,1020.0,2.0,1.0,49.0,2 BHK,4803.921568627451
Not Ready To Move,T R Mill Road,1225.0,2.0,2.0,82.0,3 BHK,6693.877551020408
Ready To Move,Singasandra,1120.0,2.0,1.0,60.0,2 BHK,5357.142857142857
Ready To Move,Victoria Layout,2400.0,5.0,3.0,625.0,5 BHK,26041.666666666668
Ready To Move,Kasavanhalli,1225.0,2.0,1.0,69.0,3 BHK,5632.65306122449
Ready To Move,Whitefield,5200.0,5.0,3.0,242.0,4 BHK,4653.846153846154
Ready To Move,Indira Nagar,4000.0,4.0,1.0,700.0,4 BHK,17500.0
Ready To Move,Sarjapur  Road,1984.0,4.0,1.0,145.0,3 BHK,7308.467741935484
Ready To Move,Old Madras Road,2425.0,3.0,1.0,197.0,3 BHK,8123.711340206186
Not Ready To Move,ITPL,1200.0,3.0,1.0,56.12,3 BHK,4676.666666666667
Not Ready To Move,Bommasandra,1127.0,2.0,1.0,45.0,2 BHK,3992.9015084294588
Not Ready To Move,Whitefield,1655.0,3.0,2.0,97.0,3 BHK,5861.027190332326
Not Ready To Move,Ananth Nagar,500.0,1.0,1.0,14.0,1 BHK,2800.0
Not Ready To Move,Varthur,1200.0,3.0,1.0,68.38,3 BHK,5698.333333333333
Ready To Move,Kaggadasapura,1000.0,2.0,2.0,43.0,2 BHK,4300.0
Not Ready To Move,CV Raman Nagar,1225.0,2.0,2.0,47.88,2 BHK,3908.5714285714284
Ready To Move,Hormavu,1350.0,2.0,2.0,45.0,2 BHK,3333.3333333333335
Not Ready To Move,Nagarbhavi,600.0,5.0,3.0,95.0,4 BHK,15833.333333333334
Ready To Move,Sahakara Nagar,1175.0,2.0,3.0,49.0,2 BHK,4170.212765957447
Ready To Move,Sanne Amanikere,655.0,1.0,2.0,27.0,1 BHK,4122.137404580153
Not Ready To Move,Hosa Road,1311.0,2.0,1.0,84.86,3 BHK,6472.921434019832
Ready To Move,Banashankari Stage VI,600.0,4.0,0.0,90.0,3 BHK,15000.0
Ready To Move,CV Raman Nagar,1000.0,2.0,1.0,38.5,2 BHK,3850.0
Ready To Move,Indira Nagar Stage 2,1196.0,2.0,1.0,96.0,2 BHK,8026.755852842809
Ready To Move,Kanakpura Road,1050.0,2.0,1.0,59.0,3 BHK,5619.047619047619
Ready To Move,Somasundara Palya,1275.0,2.0,2.0,52.0,3 BHK,4078.4313725490197
Ready To Move,Hommadevanahalli,927.0,2.0,1.0,50.0,2 BHK,5393.743257820927
Ready To Move,Varthur,1520.0,2.0,3.0,61.0,3 BHK,4013.157894736842
Ready To Move,BTM Layout 2nd Stage 1st Phase,2400.0,5.0,2.0,395.0,4 BHK,16458.333333333332
Ready To Move,Hebbal,1333.0,2.0,1.0,104.0,2 BHK,7801.950487621905
Not Ready To Move,Tunganagara,600.0,1.0,0.0,18.0,1 BHK,3000.0
Not Ready To Move,Abbigere,1326.0,2.0,1.0,34.8,3 BHK,2624.434389140271
Ready To Move,Koramangala,1370.0,2.0,2.0,125.0,2 BHK,9124.087591240876
Ready To Move,Koramangala,1100.0,2.0,2.0,85.0,2 BHK,7727.272727272727
Ready To Move,Haralur Road,1650.0,3.0,3.0,100.0,3 BHK,6060.606060606061
Not Ready To Move,Kasavanhalli,1917.0,3.0,2.0,132.0,3 BHK,6885.758998435055
Ready To Move,Doddakannelli,780.0,3.0,2.0,75.0,3 BHK,9615.384615384615
Ready To Move,Billekahalli,950.0,2.0,1.0,58.11,2 BHK,6116.8421052631575
Ready To Move,T C Palya main Road,1175.0,2.0,1.0,48.72,2 BHK,4146.382978723404
Ready To Move,8th Phase JP Nagar,1089.0,2.0,1.0,43.55,2 BHK,3999.0817263544536
Ready To Move,Kalena Agrahara,1804.0,3.0,2.0,175.0,3 BHK,9700.665188470066
Ready To Move,Hoodi,1257.0,2.0,1.0,68.5,2 BHK,5449.482895783612
Ready To Move,Sarjapur,650.0,1.0,2.0,19.87,1 BHK,3056.923076923077
Ready To Move,Whitefield,1850.0,3.0,2.0,150.0,3 BHK,8108.108108108108
Ready To Move,Vishwapriya Nagar,2800.0,4.0,1.0,200.0,4 BHK,7142.857142857143
Ready To Move,Vidyaranyapura,945.0,2.0,1.0,40.0,2 BHK,4232.804232804233
Not Ready To Move,Koramangala,1161.0,2.0,1.0,63.85,2 BHK,5499.569336778639
Not Ready To Move,Banashankari Stage V,1630.0,3.0,2.0,51.35,3 BHK,3150.306748466258
Ready To Move,Jalahalli,1310.0,2.0,2.0,60.0,3 BHK,4580.152671755725
Ready To Move,Lake City,750.0,2.0,1.0,28.0,2 BHK,3733.3333333333335
Not Ready To Move,Whitefield,1200.0,3.0,1.0,67.77,3 BHK,5647.5
Ready To Move,Vittal Nagar,1000.0,2.0,1.0,45.0,2 BHK,4500.0
Ready To Move,Old Madras Road,4000.0,4.0,2.0,225.0,4 BHK,5625.0
Ready To Move,Nagavara,1315.0,2.0,2.0,70.0,2 BHK,5323.19391634981
Ready To Move,Sahakara Nagar,1370.0,2.0,2.0,90.0,3 BHK,6569.343065693431
Ready To Move,Ulsoor,1200.0,4.0,3.0,150.0,5 BHK,12500.0
Ready To Move,Bellandur,1465.0,3.0,3.0,90.0,2 BHK,6143.344709897611
Ready To Move,JP Nagar,20000.0,3.0,2.0,175.0,3 BHK,875.0
Not Ready To Move,Electronic City,1128.0,2.0,1.0,64.0,2 BHK,5673.758865248227
Ready To Move,Padmanabhanagar,1250.0,2.0,2.0,70.0,3 BHK,5600.0
Not Ready To Move,Hebbal,1645.0,3.0,2.0,117.0,3 BHK,7112.462006079028
Ready To Move,Horamavu Agara,1284.0,2.0,2.0,75.0,3 BHK,5841.121495327103
Not Ready To Move,Hebbal,2600.0,3.0,2.0,199.0,3 BHK,7653.846153846154
Not Ready To Move,Kodigehalli,1820.0,3.0,2.0,150.0,3 BHK,8241.758241758242
Ready To Move,Haralur Road,1580.0,3.0,1.0,73.0,3 BHK,4620.2531645569625
Ready To Move,Akshaya Nagar,2650.0,3.0,2.0,125.0,3 BHK,4716.981132075472
Ready To Move,Bannerghatta Road,1215.0,2.0,1.0,68.0,2 BHK,5596.707818930041
Ready To Move,Uttarahalli,1075.0,2.0,1.0,40.0,2 BHK,3720.9302325581393
Ready To Move,R.T. Nagar,1400.0,2.0,3.0,78.0,3 BHK,5571.428571428572
Ready To Move,Subramanyapura,1400.0,2.0,1.0,55.0,3 BHK,3928.5714285714284
Ready To Move,Bisuvanahalli,845.0,2.0,1.0,30.0,2 BHK,3550.2958579881656
Ready To Move,Hegde Nagar,2600.0,4.0,3.0,40.0,4 BHK,1538.4615384615386
Ready To Move,Richards Town,800.0,2.0,1.0,85.0,2 BHK,10625.0
Ready To Move,Panathur,1199.0,2.0,1.0,85.0,2 BHK,7089.241034195163
Ready To Move,Gunjur,1175.0,2.0,2.0,43.48,2 BHK,3700.425531914894
Ready To Move,Sahakara Nagar,2400.0,3.0,2.0,270.0,3 BHK,11250.0
Ready To Move,Bellandur,1767.0,3.0,2.0,109.0,3 BHK,6168.647425014148
Ready To Move,Sarjapur  Road,1800.0,3.0,1.0,90.0,4 BHK,5000.0
Not Ready To Move,Talaghattapura,1856.0,3.0,2.0,135.0,3 BHK,7273.706896551724
Ready To Move,R.T. Nagar,1200.0,3.0,2.0,140.0,3 BHK,11666.666666666666
Not Ready To Move,Rajaji Nagar,1613.0,3.0,0.0,150.0,3 BHK,9299.442033477992
Ready To Move,Jakkur,6830.0,5.0,2.0,795.0,4 BHK,11639.824304538799
Ready To Move,Whitefield,1290.0,2.0,0.0,90.0,2 BHK,6976.7441860465115
Ready To Move,Kasavanhalli,1375.0,2.0,1.0,78.0,2 BHK,5672.727272727273
Ready To Move,Bagalur,985.0,2.0,2.0,57.0,2 BHK,5786.802030456853
Ready To Move,Jeevan bima nagar,1200.0,4.0,1.0,200.0,4 BHK,16666.666666666668
Ready To Move,Singasandra,1099.0,2.0,1.0,37.5,2 BHK,3412.1929026387625
Not Ready To Move,Electronic City,605.0,1.0,0.0,13.31,1 BHK,2200.0
Ready To Move,Marathahalli,1200.0,2.0,1.0,53.0,2 BHK,4416.666666666667
Ready To Move,Hulimavu,1000.0,2.0,1.0,45.0,2 BHK,4500.0
Ready To Move,Electronic City,1159.0,2.0,3.0,38.0,3 BHK,3278.688524590164
Ready To Move,Sarjapur  Road,3692.0,5.0,2.0,340.0,5 BHK,9209.100758396533
Ready To Move,Devi Nagar,600.0,2.0,1.0,80.0,2 BHK,13333.333333333334
Ready To Move,4th Block Koramangala,2400.0,4.0,3.0,600.0,4 BHK,25000.0
Ready To Move,BTM Layout,1540.0,2.0,2.0,78.0,3 BHK,5064.935064935065
Ready To Move,"JP Nagar 7th Phase, ",1503.0,2.0,2.0,93.0,3 BHK,6187.624750499002
Ready To Move,Ambedkar Nagar,1850.0,4.0,2.0,120.0,3 BHK,6486.486486486487
Ready To Move,Uttarahalli,1580.0,3.0,1.0,60.0,3 BHK,3797.46835443038
Ready To Move,Mico Layout,1190.0,2.0,2.0,39.25,2 BHK,3298.3193277310925
Ready To Move,Sampigehalli,1200.0,2.0,1.0,61.0,2 BHK,5083.333333333333
Not Ready To Move,Jakkur,850.0,1.0,1.0,19.9,2 BHK,2341.176470588235
Ready To Move,Domlur,2180.0,3.0,2.0,285.0,3 BHK,13073.394495412844
Ready To Move,Hennur Bande,2500.0,2.0,1.0,60.0,3 BHK,2400.0
Not Ready To Move,ITPL,1200.0,3.0,1.0,56.12,3 BHK,4676.666666666667
Ready To Move,Kamakshipalya,1500.0,2.0,2.0,52.0,3 BHK,3466.6666666666665
Ready To Move,Navodaya Nagar,1200.0,3.0,2.0,180.0,5 BHK,15000.0
Ready To Move,Thanisandra,1880.0,3.0,3.0,120.0,3 BHK,6382.978723404255
Ready To Move,Padmanabhanagar,1150.0,2.0,2.0,45.0,2 BHK,3913.0434782608695
Not Ready To Move,Kasavanhalli,4408.0,4.0,2.0,344.0,4 BHK,7803.992740471869
Ready To Move,Bellandur,924.0,2.0,2.0,35.11,2 BHK,3799.78354978355
Ready To Move,Sarjapur  Road,7800.0,6.0,2.0,385.0,5 BHK,4935.897435897436
Not Ready To Move,Pattanagere,750.0,4.0,1.0,95.0,4 BHK,12666.666666666666
Ready To Move,Karuna Nagar,1962.0,3.0,2.0,175.0,3 BHK,8919.469928644241
Ready To Move,2nd Stage Nagarbhavi,1200.0,4.0,3.0,240.0,5 BHK,20000.0
Not Ready To Move,B Narayanapura,1765.0,3.0,2.0,77.27,3 BHK,4377.903682719547
Ready To Move,Attibele,1174.0,2.0,1.0,29.35,2 BHK,2500.0
Not Ready To Move,Bannerghatta Road,1894.0,3.0,1.0,115.0,3 BHK,6071.805702217529
Ready To Move,Ramamurthy Nagar,960.0,2.0,2.0,138.0,4 BHK,14375.0
Ready To Move,Sector 7 HSR Layout,1760.0,3.0,2.0,142.0,3 BHK,8068.181818181818
Ready To Move,Doddanakundi Industrial Area 2,1768.0,3.0,3.0,95.0,3 BHK,5373.303167420814
Ready To Move,Kothanur,1790.0,3.0,0.0,97.0,3 BHK,5418.994413407821
Not Ready To Move,Kumara Park,3500.0,5.0,1.0,800.0,4 BHK,22857.14285714286
Not Ready To Move,Whitefield,1200.0,2.0,1.0,45.0,2 BHK,3750.0
Ready To Move,Kengeri,2540.0,4.0,0.0,160.0,4 BHK,6299.212598425197
Ready To Move,Mahadevpura,1137.0,2.0,1.0,53.4,2 BHK,4696.5699208443275
Ready To Move,Mysore Road,1568.0,2.0,2.0,100.0,3 BHK,6377.551020408163
Ready To Move,AECS Layout,1308.0,2.0,1.0,60.0,2 BHK,4587.155963302752
Not Ready To Move,Shankarapuram,3060.0,4.0,2.0,350.0,4 BHK,11437.908496732027
Ready To Move,Bisuvanahalli,1200.0,2.0,1.0,41.0,3 BHK,3416.6666666666665
Ready To Move,Shetty Halli,800.0,1.0,2.0,32.0,1 BHK,4000.0
Not Ready To Move,Electronic City,530.0,1.0,1.0,13.5,1 BHK,2547.169811320755
Ready To Move,Bisuvanahalli,873.0,2.0,1.0,40.0,3 BHK,4581.901489117984
Ready To Move,2nd Stage Arekere Mico Layout,1200.0,4.0,1.0,235.0,4 BHK,19583.333333333332
Ready To Move,Subramanyapura,958.0,2.0,1.0,33.53,2 BHK,3500.0
Ready To Move,Thigalarapalya,2072.0,4.0,2.0,160.0,3 BHK,7722.007722007722
Not Ready To Move,Talaghattapura,2273.0,3.0,3.0,159.0,3 BHK,6995.160580730312
Not Ready To Move,Banashankari Stage VI,600.0,3.0,2.0,90.0,3 BHK,15000.0
Ready To Move,Thanisandra,760.0,1.0,2.0,50.0,1 BHK,6578.9473684210525
Ready To Move,Dommasandra,1090.0,2.0,2.0,43.5,2 BHK,3990.8256880733943
Ready To Move,Thigalarapalya,2072.0,4.0,2.0,155.0,3 BHK,7480.694980694981
Ready To Move,Bellandur,2666.0,3.0,1.0,230.0,3 BHK,8627.156789197299
Ready To Move,Sarjapur  Road,1550.0,2.0,1.0,89.0,3 BHK,5741.935483870968
Not Ready To Move,Ramagondanahalli,1251.0,2.0,1.0,50.0,2 BHK,3996.802557953637
Ready To Move,Electronic City,1070.0,2.0,1.0,53.0,2 BHK,4953.271028037383
Ready To Move,Kalena Agrahara,1200.0,2.0,2.0,45.0,2 BHK,3750.0
Ready To Move,CV Raman Nagar,1435.0,2.0,2.0,60.0,3 BHK,4181.184668989547
Ready To Move,Bommasandra,1400.0,2.0,3.0,45.0,3 BHK,3214.285714285714
Ready To Move,Judicial Layout,2330.0,3.0,2.0,94.71,4 BHK,4064.8068669527897
Ready To Move,Thanisandra,1200.0,2.0,3.0,60.0,2 BHK,5000.0
Ready To Move,Panathur,1000.0,2.0,2.0,40.0,2 BHK,4000.0
Not Ready To Move,Bannerghatta Road,1655.0,2.0,2.0,62.89,3 BHK,3800.0
Ready To Move,Bidrahalli,600.0,1.0,1.0,35.0,1 BHK,5833.333333333333
Ready To Move,Electronics City Phase 1,1175.0,2.0,1.0,50.0,2 BHK,4255.31914893617
Ready To Move,Uttarahalli,1155.0,2.0,2.0,40.43,2 BHK,3500.4329004329006
Ready To Move,Magadi Road,1200.0,3.0,2.0,98.0,3 BHK,8166.666666666667
Ready To Move,Budigere,1149.0,2.0,2.0,65.0,2 BHK,5657.093124456049
Ready To Move,Choodasandra,3200.0,4.0,2.0,375.0,4 BHK,11718.75
Ready To Move,Chinnapanahalli,1010.0,2.0,2.0,55.0,2 BHK,5445.544554455446
Ready To Move,Hegde Nagar,1718.0,3.0,2.0,119.0,3 BHK,6926.6589057043075
Ready To Move,Bilal Nagar,650.0,1.0,1.0,20.0,2 BHK,3076.923076923077
Ready To Move,Banashankari,1330.0,2.0,2.0,77.0,2 BHK,5789.473684210527
Ready To Move,Hormavu,1200.0,2.0,2.0,68.0,2 BHK,5666.666666666667
Not Ready To Move,Bannerghatta Road,1693.0,3.0,2.0,89.0,3 BHK,5256.940342587123
Not Ready To Move,Koramangala,1249.0,2.0,1.0,165.0,2 BHK,13210.56845476381
Ready To Move,Thanisandra,1800.0,4.0,1.0,125.0,3 BHK,6944.444444444444
Ready To Move,Margondanahalli,900.0,2.0,0.0,55.0,2 BHK,6111.111111111111
Ready To Move,NGR Layout,1020.0,2.0,1.0,46.0,2 BHK,4509.803921568628
Ready To Move,Amruthahalli,1700.0,3.0,2.0,77.0,3 BHK,4529.411764705882
Not Ready To Move,Panathur,661.0,1.0,1.0,40.0,1 BHK,6051.437216338881
Not Ready To Move,Bannerghatta Road,1280.0,2.0,2.0,60.16,2 BHK,4700.0
Ready To Move,Krishna Nagar,1000.0,4.0,2.0,90.0,5 BHK,9000.0
Ready To Move,Hosur Road,1170.0,2.0,1.0,48.0,2 BHK,4102.5641025641025
Ready To Move,Thanisandra,933.0,2.0,1.0,58.0,1 BHK,6216.505894962486
Ready To Move,Sarjapur  Road,1150.0,2.0,0.0,44.0,2 BHK,3826.086956521739
Ready To Move,Benson Town,3633.0,6.0,2.0,550.0,4 BHK,15139.003578309937
Ready To Move,Rajaji Nagar,1380.0,3.0,3.0,130.0,3 BHK,9420.289855072464
Ready To Move,Banjara Layout,1050.0,2.0,1.0,64.8,2 BHK,6171.428571428572
Ready To Move,Kanakapura Main Road,1080.0,2.0,1.0,37.8,2 BHK,3499.9999999999995
Ready To Move,Harlur,1303.0,2.0,1.0,90.0,2 BHK,6907.137375287797
Ready To Move,Raja Rajeshwari Nagar,1196.0,2.0,2.0,40.54,2 BHK,3389.632107023411
Ready To Move,Nagarbhavi,2500.0,3.0,2.0,180.0,5 BHK,7200.0
Ready To Move,Sarjapur  Road,1200.0,4.0,1.0,95.0,5 BHK,7916.666666666667
Not Ready To Move,Bommanahalli,1250.0,3.0,2.0,41.0,3 BHK,3280.0
Ready To Move,Akshaya Nagar,1419.0,2.0,3.0,87.0,3 BHK,6131.0782241014795
Ready To Move,Banashankari,1200.0,2.0,3.0,49.0,2 BHK,4083.3333333333335
Ready To Move,7th Phase JP Nagar,1120.0,2.0,2.0,65.0,2 BHK,5803.571428571428
Ready To Move,Electronics City Phase 1,1245.0,2.0,1.0,75.0,2 BHK,6024.096385542169
Ready To Move,Palanahalli,3978.0,4.0,3.0,428.0,4 BHK,10759.175465057819
Ready To Move,Channasandra,1093.0,2.0,1.0,34.0,2 BHK,3110.704483074108
Not Ready To Move,Electronic City,1025.0,1.0,1.0,26.63,2 BHK,2598.048780487805
Ready To Move,Hebbal,1345.0,2.0,1.0,97.0,2 BHK,7211.8959107806695
Ready To Move,Suryanagar,1500.0,2.0,1.0,45.0,2 BHK,3000.0
Not Ready To Move,Vijayanagar,1180.0,2.0,1.0,86.0,2 BHK,7288.135593220339
Ready To Move,NGR Layout,1020.0,2.0,1.0,48.45,2 BHK,4750.0
Ready To Move,Nanjappa Layout,1800.0,3.0,3.0,85.0,3 BHK,4722.222222222223
Not Ready To Move,Konanakunte,3621.0,4.0,1.0,511.0,4 BHK,14112.123722728527
Ready To Move,Banagiri Nagar,2008.0,3.0,2.0,170.0,3 BHK,8466.135458167331
Not Ready To Move,Kothannur,1240.0,2.0,2.0,39.85,3 BHK,3213.7096774193546
Ready To Move,CV Raman Nagar,1020.0,2.0,1.0,55.0,2 BHK,5392.156862745098
Ready To Move,2nd Stage Arekere Mico Layout,2095.0,3.0,2.0,142.0,3 BHK,6778.042959427207
Ready To Move,Gunjur,1362.0,3.0,2.0,62.63,3 BHK,4598.384728340676
Ready To Move,Yelahanka,694.0,1.0,0.0,30.84,1 BHK,4443.804034582133
Ready To Move,Vittasandra,1404.0,2.0,2.0,70.0,2 BHK,4985.754985754986
Ready To Move,Electronic City Phase II,1192.0,2.0,3.0,47.0,3 BHK,3942.953020134228
Ready To Move,Mahalakshmi Layout,1050.0,1.0,0.0,35.0,4 BHK,3333.3333333333335
Ready To Move,Vittasandra,1259.0,2.0,1.0,67.48,2 BHK,5359.809372517871
Ready To Move,Kengeri,1000.0,2.0,2.0,34.0,2 BHK,3400.0
Not Ready To Move,Rachenahalli,985.0,2.0,1.0,49.97,2 BHK,5073.096446700508
Ready To Move,Indira Nagar,850.0,1.0,2.0,60.0,1 BHK,7058.823529411765
Ready To Move,Uttarahalli,1650.0,2.0,1.0,50.0,3 BHK,3030.3030303030305
Ready To Move,Rajaji Nagar,2400.0,3.0,1.0,320.0,5 BHK,13333.333333333334
Ready To Move,Sarjapur  Road,1900.0,4.0,1.0,180.0,3 BHK,9473.684210526315
Ready To Move,Ambedkar Nagar,1367.0,2.0,2.0,86.0,2 BHK,6291.148500365764
Ready To Move,Rajaji Nagar,1210.0,2.0,2.0,81.0,3 BHK,6694.214876033057
Ready To Move,Duvasapalya,1190.0,2.0,1.0,48.6,2 BHK,4084.0336134453783
Ready To Move,Sarjapur,1175.0,2.0,2.0,42.0,2 BHK,3574.468085106383
Ready To Move,R.T. Nagar,2800.0,4.0,2.0,400.0,4 BHK,14285.714285714286
Ready To Move,Whitefield,1140.0,2.0,2.0,40.0,2 BHK,3508.7719298245615
Ready To Move,Hoskote,1095.0,2.0,2.0,33.6,2 BHK,3068.4931506849316
Ready To Move,Attibele,782.0,1.0,0.0,19.55,1 BHK,2500.0
Ready To Move,Gubbalala,1435.0,2.0,2.0,80.0,3 BHK,5574.912891986062
Ready To Move,Choodasandra,725.0,2.0,2.0,36.0,2 BHK,4965.517241379311
Ready To Move,BCMC Layout,1600.0,2.0,2.0,88.0,3 BHK,5500.0
Ready To Move,9th Phase JP Nagar,1200.0,5.0,2.0,160.0,5 BHK,13333.333333333334
Ready To Move,Hosakerehalli,3205.0,4.0,2.0,300.0,4 BHK,9360.374414976599
Ready To Move,Vishwapriya Layout,720.0,3.0,1.0,95.0,4 BHK,13194.444444444445
Ready To Move,Nehru Nagar,1674.0,3.0,2.0,90.0,3 BHK,5376.344086021505
Ready To Move,Jnanabharathi Layout,860.0,4.0,2.0,125.0,4 BHK,14534.883720930233
Ready To Move,Haralur Road,1243.0,2.0,2.0,46.0,2 BHK,3700.7240547063557
Not Ready To Move,Kanakpura Road,1703.0,3.0,2.0,130.0,3 BHK,7633.587786259542
Not Ready To Move,Padmanabhanagar,1350.0,3.0,1.0,71.55,3 BHK,5300.0
Ready To Move,Horamavu Agara,1145.0,2.0,1.0,41.21,2 BHK,3599.126637554585
Not Ready To Move,Whitefield,1216.0,2.0,1.0,75.0,2 BHK,6167.763157894737
Ready To Move,7th Phase JP Nagar,1100.0,3.0,1.0,60.0,2 BHK,5454.545454545455
Ready To Move,Sarjapur  Road,2425.0,5.0,1.0,201.0,4 BHK,8288.659793814433
Ready To Move,Kothanur,2700.0,4.0,2.0,175.0,4 BHK,6481.481481481482
Ready To Move,Raja Rajeshwari Nagar,1196.0,2.0,2.0,40.54,2 BHK,3389.632107023411
Ready To Move,Kanakpura Road,1600.0,3.0,3.0,90.0,3 BHK,5625.0
Not Ready To Move,Banashankari Stage V,1510.0,3.0,3.0,47.57,3 BHK,3150.3311258278145
Ready To Move,Hosakerehalli,3033.0,4.0,1.0,326.0,4 BHK,10748.433893834488
Ready To Move,Pai Layout,780.0,2.0,1.0,72.0,2 BHK,9230.76923076923
Ready To Move,Haralur Road,1194.0,2.0,2.0,47.0,2 BHK,3936.348408710218
Ready To Move,Banashankari Stage II,1250.0,2.0,2.0,110.0,2 BHK,8800.0
Ready To Move,Sarjapur  Road,1480.0,4.0,1.0,169.0,5 BHK,11418.918918918918
Ready To Move,Horamavu Agara,1250.0,4.0,1.0,100.0,4 BHK,8000.0
Ready To Move,Udaya Nagar,1350.0,4.0,2.0,160.0,4 BHK,11851.851851851852
Ready To Move,Laggere,620.0,2.0,0.0,48.0,1 BHK,7741.935483870968
Ready To Move,Raja Rajeshwari Nagar,1630.0,3.0,2.0,60.65,3 BHK,3720.8588957055213
Ready To Move,Hennur Road,1020.0,2.0,0.0,45.0,2 BHK,4411.764705882353
Not Ready To Move,Hosakerehalli,1410.0,2.0,2.0,53.58,3 BHK,3800.0
Not Ready To Move,Bhoganhalli,1181.7,2.0,1.0,100.0,2 BHK,8462.384700008462
Ready To Move,Sarjapur  Road,1691.0,3.0,2.0,113.0,3 BHK,6682.436428149024
Ready To Move,KR Puram,1200.0,4.0,0.0,83.0,4 BHK,6916.666666666667
Ready To Move,Banaswadi,1200.0,2.0,3.0,60.0,2 BHK,5000.0
Ready To Move,Old Airport Road,1050.0,2.0,2.0,50.0,2 BHK,4761.9047619047615
Ready To Move,Kathriguppe,1300.0,3.0,2.0,77.99,3 BHK,5999.230769230769
Not Ready To Move,Whitefield,1356.0,2.0,1.0,94.84,2 BHK,6994.100294985251
Not Ready To Move,Whitefield,1338.0,2.0,1.0,103.0,2 BHK,7698.056801195815
Ready To Move,Kengeri Satellite Town Stage II,500.0,1.0,1.0,20.0,1 BHK,4000.0
Not Ready To Move,Vasantha Vallabha Nagar,1280.0,2.0,1.0,100.0,3 BHK,7812.5
Ready To Move,Raja Rajeshwari Nagar,1531.0,3.0,3.0,51.77,3 BHK,3381.4500326583934
Not Ready To Move,Church Street,11000.0,4.0,1.0,1600.0,4 BHK,14545.454545454546
Ready To Move,Anekal,620.0,1.0,1.0,23.5,2 BHK,3790.3225806451615
Ready To Move,8th Phase JP Nagar,1605.0,2.0,2.0,65.0,3 BHK,4049.8442367601247
Ready To Move,Thanisandra,1917.0,3.0,2.0,110.0,3 BHK,5738.132498695879
Ready To Move,Nagarbhavi,1200.0,3.0,1.0,340.0,4 BHK,28333.333333333332
Ready To Move,Srinivas Colony,2750.0,3.0,2.0,943.0,3 BHK,34290.90909090909
Ready To Move,Sarjapur  Road,1400.0,3.0,2.0,55.0,3 BHK,3928.5714285714284
Ready To Move,Thubarahalli,2625.0,3.0,3.0,175.0,3 BHK,6666.666666666667
Ready To Move,Sahakara Nagar,1100.0,2.0,1.0,55.0,2 BHK,5000.0
Ready To Move,Hennur Road,2041.0,3.0,3.0,128.0,3 BHK,6271.435570798628
Ready To Move,Sarjapur  Road,2070.0,4.0,2.0,160.0,3 BHK,7729.468599033817
Ready To Move,Hebbal,1110.0,3.0,3.0,59.0,3 BHK,5315.315315315315
Ready To Move,Uday Nagar,1650.0,3.0,1.0,110.0,3 BHK,6666.666666666667
Not Ready To Move,Ambedkar Nagar,3565.0,4.0,3.0,255.0,4 BHK,7152.875175315568
Not Ready To Move,Varthur Road,1033.0,2.0,2.0,30.47,3 BHK,2949.6611810261375
Ready To Move,HSR Layout,1142.0,2.0,2.0,65.0,2 BHK,5691.768826619965
Ready To Move,Mathikere,1500.0,2.0,2.0,75.0,3 BHK,5000.0
Ready To Move,Electronic City Phase II,1502.0,3.0,3.0,50.0,3 BHK,3328.894806924101
Ready To Move,Shree Ananth Nagar Layout,1176.0,2.0,1.0,45.0,3 BHK,3826.530612244898
Not Ready To Move,Hosa Road,1063.0,2.0,1.0,32.8,2 BHK,3085.6067732831602
Ready To Move,Kammanahalli,1100.0,2.0,1.0,60.0,2 BHK,5454.545454545455
Ready To Move,Kamakshipalya,1044.0,2.0,2.0,85.0,2 BHK,8141.762452107279
Ready To Move,Sarjapur  Road,5400.0,3.0,2.0,700.0,3 BHK,12962.962962962964
Ready To Move,6th Phase JP Nagar,1216.0,2.0,2.0,60.0,2 BHK,4934.210526315789
Ready To Move,Suddaguntepalya,1425.0,3.0,2.0,55.0,3 BHK,3859.6491228070176
Ready To Move,Hosur Road,1345.0,2.0,2.0,108.0,2 BHK,8029.739776951673
Ready To Move,Marathahalli,1248.0,2.0,1.0,130.0,2 BHK,10416.666666666666
Ready To Move,Chaitanya Ananya,1830.0,4.0,2.0,325.0,4 BHK,17759.562841530056
Ready To Move,Shankarapuram,900.0,1.0,0.0,130.0,2 BHK,14444.444444444445
Ready To Move,Bellandur,3600.0,4.0,2.0,245.0,4 BHK,6805.555555555556
Ready To Move,Uttarahalli,1025.0,2.0,1.0,35.88,2 BHK,3500.4878048780492
Ready To Move,Nagashetty Halli,840.0,1.0,1.0,99.0,2 BHK,11785.714285714286
Ready To Move,Lakshminarayana Pura,3050.0,2.0,2.0,90.0,3 BHK,2950.8196721311474
Ready To Move,Kadubeesanahalli,1424.0,2.0,2.0,75.0,3 BHK,5266.853932584269
Ready To Move,EPIP Zone,2500.0,3.0,1.0,268.0,3 BHK,10720.0
Not Ready To Move,Byrasandra Extension,1285.0,2.0,2.0,45.0,2 BHK,3501.9455252918287
Ready To Move,Babusapalaya,1450.0,2.0,1.0,55.99,2 BHK,3861.3793103448274
Not Ready To Move,Raja Rajeshwari Nagar,1160.0,2.0,1.0,70.0,2 BHK,6034.482758620689
Ready To Move,Yelahanka New Town,2700.0,3.0,0.0,350.0,3 BHK,12962.962962962964
Not Ready To Move,Gattahalli,2000.0,2.0,2.0,95.0,3 BHK,4750.0
Ready To Move,Uttarahalli,1125.0,2.0,1.0,47.65,2 BHK,4235.555555555556
Ready To Move,Old Madras Road,3900.0,4.0,2.0,175.0,4 BHK,4487.179487179487
Ready To Move,Raja Rajeshwari Nagar,1133.0,2.0,1.0,38.37,2 BHK,3386.5842894969105
Ready To Move,Arekere,1240.0,2.0,2.0,60.0,2 BHK,4838.709677419355
Not Ready To Move,Devanahalli,1466.0,3.0,3.0,77.59,3 BHK,5292.633015006822
Ready To Move,Outer Ring Road East,3870.0,4.0,2.0,411.0,4 BHK,10620.15503875969
Ready To Move,Ramagondanahalli,1610.0,2.0,2.0,115.0,3 BHK,7142.857142857143
Ready To Move,Sarjapur  Road,1220.0,3.0,2.0,56.0,3 BHK,4590.163934426229
Ready To Move,Kaggadasapura,1225.0,2.0,2.0,48.0,2 BHK,3918.3673469387754
Ready To Move,Akshaya Nagar,1300.0,2.0,1.0,54.0,2 BHK,4153.846153846154
Not Ready To Move,Thanisandra,1996.0,4.0,1.0,123.0,3 BHK,6162.324649298597
Ready To Move,Mallathahalli,1320.0,2.0,2.0,55.0,3 BHK,4166.666666666667
Ready To Move,Rajaji Nagar,1800.0,3.0,2.0,240.0,3 BHK,13333.333333333334
Ready To Move,Richmond Town,1835.0,3.0,3.0,175.0,3 BHK,9536.784741144415
Ready To Move,Sarjapur  Road,1435.0,3.0,2.0,90.0,3 BHK,6271.777003484321
Ready To Move,Whitefield,4097.0,3.0,2.0,400.0,3 BHK,9763.24139614352
Ready To Move,Rayasandra,1601.0,3.0,3.0,70.0,3 BHK,4372.2673329169265
Ready To Move,Kadubeesanahalli,1257.0,2.0,2.0,93.0,2 BHK,7398.568019093079
Ready To Move,Iblur Village,3596.0,5.0,1.0,260.0,4 BHK,7230.255839822024
Ready To Move,Kasavanhalli,1309.0,2.0,2.0,95.0,2 BHK,7257.448433919022
Ready To Move,Yeshwanthpur,1362.0,2.0,0.0,100.0,2 BHK,7342.143906020558
Ready To Move,Whitefield,1115.0,2.0,1.0,55.0,2 BHK,4932.735426008969
Ready To Move,Whitefield,1870.0,3.0,2.0,90.0,3 BHK,4812.834224598931
Not Ready To Move,manyata park,1322.0,2.0,1.0,61.99,2 BHK,4689.10741301059
Ready To Move,Telecom Layout,1450.0,2.0,1.0,65.0,3 BHK,4482.758620689655
Ready To Move,Banashankari,1185.0,2.0,2.0,67.0,2 BHK,5654.008438818565
Ready To Move,7th Phase JP Nagar,1790.0,3.0,3.0,120.0,3 BHK,6703.91061452514
Ready To Move,Whitefield,3450.0,4.0,2.0,208.0,3 BHK,6028.985507246377
Ready To Move,Rachenahalli,1050.0,2.0,2.0,52.5,2 BHK,5000.0
Ready To Move,Sarjapur  Road,5400.0,4.0,2.0,750.0,4 BHK,13888.888888888889
Ready To Move,Devanahalli,775.0,1.0,0.0,39.0,1 BHK,5032.258064516129
Ready To Move,Hoodi,1000.0,2.0,2.0,48.0,2 BHK,4800.0
Not Ready To Move,Thanisandra,1183.0,2.0,1.0,77.25,2 BHK,6530.0084530853765
Not Ready To Move,Binny Pete,1282.0,3.0,2.0,178.0,3 BHK,13884.555382215289
Ready To Move,Alur,425.0,1.0,1.0,15.0,1 BHK,3529.4117647058824
Ready To Move,Nelamangala,820.0,2.0,2.0,30.0,2 BHK,3658.5365853658536
Ready To Move,Richmond Town,2230.0,4.0,2.0,792.0,4 BHK,35515.695067264576
Ready To Move,Hebbal,1200.0,2.0,2.0,52.0,2 BHK,4333.333333333333
Not Ready To Move,Ramagondanahalli,1151.0,2.0,2.0,43.6,2 BHK,3788.010425716768
Ready To Move,Hulimavu,1320.0,2.0,2.0,59.0,3 BHK,4469.69696969697
Not Ready To Move,Bikasipura,1450.0,3.0,2.0,68.0,3 BHK,4689.6551724137935
Ready To Move,Poorna Pragna Layout,1270.0,2.0,3.0,50.79,3 BHK,3999.212598425197
Ready To Move,Hegde Nagar,1847.0,3.0,2.0,123.0,3 BHK,6659.447753113156
Not Ready To Move,Devanahalli,1020.0,2.0,1.0,49.87,1 BHK,4889.21568627451
Ready To Move,Somasundara Palya,1650.0,3.0,2.0,95.0,3 BHK,5757.575757575758
Ready To Move,Richmond Town,2380.0,4.0,3.0,242.0,4 BHK,10168.067226890757
Ready To Move,Electronic City,2400.0,2.0,2.0,78.0,3 BHK,3250.0
Ready To Move,Begur Road,1160.0,2.0,2.0,44.0,2 BHK,3793.103448275862
Not Ready To Move,Haralur Road,2805.0,4.0,3.0,154.0,4 BHK,5490.196078431372
Not Ready To Move,Mysore Road,1360.0,3.0,0.0,47.6,3 BHK,3500.0
Ready To Move,Brookefield,1089.0,2.0,1.0,49.0,2 BHK,4499.540863177227
Ready To Move,Yelahanka,1115.0,2.0,2.0,60.0,2 BHK,5381.165919282511
Ready To Move,Kudlu Gate,1215.0,2.0,1.0,45.0,2 BHK,3703.703703703704
Ready To Move,Sarjapur  Road,1194.0,2.0,1.0,51.0,2 BHK,4271.356783919598
Not Ready To Move,Kannamangala,1536.0,3.0,1.0,104.0,3 BHK,6770.833333333333
Ready To Move,Hennur,1255.0,2.0,2.0,55.5,2 BHK,4422.310756972111
Not Ready To Move,Electronic City,1571.0,3.0,2.0,83.0,3 BHK,5283.259070655633
Ready To Move,Virupakshapura,900.0,1.0,0.0,70.0,2 BHK,7777.777777777777
Ready To Move,Keshava Nagar,1517.0,2.0,2.0,125.0,2 BHK,8239.947264337508
Ready To Move,Budigere,664.0,1.0,1.0,35.4,1 BHK,5331.325301204819
Ready To Move, Devarachikkanahalli,1230.0,2.0,1.0,58.0,2 BHK,4715.447154471544
Ready To Move,Hegde Nagar,1340.0,2.0,2.0,72.0,2 BHK,5373.134328358209
Ready To Move,Attibele,1175.0,2.0,1.0,29.38,2 BHK,2500.425531914894
Ready To Move,Benson Town,3569.0,4.0,1.0,600.0,4 BHK,16811.43177360605
Ready To Move,Sarjapur,1240.0,2.0,2.0,43.1,2 BHK,3475.8064516129034
Ready To Move,Electronic City,1470.0,2.0,1.0,44.1,3 BHK,3000.0
Not Ready To Move,Kanakpura Road,525.0,1.0,1.0,29.25,1 BHK,5571.428571428572
Ready To Move,7th Phase JP Nagar,1680.0,3.0,2.0,117.0,3 BHK,6964.285714285715
Ready To Move,Sri Sai Layout,1000.0,2.0,2.0,35.0,2 BHK,3500.0
Ready To Move,Gunjur,1071.0,2.0,1.0,51.0,2 BHK,4761.9047619047615
Ready To Move,Sector 2 HSR Layout,1512.0,3.0,2.0,80.0,3 BHK,5291.005291005291
Ready To Move,Frazer Town,3435.0,2.0,1.0,341.0,4 BHK,9927.21979621543
Not Ready To Move,Thanisandra main road,3144.0,3.0,1.0,455.0,3 BHK,14472.010178117049
Ready To Move,Kalyan nagar,1190.0,2.0,1.0,60.0,2 BHK,5042.016806722689
Ready To Move,Pattandur Agrahara,1550.0,2.0,3.0,80.0,3 BHK,5161.290322580645
Not Ready To Move,Kanakpura Road,1283.0,2.0,2.0,63.22,2 BHK,4927.5136399064695
Ready To Move,Mallasandra,1325.0,2.0,2.0,73.0,2 BHK,5509.433962264151
Ready To Move,Whitefield,1105.0,2.0,1.0,35.36,2 BHK,3200.0
Ready To Move,Banaswadi,1600.0,3.0,2.0,74.5,3 BHK,4656.25
Ready To Move,Devara Jeevanahalli,400.0,2.0,2.0,35.0,4 BHK,8750.0
Ready To Move,Hennur,1100.0,2.0,1.0,44.55,2 BHK,4050.0
Not Ready To Move,Talaghattapura,2099.0,3.0,3.0,147.0,3 BHK,7003.334921391139
Ready To Move,Yelachenahalli,1365.0,2.0,1.0,72.0,3 BHK,5274.725274725275
Ready To Move,Hebbal Kempapura,1485.0,3.0,3.0,132.0,2 BHK,8888.888888888889
Ready To Move,Hosur Road,1250.0,2.0,1.0,55.0,2 BHK,4400.0
Ready To Move,Chikkalasandra,1290.0,2.0,2.0,56.12,3 BHK,4350.387596899225
Ready To Move,Bellandur,1170.0,2.0,1.0,46.79,2 BHK,3999.1452991452993
Not Ready To Move,Kanakpura Road,1328.0,2.0,3.0,91.06,2 BHK,6856.9277108433735
Not Ready To Move,Hennur Road,1232.0,2.0,1.0,87.0,2 BHK,7061.688311688312
Ready To Move,1st Phase JP Nagar,1180.0,2.0,2.0,88.5,2 BHK,7500.0
Ready To Move,Electronic City,1350.0,3.0,2.0,66.0,3 BHK,4888.888888888889
Not Ready To Move,Nagawara Junction,3602.0,4.0,2.0,280.0,4 BHK,7773.459189339256
Ready To Move,Nagasandra,2400.0,4.0,1.0,145.0,4 BHK,6041.666666666667
Ready To Move,Electronic City Phase II,1020.0,2.0,2.0,32.0,2 BHK,3137.2549019607845
Ready To Move,Begur Road,1410.0,2.0,3.0,49.34,3 BHK,3499.290780141844
Ready To Move,Vishwanatha Nagenahalli,2159.0,3.0,2.0,120.0,3 BHK,5558.12876331635
Not Ready To Move,TC Palaya,1200.0,2.0,0.0,66.0,3 BHK,5500.0
Ready To Move,Hennur,1255.0,2.0,1.0,57.5,2 BHK,4581.673306772908
Not Ready To Move,Whitefield,1074.0,2.0,1.0,42.79,2 BHK,3984.171322160149
Not Ready To Move,Suragajakkanahalli,1200.0,3.0,2.0,72.0,3 BHK,6000.0
Not Ready To Move,Sarjapur,1170.0,2.0,2.0,35.41,3 BHK,3026.495726495726
Ready To Move,Bommanahalli,1660.0,2.0,2.0,100.0,3 BHK,6024.096385542169
Ready To Move,Gattigere,900.0,6.0,1.0,95.0,5 BHK,10555.555555555555
Ready To Move,Gowdanapalya,510.0,1.0,0.0,34.0,1 BHK,6666.666666666667
Ready To Move,Mahadevpura,1601.0,3.0,2.0,95.0,3 BHK,5933.791380387258
Not Ready To Move,Begur Road,952.0,2.0,1.0,42.0,2 BHK,4411.764705882353
Ready To Move,PNS Layout,1166.0,2.0,3.0,65.0,2 BHK,5574.614065180103
Ready To Move,Venkatapura,2700.0,2.0,1.0,260.0,3 BHK,9629.62962962963
Ready To Move,Electronic City Phase II,1900.0,3.0,1.0,97.0,4 BHK,5105.263157894737
Ready To Move,Mathikere,1350.0,2.0,0.0,175.0,3 BHK,12962.962962962964
Not Ready To Move,Haralur Road,1520.0,2.0,2.0,96.0,3 BHK,6315.789473684211
Ready To Move,Harsha Layout,2100.0,6.0,3.0,100.0,4 BHK,4761.9047619047615
Ready To Move,Yelenahalli,1175.0,2.0,2.0,50.0,2 BHK,4255.31914893617
Ready To Move,Bharathi Nagar,1432.0,2.0,2.0,68.0,2 BHK,4748.6033519553075
Not Ready To Move,Bommasandra Industrial Area,1005.0,2.0,1.0,39.77,2 BHK,3957.213930348259
Ready To Move,Rajiv Nagar,1309.0,2.0,1.0,80.0,2 BHK,6111.535523300229
Ready To Move,Dairy Circle,2251.0,4.0,2.0,370.0,3 BHK,16437.139049311416
Ready To Move,7th Phase JP Nagar,1050.0,2.0,1.0,77.0,2 BHK,7333.333333333333
Not Ready To Move,Kanakpura Road,1100.0,3.0,2.0,53.0,3 BHK,4818.181818181818
Ready To Move,Sanjay nagar,2400.0,3.0,3.0,310.0,3 BHK,12916.666666666666
Ready To Move,Begur Road,1565.0,2.0,2.0,56.34,3 BHK,3600.0
Ready To Move,1st Stage Indira Nagar,940.0,2.0,1.0,56.0,2 BHK,5957.446808510638
Not Ready To Move,Yarandahalli,1015.0,2.0,1.0,40.1,2 BHK,3950.7389162561576
Ready To Move,BTM 2nd Stage,2400.0,2.0,0.0,360.0,3 BHK,15000.0
Ready To Move,Electronic City,1652.0,3.0,3.0,110.0,3 BHK,6658.595641646489
Ready To Move,Whitefield,1100.0,2.0,2.0,52.0,2 BHK,4727.272727272727
Ready To Move,Rajiv Nagar,2340.0,4.0,1.0,145.0,4 BHK,6196.581196581196
Not Ready To Move,Koramangala,1084.0,2.0,1.0,179.0,2 BHK,16512.91512915129
Ready To Move,Kammanahalli,1200.0,1.0,1.0,81.0,2 BHK,6750.0
Ready To Move,Kacharakanahalli,1400.0,3.0,3.0,69.0,3 BHK,4928.571428571428
Not Ready To Move,HBR Layout,2400.0,5.0,0.0,320.0,4 BHK,13333.333333333334
Not Ready To Move,Electronic City Phase II,1020.0,2.0,1.0,27.43,2 BHK,2689.2156862745096
Ready To Move,Whitefield,1267.0,2.0,1.0,90.33,2 BHK,7129.439621152328
Ready To Move,Bhoganhalli,2439.0,4.0,3.0,185.0,4 BHK,7585.075850758508
Ready To Move,Ashwath Nagar,1645.0,3.0,2.0,95.0,3 BHK,5775.075987841945
Ready To Move,Sahakara Nagar,1100.0,2.0,2.0,75.0,3 BHK,6818.181818181818
Not Ready To Move,Electronic City,1320.0,2.0,1.0,38.12,3 BHK,2887.8787878787875
Not Ready To Move,Ananth Nagar,1000.0,2.0,1.0,29.7,2 BHK,2970.0
Ready To Move,Whitefield,5000.0,5.0,2.0,550.0,4 BHK,11000.0
Ready To Move,Kengeri Satellite Town,2480.0,2.0,1.0,160.0,2 BHK,6451.612903225807
Ready To Move,Kalyan nagar,1086.0,2.0,2.0,44.5,2 BHK,4097.605893186003
Not Ready To Move,Kengeri,416.0,1.0,1.0,18.0,1 BHK,4326.923076923077
Ready To Move,Hennur Road,1066.0,2.0,1.0,52.23,2 BHK,4899.624765478424
Ready To Move,OMBR Layout,1730.0,3.0,1.0,93.0,3 BHK,5375.722543352601
Not Ready To Move,Balagere,1205.0,2.0,1.0,63.86,2 BHK,5299.585062240664
Ready To Move,Marathahalli,2500.0,5.0,2.0,175.0,4 BHK,7000.0
Ready To Move,Subramanyapura,960.0,2.0,1.0,55.0,2 BHK,5729.166666666667
Not Ready To Move,Haralur Road,1510.0,3.0,2.0,83.05,3 BHK,5500.0
Ready To Move,Kanaka Nagar,1600.0,4.0,2.0,90.0,4 BHK,5625.0
Ready To Move,Old Madras Road,2300.0,3.0,2.0,142.0,3 BHK,6173.913043478261
Ready To Move,Jakkasandra Extension,1000.0,2.0,1.0,63.0,2 BHK,6300.0
Ready To Move,Poorna Pragna Layout,1160.0,2.0,1.0,46.39,2 BHK,3999.137931034483
Not Ready To Move,Hormavu,1553.0,2.0,2.0,58.23,3 BHK,3749.5170637475853
Ready To Move,Frazer Town,3436.0,5.0,2.0,345.0,4 BHK,10040.745052386495
Not Ready To Move,Seegehalli,1134.0,2.0,2.0,45.0,2 BHK,3968.253968253968
Ready To Move,Nagasandra,600.0,4.0,2.0,80.0,4 BHK,13333.333333333334
Ready To Move,Horamavu Agara,2400.0,3.0,3.0,80.0,5 BHK,3333.3333333333335
Not Ready To Move,Whitefield,2400.0,4.0,1.0,143.0,4 BHK,5958.333333333333
Ready To Move,Nagashetty Halli,1350.0,2.0,2.0,65.0,2 BHK,4814.814814814815
Ready To Move,Sarjapur,1032.0,2.0,1.0,42.0,2 BHK,4069.767441860465
Ready To Move,Tigalarpalya,1998.0,3.0,2.0,117.0,3 BHK,5855.855855855856
Not Ready To Move,Murugeshpalya,1225.0,2.0,2.0,48.0,2 BHK,3918.3673469387754
Ready To Move,Sarjapur  Road,1262.0,2.0,2.0,67.0,2 BHK,5309.033280507131
Not Ready To Move,Badavala Nagar,1842.0,3.0,2.0,115.0,3 BHK,6243.213897937025
Ready To Move,Thomas Town,1300.0,2.0,1.0,60.0,2 BHK,4615.384615384615
Not Ready To Move,Kothannur,1070.0,2.0,2.0,38.6,2 BHK,3607.4766355140187
Not Ready To Move,"Electronic city Phase 1, ",950.0,2.0,1.0,33.0,2 BHK,3473.684210526316
Not Ready To Move,Balagere,1012.0,2.0,1.0,53.58,2 BHK,5294.466403162055
Ready To Move,TC Palaya,1000.0,2.0,0.0,70.0,2 BHK,7000.0
Ready To Move,Kadugodi,1394.0,2.0,2.0,56.0,2 BHK,4017.2166427546626
Ready To Move,Amruthahalli,1450.0,2.0,1.0,85.0,3 BHK,5862.068965517241
Ready To Move,Sarjapur  Road,1693.0,3.0,2.0,125.0,3 BHK,7383.343177790904
Ready To Move,Thigalarapalya,3122.0,6.0,2.0,235.0,4 BHK,7527.226137091608
Ready To Move,Horamavu Agara,1000.0,2.0,1.0,46.0,2 BHK,4600.0
Ready To Move,Kogilu,952.0,2.0,2.0,49.0,2 BHK,5147.058823529412
Ready To Move,Malleshwaram,2050.0,4.0,2.0,270.0,3 BHK,13170.731707317073
Ready To Move,Kengeri,1200.0,1.0,1.0,14.0,1 BHK,1166.6666666666667
Not Ready To Move,Mysore Road,1410.0,2.0,2.0,64.0,3 BHK,4539.007092198582
Ready To Move,Hebbal Kempapura,1400.0,2.0,2.0,108.0,2 BHK,7714.285714285715
Ready To Move,Chikka Tirupathi,3056.0,5.0,2.0,100.0,4 BHK,3272.251308900524
Ready To Move,Sarjapur  Road,1826.0,3.0,2.0,125.0,3 BHK,6845.564074479737
Not Ready To Move,Hosur Road,1689.0,3.0,2.0,103.0,3 BHK,6098.283007696862
Ready To Move,Bisuvanahalli,1075.0,2.0,1.0,31.0,3 BHK,2883.720930232558
Ready To Move,Bannerghatta Road,2500.0,4.0,2.0,1400.0,5 BHK,56000.0
Ready To Move,Hennur,960.0,2.0,1.0,48.0,2 BHK,5000.0
Ready To Move,Channasandra,808.0,2.0,1.0,40.0,2 BHK,4950.495049504951
Ready To Move,Kodichikkanahalli,907.0,2.0,2.0,38.5,2 BHK,4244.7629547960305
Ready To Move,Uttarahalli,1300.0,2.0,2.0,55.0,2 BHK,4230.7692307692305
Ready To Move,Sector 1 HSR Layout,1804.0,3.0,2.0,150.0,3 BHK,8314.855875831485
Ready To Move,Naidu Layout,1350.0,3.0,2.0,81.0,3 BHK,6000.0
Ready To Move,Whitefield,1836.0,3.0,2.0,125.0,3 BHK,6808.278867102396
Ready To Move,Sugama Layout,826.0,2.0,2.0,36.0,2 BHK,4358.353510895884
Ready To Move,Hormavu,1200.0,2.0,3.0,68.0,2 BHK,5666.666666666667
Not Ready To Move,1st Block Koramangala,3000.0,3.0,3.0,300.0,4 BHK,10000.0
Ready To Move,Indira Nagar,2400.0,4.0,2.0,405.0,4 BHK,16875.0
Ready To Move,6th Phase JP Nagar,1460.0,2.0,1.0,80.0,2 BHK,5479.45205479452
Ready To Move,Hoskote,1200.0,4.0,3.0,140.0,4 BHK,11666.666666666666
Ready To Move,BTM 2nd Stage,965.0,2.0,2.0,56.0,2 BHK,5803.108808290155
Ready To Move,Kothannur,2000.0,4.0,2.0,95.0,4 BHK,4750.0
Ready To Move,Bhoganhalli,1395.0,2.0,2.0,70.0,3 BHK,5017.921146953405
Ready To Move,Sarjapur  Road,1660.0,3.0,2.0,116.0,3 BHK,6987.951807228916
Ready To Move,Kada Agrahara,935.0,2.0,2.0,35.0,2 BHK,3743.3155080213905
Ready To Move,Hongasandra,1180.0,2.0,1.0,39.0,2 BHK,3305.084745762712
Not Ready To Move,Electronic City,1090.0,2.0,1.0,31.48,2 BHK,2888.0733944954127
Not Ready To Move,Kanakpura Road,1204.0,2.0,1.0,82.0,2 BHK,6810.631229235881
Ready To Move,Thigalarapalya,2072.0,4.0,2.0,153.0,3 BHK,7384.169884169884
Ready To Move,Haralur Road,1056.0,2.0,1.0,65.0,2 BHK,6155.30303030303
Not Ready To Move,Hebbal,985.0,2.0,2.0,62.0,2 BHK,6294.416243654822
Ready To Move,Banashankari Stage V,1315.0,2.0,2.0,49.0,3 BHK,3726.235741444867
Ready To Move,KR Puram,734.0,2.0,1.0,22.0,2 BHK,2997.275204359673
Ready To Move,Kammanahalli,2900.0,4.0,2.0,200.0,4 BHK,6896.551724137931
Ready To Move,Yelahanka,2317.0,4.0,3.0,140.0,3 BHK,6042.296072507553
Ready To Move,Singasandra,600.0,1.0,0.0,45.0,1 BHK,7500.0
Ready To Move,Vishwanatha Nagenahalli,2200.0,3.0,0.0,115.0,4 BHK,5227.272727272727
Ready To Move,Attibele,656.0,2.0,1.0,25.0,2 BHK,3810.9756097560976
Ready To Move,Attibele,400.0,1.0,1.0,11.5,1 BHK,2875.0
Ready To Move,Yeshwanthpur,666.0,1.0,1.0,36.8,1 BHK,5525.525525525525
Ready To Move,Kadubeesanahalli,3293.0,5.0,2.0,425.0,4 BHK,12906.16459155785
Ready To Move,7th Phase JP Nagar,1174.0,2.0,1.0,47.0,2 BHK,4003.4071550255535
Ready To Move,Budigere,1153.0,2.0,2.0,56.7,2 BHK,4917.606244579359
Ready To Move,Jalahalli,1000.0,4.0,1.0,90.0,4 BHK,9000.0
Ready To Move,Narayanapura,2400.0,5.0,2.0,85.0,5 BHK,3541.6666666666665
Ready To Move,Marathahalli,957.0,2.0,1.0,47.0,2 BHK,4911.180773249739
Ready To Move,Banashankari Stage III,910.0,2.0,2.0,160.0,2 BHK,17582.417582417584
Not Ready To Move,Sarjapur  Road,1060.0,2.0,1.0,50.0,2 BHK,4716.981132075472
Not Ready To Move,Banashankari,1000.0,2.0,1.0,50.0,2 BHK,5000.0
Ready To Move,Kanakpura Road,1843.0,3.0,2.0,88.0,3 BHK,4774.823657080847
Ready To Move,Kanakpura Road,1150.0,2.0,2.0,40.25,3 BHK,3500.0
Not Ready To Move,Chandapura,1230.0,2.0,2.0,31.37,3 BHK,2550.4065040650407
Ready To Move,Kodihalli,3197.0,5.0,2.0,335.0,4 BHK,10478.573662808883
Not Ready To Move,Kanakpura Road,1703.0,3.0,2.0,130.0,3 BHK,7633.587786259542
Ready To Move,Kaval Byrasandra,1125.0,2.0,1.0,41.5,2 BHK,3688.8888888888887
Ready To Move,Battarahalli,1516.0,3.0,3.0,65.0,3 BHK,4287.598944591029
Ready To Move,Brookefield,1130.0,2.0,2.0,56.0,2 BHK,4955.7522123893805
Ready To Move,Iblur Village,3596.0,5.0,1.0,279.0,4 BHK,7758.620689655172
Not Ready To Move,Hosa Road,1512.0,3.0,2.0,103.0,3 BHK,6812.169312169312
Ready To Move,Thanisandra,1491.0,3.0,1.0,88.0,3 BHK,5902.079141515761
Ready To Move,Cox Town,1250.0,2.0,2.0,95.0,2 BHK,7600.0
Not Ready To Move,Banashankari,1650.0,3.0,2.0,90.75,3 BHK,5500.0
Ready To Move,Raja Rajeshwari Nagar,1140.0,2.0,1.0,48.7,2 BHK,4271.929824561404
Ready To Move,Behind Don Bosco Church,1200.0,4.0,1.0,110.0,4 BHK,9166.666666666666
Ready To Move,Thanisandra,1881.0,3.0,2.0,95.0,3 BHK,5050.50505050505
Not Ready To Move,Kanakpura Road,1100.0,3.0,2.0,56.57,3 BHK,5142.727272727273
Ready To Move,Iblur Village,2666.0,4.0,1.0,200.0,3 BHK,7501.875468867217
Ready To Move,Bagalur,1500.0,2.0,1.0,50.0,2 BHK,3333.3333333333335
Not Ready To Move,Seshadripuram,1217.0,2.0,1.0,164.0,2 BHK,13475.760065735414
Ready To Move,Whitefield,1197.0,2.0,1.0,50.0,2 BHK,4177.109440267335
Ready To Move,Gollarapalya Hosahalli,1345.0,3.0,2.0,60.0,3 BHK,4460.966542750929
Ready To Move,KR Puram,1200.0,4.0,2.0,100.0,4 BHK,8333.333333333334
Ready To Move,Bannerghatta Road,3230.0,5.0,0.0,165.0,4 BHK,5108.359133126935
Ready To Move,Banashankari Stage II,1260.0,2.0,1.0,95.0,3 BHK,7539.68253968254
Ready To Move,Sarjapur  Road,2750.0,5.0,1.0,240.0,4 BHK,8727.272727272728
Ready To Move,9th Phase JP Nagar,1200.0,2.0,0.0,80.0,2 BHK,6666.666666666667
Ready To Move,Devara Jeevanahalli,1650.0,3.0,0.0,52.0,3 BHK,3151.5151515151515
Ready To Move,1st Block HBR Layout,600.0,1.0,0.0,45.0,1 BHK,7500.0
Ready To Move,Uttarahalli,1025.0,2.0,1.0,35.88,2 BHK,3500.4878048780492
Ready To Move,Hennur Road,973.0,2.0,1.0,56.0,2 BHK,5755.395683453237
Not Ready To Move,Thanisandra main road,4110.0,4.0,2.0,590.0,4 BHK,14355.231143552312
Ready To Move,Rajaji Nagar,2533.0,3.0,3.0,425.0,3 BHK,16778.523489932886
Ready To Move,Balagere,1007.0,2.0,1.0,75.0,2 BHK,7447.864945382324
Not Ready To Move,Sarjapur  Road,1830.0,3.0,1.0,119.0,3 BHK,6502.732240437159
Ready To Move,Nagavara,1077.0,2.0,1.0,50.0,2 BHK,4642.525533890436
Ready To Move,Immadihalli,672.0,1.0,1.0,27.0,1 BHK,4017.8571428571427
Ready To Move,Shanthi Layout,1280.0,3.0,0.0,87.0,3 BHK,6796.875
Ready To Move,Electronics City Phase 1,865.0,2.0,0.0,40.0,2 BHK,4624.277456647399
Ready To Move,Kalena Agrahara,1000.0,2.0,2.0,33.0,2 BHK,3300.0
Ready To Move,CV Raman Nagar,1285.0,2.0,2.0,65.0,2 BHK,5058.365758754864
Ready To Move,Thanisandra,662.0,1.0,1.0,29.0,1 BHK,4380.664652567976
Ready To Move,Whitefield,2297.0,5.0,2.0,269.0,5 BHK,11710.927296473661
Ready To Move,Sarjapura - Attibele Road,3750.0,6.0,3.0,295.0,5 BHK,7866.666666666667
Ready To Move,Kalkere,1850.0,3.0,3.0,95.0,3 BHK,5135.135135135135
Ready To Move,Harlur,1754.0,3.0,2.0,132.0,3 BHK,7525.655644241733
Ready To Move,Hennur Bande,1200.0,4.0,2.0,150.0,5 BHK,12500.0
Ready To Move,1st Phase JP Nagar,2200.0,7.0,2.0,350.0,5 BHK,15909.09090909091
Ready To Move,Anugrah Layout,1567.0,3.0,1.0,100.0,3 BHK,6381.620931716656
Ready To Move,Hoskote,1695.0,3.0,3.0,50.0,3 BHK,2949.8525073746314
Ready To Move,Hosahalli Extension,360.0,2.0,1.0,40.0,2 BHK,11111.111111111111
Ready To Move,Bellandur,1150.0,2.0,1.0,69.44,2 BHK,6038.260869565217
Ready To Move,Akshaya Nagar,1690.0,3.0,2.0,85.0,3 BHK,5029.585798816568
Not Ready To Move,1st Block Koramangala,2350.0,3.0,2.0,210.0,3 BHK,8936.170212765957
Ready To Move,Karuna Nagar,1057.0,2.0,1.0,65.0,2 BHK,6149.479659413434
Not Ready To Move,Hebbal,1320.0,2.0,1.0,91.0,2 BHK,6893.939393939394
Not Ready To Move,Bhoganhalli,2119.0,4.0,3.0,111.0,4 BHK,5238.319962246343
Ready To Move,Bandepalya,1125.0,2.0,1.0,48.0,2 BHK,4266.666666666667
Not Ready To Move,Kanakpura Road,2254.0,3.0,2.0,170.0,3 BHK,7542.147293700089
Not Ready To Move,Balagere,645.0,1.0,1.0,34.18,1 BHK,5299.224806201551
Ready To Move,Rachenahalli,1050.0,2.0,2.0,52.08,2 BHK,4960.0
Not Ready To Move,Panathur,1040.0,2.0,1.0,41.6,2 BHK,4000.0
Not Ready To Move,Sarjapur  Road,1700.0,3.0,1.0,194.0,3 BHK,11411.764705882353
Ready To Move,1st Block Jayanagar,1760.0,3.0,2.0,115.0,3 BHK,6534.090909090909
Not Ready To Move,Bellandur,1138.0,3.0,2.0,128.0,3 BHK,11247.80316344464
Not Ready To Move,Sarjapur  Road,984.0,2.0,1.0,45.91,2 BHK,4665.650406504065
Ready To Move,Raja Rajeshwari Nagar,1140.0,2.0,2.0,38.65,2 BHK,3390.3508771929824
Not Ready To Move,Whitefield,3596.0,3.0,1.0,200.0,3 BHK,5561.735261401557
Ready To Move,Kalkere,1365.0,3.0,2.0,54.0,3 BHK,3956.043956043956
Ready To Move,Bethel Nagar,560.0,1.0,0.0,19.0,1 BHK,3392.8571428571427
Ready To Move,Vittasandra,1404.0,2.0,1.0,75.0,2 BHK,5341.880341880342
Ready To Move,Bellandur,1540.0,4.0,3.0,45.0,4 BHK,2922.0779220779223
Ready To Move,Electronic City,1050.0,2.0,1.0,39.0,3 BHK,3714.285714285714
Ready To Move,Lingarajapuram,360.0,4.0,3.0,37.0,4 BHK,10277.777777777777
Ready To Move,Rachenahalli,1550.0,3.0,3.0,72.5,3 BHK,4677.419354838709
Ready To Move,Yelahanka,1653.0,3.0,3.0,93.0,3 BHK,5626.134301270417
Ready To Move,Parappana Agrahara,1194.0,2.0,2.0,47.0,2 BHK,3936.348408710218
Ready To Move,Narayana Nagar 1st Block,1471.0,2.0,3.0,75.0,3 BHK,5098.572399728077
Not Ready To Move,Kanakpura Road,700.0,2.0,1.0,35.0,2 BHK,5000.0
Ready To Move,Kudlu Gate,812.0,2.0,1.0,38.25,2 BHK,4710.591133004926
Ready To Move,8th Phase JP Nagar,1504.0,2.0,2.0,83.0,3 BHK,5518.617021276596
Ready To Move,Mahadevpura,1450.0,3.0,2.0,75.0,3 BHK,5172.413793103448
Ready To Move,Kannamangala,957.0,2.0,2.0,54.5,2 BHK,5694.879832810867
Ready To Move,Attibele,460.0,1.0,1.0,13.0,1 BHK,2826.086956521739
Ready To Move,poornaprajna layout,900.0,2.0,0.0,128.0,2 BHK,14222.222222222223
Ready To Move,7th Phase JP Nagar,1050.0,2.0,1.0,75.0,2 BHK,7142.857142857143
Ready To Move,Budigere,1820.0,3.0,2.0,85.0,3 BHK,4670.32967032967
Not Ready To Move,Varthur Road,1033.0,2.0,2.0,32.0,2 BHK,3097.773475314618
Ready To Move,Kumaraswami Layout,800.0,1.0,1.0,90.0,2 BHK,11250.0
Ready To Move,Kadabagere,520.0,2.0,0.0,29.0,1 BHK,5576.923076923077
Ready To Move,OMBR Layout,1165.0,2.0,2.0,88.5,2 BHK,7596.56652360515
Ready To Move,Gottigere,1280.0,2.0,1.0,61.0,2 BHK,4765.625
Ready To Move,Cambridge Layout,1950.0,3.0,3.0,230.0,3 BHK,11794.871794871795
Ready To Move,BTM 4th Stage,600.0,1.0,0.0,58.0,1 BHK,9666.666666666666
Ready To Move,Kanakpura Road,1550.0,3.0,3.0,65.1,3 BHK,4199.999999999999
Ready To Move,Nagavarapalya,1392.0,2.0,1.0,130.0,2 BHK,9339.080459770115
Ready To Move,Jigani,1221.0,3.0,3.0,75.0,3 BHK,6142.506142506142
Ready To Move,AMS Layout,1000.0,1.0,1.0,19.0,1 BHK,1900.0
Ready To Move,KR Garden,1300.0,2.0,2.0,60.0,2 BHK,4615.384615384615
Ready To Move,Hoskote,1065.0,2.0,3.0,31.5,2 BHK,2957.7464788732395
Ready To Move,Yelahanka New Town,1209.0,2.0,3.0,65.0,3 BHK,5376.344086021505
Ready To Move,BTM 1st Stage,375.0,1.0,0.0,40.0,1 BHK,10666.666666666666
Ready To Move,Dollars Colony,7800.0,3.0,2.0,2000.0,3 BHK,25641.02564102564
Not Ready To Move,Sarjapur  Road,1929.0,4.0,1.0,101.0,3 BHK,5235.873509590461
Ready To Move,Hennur Road,1255.0,2.0,1.0,84.0,2 BHK,6693.227091633466
Not Ready To Move,Jalahalli,1035.0,2.0,1.0,31.05,2 BHK,3000.0
Ready To Move,Annapurneshwari Nagar,1200.0,5.0,2.0,270.0,4 BHK,22500.0
Not Ready To Move,Banashankari,1650.0,3.0,2.0,101.0,3 BHK,6121.212121212121
Ready To Move,Whitefield,1275.0,2.0,3.0,65.0,3 BHK,5098.0392156862745
Not Ready To Move,Electronic City,1128.0,2.0,1.0,65.58,2 BHK,5813.829787234043
Ready To Move,Raja Rajeshwari Nagar,1140.0,2.0,2.0,38.55,2 BHK,3381.578947368421
Ready To Move,OMBR Layout,1200.0,4.0,2.0,200.0,4 BHK,16666.666666666668
Not Ready To Move,Thanisandra,1183.0,2.0,2.0,58.56,2 BHK,4950.126796280642
Ready To Move,Whitefield,1155.0,2.0,1.0,39.0,2 BHK,3376.6233766233768
Ready To Move,Kengeri,1245.0,2.0,2.0,43.57,3 BHK,3499.598393574297
Ready To Move,Akshaya Nagar,1000.0,2.0,1.0,38.0,2 BHK,3800.0
Ready To Move,7th Phase JP Nagar,1040.0,2.0,1.0,75.0,2 BHK,7211.538461538462
Ready To Move,Ardendale,2062.0,3.0,2.0,140.0,4 BHK,6789.524733268671
Ready To Move,Kundalahalli Colony,1477.0,2.0,2.0,75.0,3 BHK,5077.860528097495
Not Ready To Move,Nagadevanahalli,1050.0,3.0,3.0,85.0,4 BHK,8095.238095238095
Ready To Move,Sarjapur  Road,1525.0,2.0,2.0,65.0,3 BHK,4262.295081967213
Ready To Move,Kaverappa Layout,1220.0,2.0,1.0,65.0,2 BHK,5327.868852459016
Ready To Move,Hebbal,2388.0,3.0,1.0,195.0,3 BHK,8165.829145728643
Not Ready To Move,Electronic City,1355.0,2.0,1.0,97.6,2 BHK,7202.952029520296
Ready To Move,Whitefield,1141.0,2.0,1.0,62.0,2 BHK,5433.829973707274
Not Ready To Move,Vijayanagar,1046.0,2.0,0.0,49.06,2 BHK,4690.248565965583
Ready To Move,Bannerghatta Road,630.0,1.0,2.0,35.0,1 BHK,5555.555555555556
Ready To Move,Pattandur Agrahara,1247.0,2.0,2.0,62.35,2 BHK,5000.0
Ready To Move,Marathahalli,3855.0,4.0,3.0,220.0,4 BHK,5706.874189364462
Ready To Move,Geddalahalli,850.0,2.0,1.0,32.5,2 BHK,3823.529411764706
Ready To Move,KR Puram,1120.0,2.0,2.0,36.0,2 BHK,3214.285714285714
Not Ready To Move,Jakkur,1798.0,3.0,1.0,110.0,3 BHK,6117.908787541713
Ready To Move,Bisuvanahalli,1180.0,2.0,1.0,45.0,3 BHK,3813.5593220338983
Ready To Move,Kereguddadahalli,1000.0,2.0,1.0,34.0,2 BHK,3400.0
Not Ready To Move,Whitefield,1216.0,2.0,1.0,82.0,2 BHK,6743.421052631579
Ready To Move,Margondanahalli,900.0,2.0,0.0,65.0,2 BHK,7222.222222222223
Ready To Move,TC Palaya,1100.0,2.0,0.0,65.0,2 BHK,5909.090909090909
Not Ready To Move,Badavala Nagar,1842.0,3.0,2.0,115.0,3 BHK,6243.213897937025
Ready To Move,Bisuvanahalli,1075.0,2.0,1.0,43.0,3 BHK,4000.0
Ready To Move,Whitefield,1495.0,3.0,3.0,88.0,2 BHK,5886.28762541806
Ready To Move,Kanakpura Road,1700.0,3.0,3.0,120.0,3 BHK,7058.823529411765
Not Ready To Move,Whitefield,1564.0,3.0,1.0,103.0,3 BHK,6585.677749360614
Not Ready To Move,Reliaable Tranquil Layout,1256.0,2.0,1.0,65.0,2 BHK,5175.15923566879
Not Ready To Move,Kundalahalli,1047.0,2.0,1.0,89.0,2 BHK,8500.477554918816
Not Ready To Move,Bhoganhalli,1458.0,3.0,1.0,78.45,3 BHK,5380.658436213992
Not Ready To Move,Hoodi,1063.0,2.0,1.0,61.17,2 BHK,5754.468485418626
Ready To Move,Sadashiva Nagar,7400.0,5.0,2.0,1850.0,4 BHK,25000.0
Ready To Move,Garudachar Palya,1150.0,2.0,1.0,52.5,2 BHK,4565.217391304348
Ready To Move,Chandapura,450.0,1.0,1.0,9.0,1 BHK,2000.0
Ready To Move,Ramamurthy Nagar,1360.0,2.0,0.0,45.0,2 BHK,3308.823529411765
Ready To Move,Marathahalli,1605.0,3.0,2.0,76.0,3 BHK,4735.202492211838
Ready To Move,Nagarbhavi,1200.0,4.0,2.0,205.0,3 BHK,17083.333333333332
Not Ready To Move,Haralur Road,1810.0,3.0,2.0,100.0,3 BHK,5524.861878453039
Not Ready To Move,LB Shastri Nagar,1250.0,2.0,2.0,48.5,2 BHK,3880.0
Ready To Move,Poorna Pragna Layout,1475.0,2.0,2.0,58.99,3 BHK,3999.322033898305
Ready To Move,R.T. Nagar,1100.0,3.0,0.0,125.0,2 BHK,11363.636363636364
Not Ready To Move,Dommasandra,850.0,2.0,1.0,25.4,2 BHK,2988.235294117647
Not Ready To Move,Electronic City Phase II,1025.0,2.0,1.0,26.65,2 BHK,2600.0
Ready To Move,Uttarahalli,980.0,2.0,1.0,45.0,2 BHK,4591.836734693878
Ready To Move,Basavanagara,1428.0,2.0,1.0,70.0,3 BHK,4901.9607843137255
Ready To Move,Shanti Nagar,1130.0,2.0,1.0,74.0,2 BHK,6548.672566371682
Not Ready To Move,Kanakpura Road,1592.0,3.0,2.0,125.0,3 BHK,7851.75879396985
Ready To Move,JP Nagar,2050.0,3.0,3.0,82.0,3 BHK,4000.0
Ready To Move,Bagalur,1407.0,2.0,1.0,83.87,2 BHK,5960.90973702914
Ready To Move,Cunningham Road,4170.0,3.0,2.0,800.0,3 BHK,19184.65227817746
Ready To Move,Whitefield,1585.0,3.0,1.0,84.0,3 BHK,5299.6845425867505
Ready To Move,Jakkur,1785.0,3.0,2.0,130.0,3 BHK,7282.913165266106
Ready To Move,BSM Extension,900.0,2.0,3.0,45.0,2 BHK,5000.0
Ready To Move,Somanna Garden,1350.0,4.0,2.0,160.0,4 BHK,11851.851851851852
Ready To Move,Kanakpura Road,1843.0,3.0,2.0,96.2,3 BHK,5219.750406945198
Ready To Move,Munivenkatppa Layout,2375.0,3.0,2.0,260.0,4 BHK,10947.368421052632
Ready To Move,RPC layout,1200.0,2.0,1.0,67.0,2 BHK,5583.333333333333
Ready To Move,Akshaya Nagar,1113.0,2.0,1.0,52.0,2 BHK,4672.057502246182
Ready To Move,Uttarahalli,1125.0,2.0,1.0,47.0,2 BHK,4177.777777777777
Not Ready To Move,Whitefield,1200.0,3.0,1.0,56.0,3 BHK,4666.666666666667
Ready To Move,Anekal,1150.0,3.0,2.0,45.0,3 BHK,3913.0434782608695
Ready To Move,Yeshwanthpur,770.0,1.0,1.0,70.0,2 BHK,9090.90909090909
Ready To Move,Kodichikkanahalli,1181.0,2.0,2.0,57.0,2 BHK,4826.418289585097
Ready To Move,Kanakpura Road,1550.0,3.0,3.0,64.7,3 BHK,4174.193548387097
Ready To Move,1st Phase JP Nagar,1200.0,2.0,1.0,86.0,2 BHK,7166.666666666667
Ready To Move,Raja Rajeshwari Nagar,1295.0,2.0,2.0,55.47,2 BHK,4283.397683397683
Ready To Move,Kenchenahalli,480.0,3.0,3.0,65.0,3 BHK,13541.666666666666
Ready To Move,Lingadheeranahalli,1506.0,3.0,1.0,95.0,3 BHK,6308.100929614874
Ready To Move,"HSR Layout 7th sector, ",1872.0,3.0,2.0,152.0,3 BHK,8119.65811965812
Ready To Move,Sarjapur  Road,2900.0,4.0,2.0,240.0,4 BHK,8275.862068965518
Not Ready To Move,Abbigere,1326.0,2.0,1.0,35.0,3 BHK,2639.517345399698
Ready To Move,Talaghattapura,1040.0,2.0,1.0,33.28,2 BHK,3200.0
Ready To Move,Bettadasanapura,1200.0,5.0,1.0,90.0,5 BHK,7500.0
Ready To Move,Hennur,1020.0,2.0,1.0,48.0,2 BHK,4705.882352941177
Ready To Move,Gokula Extension,1400.0,3.0,2.0,90.0,3 BHK,6428.571428571428
Ready To Move,Weavers Colony,812.0,1.0,1.0,26.0,1 BHK,3201.9704433497536
Ready To Move,Vidyaranyapura,1100.0,2.0,1.0,54.0,2 BHK,4909.090909090909
Not Ready To Move,Kodathi,829.0,2.0,1.0,22.8,2 BHK,2750.301568154403
Ready To Move,Vijayanagar,750.0,4.0,3.0,95.0,5 BHK,12666.666666666666
Ready To Move,Sanjay nagar,2700.0,4.0,2.0,350.0,4 BHK,12962.962962962964
Not Ready To Move,Kanakpura Road,1500.0,3.0,1.0,72.99,3 BHK,4865.999999999999
Ready To Move,Ananth Nagar,850.0,2.0,1.0,25.99,2 BHK,3057.6470588235293
Ready To Move,Kaval Byrasandra,1180.0,2.0,2.0,60.0,2 BHK,5084.745762711865
Not Ready To Move,Cunningham Road,5108.0,5.0,2.0,995.0,4 BHK,19479.24823805795
Ready To Move,Thigalarapalya,2215.0,4.0,2.0,150.0,3 BHK,6772.009029345372
Ready To Move,Channasandra,1010.0,2.0,1.0,36.0,2 BHK,3564.3564356435645
Ready To Move,Marathahalli,1350.0,2.0,2.0,60.0,2 BHK,4444.444444444444
Ready To Move,Talaghattapura,1100.0,2.0,0.0,50.0,2 BHK,4545.454545454545
Ready To Move,Kanakpura Road,1450.0,2.0,2.0,62.93,3 BHK,4340.0
Ready To Move,Raja Rajeshwari Nagar,1133.0,2.0,2.0,40.0,2 BHK,3530.45013239188
Ready To Move,Thanisandra,1564.0,3.0,2.0,100.0,3 BHK,6393.861892583121
Ready To Move,Doddaballapur,640.0,1.0,0.0,10.5,2 BHK,1640.625
Ready To Move,Thigalarapalya,2072.0,4.0,2.0,157.0,3 BHK,7577.220077220078
Ready To Move,Rajaji Nagar,432.0,2.0,1.0,65.0,2 BHK,15046.296296296296
Ready To Move,Kanakapura,1460.0,2.0,3.0,51.1,3 BHK,3500.0
Ready To Move,A Narayanapura,600.0,2.0,1.0,35.0,1 BHK,5833.333333333333
Ready To Move,Rachenahalli,1050.0,2.0,2.0,52.07,2 BHK,4959.047619047619
Not Ready To Move,"Judicial Layout, Kanakapura Road, ",700.0,2.0,1.0,35.0,2 BHK,5000.0
Ready To Move,TC Palaya,1200.0,3.0,0.0,66.0,3 BHK,5500.0
Ready To Move,Yelahanka,654.0,1.0,1.0,38.0,1 BHK,5810.397553516819
Ready To Move,Ankappa Layout,1105.0,2.0,2.0,50.0,2 BHK,4524.886877828054
Ready To Move,Hebbal Kempapura,1800.0,3.0,3.0,150.0,3 BHK,8333.333333333334
Ready To Move,Yelachenahalli,1200.0,2.0,2.0,160.0,2 BHK,13333.333333333334
Ready To Move,Kogilu,700.0,1.0,1.0,30.84,1 BHK,4405.714285714285
Ready To Move,Amruthnagar,1000.0,2.0,1.0,51.0,2 BHK,5100.0
Ready To Move,HSR Layout,3500.0,5.0,0.0,350.0,5 BHK,10000.0
Not Ready To Move,Gattahalli,1240.0,2.0,1.0,63.0,3 BHK,5080.645161290323
Ready To Move,Bellandur,1200.0,2.0,3.0,45.0,2 BHK,3750.0
Ready To Move,Yelahanka New Town,1400.0,2.0,2.0,80.0,3 BHK,5714.285714285715
Ready To Move,HOSUR MAIN ROAD,1393.0,3.0,2.0,54.0,3 BHK,3876.5254845656855
Ready To Move,Whitefield,1140.0,2.0,2.0,50.0,2 BHK,4385.964912280701
Ready To Move,Sahakara Nagar,1000.0,5.0,2.0,130.0,5 BHK,13000.0
Ready To Move,Gulimangala,1640.0,3.0,2.0,70.0,3 BHK,4268.292682926829
Ready To Move,Kithaganur,1200.0,2.0,0.0,62.0,2 BHK,5166.666666666667
Ready To Move,Rajaji Nagar,720.0,2.0,2.0,65.0,2 BHK,9027.777777777777
Ready To Move,Yelenahalli,1650.0,3.0,3.0,68.0,3 BHK,4121.212121212121
Ready To Move,Nagavara,2496.0,4.0,2.0,125.0,4 BHK,5008.01282051282
Ready To Move,9th Phase JP Nagar,905.0,2.0,1.0,32.0,2 BHK,3535.9116022099447
Ready To Move,HAL 2nd Stage,1600.0,3.0,1.0,125.0,3 BHK,7812.5
Not Ready To Move,Chikkalasandra,1070.0,2.0,1.0,45.48,2 BHK,4250.467289719626
Ready To Move,Yemlur,8400.0,5.0,2.0,1675.0,4 BHK,19940.47619047619
Ready To Move,Koramangala,1200.0,2.0,2.0,100.0,2 BHK,8333.333333333334
Ready To Move,Indira Nagar,1800.0,5.0,2.0,350.0,5 BHK,19444.444444444445
Ready To Move,8th Phase JP Nagar,2600.0,4.0,2.0,115.0,4 BHK,4423.076923076923
Ready To Move,Old Airport Road,1145.0,2.0,2.0,75.0,2 BHK,6550.218340611354
Ready To Move,Addischetan Layout,1495.0,3.0,2.0,55.0,3 BHK,3678.9297658862874
Ready To Move,Basavanagara,1200.0,2.0,1.0,300.0,3 BHK,25000.0
Ready To Move,Stage-4 Bommanahalli,1400.0,3.0,2.0,53.0,3 BHK,3785.714285714286
Not Ready To Move,Whitefield,1558.0,3.0,2.0,90.0,3 BHK,5776.636713735558
Not Ready To Move,Balagere,1007.0,2.0,1.0,53.0,2 BHK,5263.1578947368425
Ready To Move,Ananth Nagar,902.0,2.0,1.0,25.26,2 BHK,2800.4434589800444
Ready To Move,Kallumantapa,1054.0,2.0,1.0,53.0,2 BHK,5028.462998102466
Ready To Move,Uttarahalli,1135.0,2.0,3.0,39.73,3 BHK,3500.440528634361
Ready To Move,Gollarapalya Hosahalli,996.0,2.0,2.0,49.0,2 BHK,4919.678714859438
Not Ready To Move,Vimanapura,1275.0,2.0,2.0,47.0,2 BHK,3686.274509803922
Ready To Move,NRI Layout,1250.0,2.0,0.0,75.0,2 BHK,6000.0
Ready To Move,Hennur,2502.0,4.0,2.0,170.0,4 BHK,6794.564348521183
Ready To Move,Sadaramangala,1394.0,2.0,3.0,52.0,2 BHK,3730.2725968436157
Ready To Move,Haralur Road,1243.0,2.0,2.0,46.0,2 BHK,3700.7240547063557
Not Ready To Move,Whitefield,1216.0,2.0,1.0,75.0,2 BHK,6167.763157894737
Ready To Move,Konena Agrahara,1075.0,2.0,1.0,57.0,2 BHK,5302.325581395349
Ready To Move,Indira Nagar,1500.0,3.0,3.0,120.0,3 BHK,8000.0
Not Ready To Move,Rayasandra,1708.0,3.0,1.0,76.0,4 BHK,4449.648711943794
Ready To Move,Whitefield,1500.0,3.0,1.0,250.0,3 BHK,16666.666666666668
Ready To Move,Jakkur Plantation,1800.0,4.0,3.0,115.0,3 BHK,6388.888888888889
Ready To Move,Harlur,1532.0,2.0,1.0,65.0,2 BHK,4242.819843342037
Not Ready To Move,Hosa Road,1726.0,3.0,2.0,81.99,3 BHK,4750.289687137891
Ready To Move,Hanumanth Nagar,1220.0,2.0,2.0,54.89,2 BHK,4499.180327868852
Ready To Move,Chikkalasandra,1100.0,2.0,2.0,50.0,2 BHK,4545.454545454545
Ready To Move,Electronics City Phase 1,1530.0,3.0,3.0,40.0,3 BHK,2614.37908496732
Not Ready To Move,Hosa Road,840.0,2.0,1.0,28.0,2 BHK,3333.3333333333335
Not Ready To Move,Bommanahalli,1250.0,4.0,3.0,39.0,3 BHK,3120.0
Ready To Move,CV Raman Nagar,1030.0,2.0,1.0,35.0,2 BHK,3398.0582524271845
Ready To Move,Raghavendra Layout,1499.0,3.0,2.0,89.0,3 BHK,5937.291527685124
Ready To Move,Varsova Layout,1280.0,2.0,3.0,55.0,3 BHK,4296.875
Ready To Move,Munnekollal,1170.0,2.0,2.0,59.0,2 BHK,5042.735042735043
Ready To Move,Chikka Tirupathi,2646.0,3.0,2.0,99.0,3 BHK,3741.496598639456
Not Ready To Move,Thirumenahalli,1161.0,2.0,3.0,36.69,2 BHK,3160.206718346253
Ready To Move,Yelahanka,1633.0,2.0,1.0,72.0,2 BHK,4409.0630740967545
Ready To Move,Richards Town,1050.0,2.0,2.0,65.0,2 BHK,6190.476190476191
Not Ready To Move,Hennur Road,1650.0,5.0,3.0,309.0,4 BHK,18727.272727272728
Ready To Move,Attibele,418.0,2.0,1.0,11.5,1 BHK,2751.196172248804
Ready To Move,Bhattarahalli,905.0,2.0,2.0,50.0,2 BHK,5524.861878453039
Ready To Move,Raja Rajeshwari Nagar,1510.0,2.0,2.0,55.0,3 BHK,3642.384105960265
Ready To Move,Chikkalasandra,1390.0,2.0,3.0,60.47,3 BHK,4350.359712230216
Ready To Move,Kasturi Nagar,1101.0,2.0,2.0,66.0,2 BHK,5994.550408719346
Ready To Move,Srirampura,2736.0,4.0,2.0,130.0,4 BHK,4751.461988304093
Not Ready To Move,EPIP Zone,2350.0,4.0,2.0,163.0,3 BHK,6936.170212765957
Ready To Move,Raja Rajeshwari Nagar 5th Stage,1056.0,2.0,2.0,55.0,2 BHK,5208.333333333333
Ready To Move,Kanakpura Road,1425.0,2.0,2.0,49.88,3 BHK,3500.3508771929824
Not Ready To Move,Electronics City Phase 1,1450.0,3.0,1.0,70.0,3 BHK,4827.586206896552
Ready To Move,Pai Layout,1000.0,2.0,2.0,34.0,2 BHK,3400.0
Not Ready To Move,Haralur Road,575.0,1.0,1.0,38.0,1 BHK,6608.695652173913
Ready To Move,Uttarahalli,1350.0,2.0,2.0,47.24,3 BHK,3499.259259259259
Ready To Move,Kanakpura Road,2000.0,2.0,0.0,180.0,3 BHK,9000.0
Ready To Move,Raghavendra Layout,1770.0,3.0,2.0,90.0,3 BHK,5084.745762711865
Ready To Move,Byadarahalli,3155.0,3.0,2.0,315.0,3 BHK,9984.152139461174
Ready To Move,Anandapura,616.0,3.0,1.0,45.0,2 BHK,7305.194805194805
Ready To Move,JP Nagar,745.0,1.0,0.0,34.27,1 BHK,4600.000000000001
Ready To Move,HAL 2nd Stage,2400.0,4.0,1.0,650.0,4 BHK,27083.333333333332
Not Ready To Move,Kudlu Gate,1547.0,2.0,2.0,103.0,2 BHK,6658.047834518423
Ready To Move,Panathur,1713.0,3.0,1.0,120.0,3 BHK,7005.253940455342
Ready To Move,Sarjapur,3300.0,4.0,2.0,430.0,4 BHK,13030.30303030303
Ready To Move,Yeshwanthpur,1856.0,4.0,2.0,180.0,3 BHK,9698.275862068966
Ready To Move,RMV Extension,1152.0,2.0,1.0,57.0,2 BHK,4947.916666666667
Ready To Move,Dodda Nekkundi,1100.0,2.0,1.0,46.75,2 BHK,4250.0
Ready To Move,Narayanapura,2357.0,3.0,2.0,135.0,3 BHK,5727.619855748833
Ready To Move,Akshaya Nagar,1820.0,4.0,2.0,95.0,3 BHK,5219.780219780219
Not Ready To Move,Kannamangala,1865.0,3.0,1.0,139.0,3 BHK,7453.083109919571
Ready To Move,Kanakpura Road,1240.0,2.0,2.0,65.0,2 BHK,5241.935483870968
Ready To Move,Padmanabhanagar,1360.0,3.0,1.0,75.0,3 BHK,5514.705882352941
Ready To Move,ISRO Layout,4200.0,4.0,2.0,255.0,4 BHK,6071.428571428572
Ready To Move,Electronics City Phase 1,1450.0,2.0,2.0,63.51,3 BHK,4380.0
Ready To Move,Budigere,1139.0,2.0,2.0,72.0,2 BHK,6321.334503950834
Ready To Move,Begur Road,1565.0,2.0,2.0,56.0,3 BHK,3578.2747603833864
Ready To Move,Anjanapura,1200.0,3.0,2.0,165.0,3 BHK,13750.0
Ready To Move,Kurubarahalli,600.0,4.0,0.0,77.0,4 BHK,12833.333333333334
Ready To Move,Nagappa Reddy Layout,1200.0,2.0,2.0,39.0,2 BHK,3250.0
Ready To Move,Yeshwanthpur,1855.0,3.0,3.0,140.0,3 BHK,7547.169811320755
Ready To Move,Margondanahalli,1100.0,2.0,1.0,55.0,2 BHK,5000.0
Ready To Move,Arehalli,1350.0,2.0,2.0,65.0,3 BHK,4814.814814814815
Ready To Move,Old Madras Road,2266.0,3.0,2.0,207.0,3 BHK,9135.03971756399
Ready To Move,Hosur Road,660.0,1.0,1.0,23.0,1 BHK,3484.848484848485
Ready To Move,Kodihalli,1490.0,2.0,1.0,150.0,2 BHK,10067.114093959732
Ready To Move,Kambipura,1083.0,2.0,1.0,48.0,3 BHK,4432.13296398892
Not Ready To Move,Hennur Road,1232.0,2.0,1.0,83.0,2 BHK,6737.012987012987
Ready To Move,Raja Rajeshwari Nagar,1550.0,3.0,1.0,86.8,3 BHK,5600.0
Ready To Move,Whitefield,1227.0,2.0,2.0,70.0,2 BHK,5704.9714751426245
Ready To Move,Sarjapur  Road,1059.0,2.0,2.0,68.0,2 BHK,6421.152030217186
Ready To Move,Electronic City Phase II,545.0,1.0,1.0,29.0,2 BHK,5321.100917431193
Ready To Move,Mahadevpura,1152.0,2.0,1.0,54.0,2 BHK,4687.5
Ready To Move,Kenchenahalli,870.0,1.0,1.0,45.0,2 BHK,5172.413793103448
Not Ready To Move,Panathur,1210.0,2.0,1.0,78.0,2 BHK,6446.280991735537
Not Ready To Move,Thanisandra,663.0,1.0,0.0,46.1,1 BHK,6953.242835595776
Ready To Move,Hennur Gardens,1464.0,2.0,1.0,135.0,3 BHK,9221.311475409837
Ready To Move,Kadubeesanahalli,1365.0,3.0,1.0,80.0,3 BHK,5860.805860805861
Ready To Move,Whitefield,1704.0,3.0,1.0,120.0,3 BHK,7042.2535211267605
Not Ready To Move,Whitefield,1256.0,2.0,1.0,73.0,2 BHK,5812.101910828025
Ready To Move,Kengeri,883.0,2.0,0.0,49.0,2 BHK,5549.263873159683
Ready To Move,Bisuvanahalli,1080.0,2.0,1.0,45.0,3 BHK,4166.666666666667
Ready To Move,Marsur,497.0,1.0,1.0,25.0,2 BHK,5030.181086519115
Not Ready To Move,9th Phase JP Nagar,1073.0,2.0,1.0,52.36,2 BHK,4879.77632805219
Ready To Move,Doddabommasandra,1300.0,2.0,3.0,32.0,2 BHK,2461.5384615384614
Ready To Move,Thanisandra,662.0,1.0,0.0,45.0,1 BHK,6797.583081570997
Not Ready To Move,Kumara Park,1200.0,2.0,2.0,75.0,2 BHK,6250.0
Ready To Move,5th Phase JP Nagar,1550.0,3.0,3.0,75.0,3 BHK,4838.709677419355
Ready To Move,7th Block Jayanagar,1707.0,3.0,2.0,171.0,3 BHK,10017.574692442882
Ready To Move,Banashankari,1310.0,2.0,2.0,80.43,2 BHK,6139.69465648855
Ready To Move,Sarjapur  Road,1577.0,3.0,2.0,65.0,3 BHK,4121.750158528852
Ready To Move,Kodigehaali,1324.0,3.0,2.0,65.0,3 BHK,4909.365558912386
Ready To Move,Kothanur,1786.0,2.0,2.0,106.0,3 BHK,5935.05039193729
Ready To Move,Harlur,1174.0,2.0,1.0,75.0,2 BHK,6388.415672913117
Ready To Move,Kamala Nagar,565.0,1.0,1.0,33.0,1 BHK,5840.70796460177
Ready To Move,7th Phase JP Nagar,1400.0,2.0,1.0,95.0,3 BHK,6785.714285714285
Ready To Move,Electronic City,635.0,1.0,1.0,28.0,1 BHK,4409.4488188976375
Ready To Move,8th Phase JP Nagar,1368.0,2.0,1.0,54.71,3 BHK,3999.2690058479534
Ready To Move,Kanakpura Road,1450.0,3.0,3.0,55.0,3 BHK,3793.103448275862
Ready To Move,Devanahalli,1045.0,2.0,2.0,48.0,2 BHK,4593.301435406698
Not Ready To Move,Electronic City,1128.0,2.0,1.0,65.4,2 BHK,5797.8723404255325
Ready To Move,Bhoganhalli,1125.0,2.0,1.0,54.0,2 BHK,4800.0
Not Ready To Move,Whitefield,1195.0,2.0,1.0,62.38,2 BHK,5220.083682008368
Ready To Move,Ramakrishnappa Layout,630.0,2.0,1.0,70.0,1 BHK,11111.111111111111
Ready To Move,Kaggadasapura,1350.0,2.0,0.0,105.0,3 BHK,7777.777777777777
Ready To Move,Domlur,1740.0,3.0,0.0,120.0,3 BHK,6896.551724137931
Ready To Move,Bommasandra,877.0,2.0,1.0,29.0,2 BHK,3306.72748004561
Ready To Move,Whitefield,1770.0,4.0,1.0,68.0,3 BHK,3841.80790960452
Ready To Move,Yelahanka New Town,450.0,1.0,1.0,15.0,1 BHK,3333.3333333333335
Not Ready To Move,tc.palya,1000.0,2.0,1.0,55.0,2 BHK,5500.0
Ready To Move,Whitefield,1300.0,2.0,2.0,78.0,2 BHK,6000.0
Ready To Move,Doddathoguru,1300.0,2.0,1.0,42.0,3 BHK,3230.769230769231
Ready To Move,Abbigere,985.0,2.0,1.0,40.39,2 BHK,4100.507614213198
Ready To Move,Chikkathoguru,1045.0,2.0,2.0,42.0,2 BHK,4019.1387559808613
Ready To Move,Chelekare,1250.0,2.0,1.0,62.4,2 BHK,4992.0
Ready To Move,Bande Nallasandra,2400.0,4.0,1.0,130.0,3 BHK,5416.666666666667
Ready To Move,Haralur Road,1194.0,2.0,2.0,46.0,2 BHK,3852.5963149078725
Ready To Move,Kanakpura Road,1420.0,3.0,3.0,68.0,3 BHK,4788.732394366197
Ready To Move,Sector 1 HSR Layout,1720.0,3.0,3.0,83.0,3 BHK,4825.581395348837
Ready To Move,Rachenahalli,1530.0,2.0,2.0,74.4,3 BHK,4862.745098039216
Ready To Move,Anandapura,1200.0,2.0,0.0,66.0,3 BHK,5500.0
Ready To Move,Whitefield,1570.0,3.0,3.0,88.0,3 BHK,5605.095541401274
Not Ready To Move,Sarjapur  Road,1157.0,2.0,1.0,74.0,3 BHK,6395.851339671564
Ready To Move,Sarjapur,535.0,1.0,1.0,20.0,2 BHK,3738.3177570093458
Ready To Move,Kanakapura,1120.0,2.0,2.0,39.2,2 BHK,3500.0000000000005
Ready To Move,Kenchenahalli,1150.0,2.0,2.0,60.0,2 BHK,5217.391304347826
Ready To Move,Hebbal Kempapura,2400.0,5.0,2.0,200.0,5 BHK,8333.333333333334
Ready To Move,Bannerghatta Road,1215.0,2.0,1.0,68.0,2 BHK,5596.707818930041
Not Ready To Move,Bhoganhalli,1444.0,2.0,1.0,75.97,2 BHK,5261.0803324099725
Ready To Move,6th Phase JP Nagar,2003.0,3.0,3.0,200.0,3 BHK,9985.022466300548
Ready To Move,Thirumenahalli,1100.0,2.0,2.0,70.0,2 BHK,6363.636363636364
Ready To Move,Kodichikkanahalli,900.0,2.0,1.0,42.0,2 BHK,4666.666666666667
Ready To Move,Talaghattapura,1372.0,2.0,1.0,43.9,3 BHK,3199.708454810496
Not Ready To Move,Chikka Tirupathi,4500.0,5.0,3.0,150.0,4 BHK,3333.3333333333335
Ready To Move,Bisuvanahalli,1180.0,2.0,1.0,55.5,3 BHK,4703.389830508475
Ready To Move,Electronic City,1096.0,2.0,2.0,39.0,2 BHK,3558.394160583942
Ready To Move,Yeshwanthpur,2504.0,3.0,3.0,138.0,3 BHK,5511.182108626198
Ready To Move,2nd Phase Judicial Layout,1350.0,2.0,2.0,47.25,3 BHK,3500.0
Ready To Move,Raghuvanahalli,420.0,1.0,1.0,23.5,1 BHK,5595.238095238095
Ready To Move,Hennur Road,1832.0,3.0,1.0,116.0,3 BHK,6331.8777292576415
Ready To Move,Vasanthapura,940.0,2.0,1.0,40.0,2 BHK,4255.31914893617
Ready To Move,Whitefield,4290.0,5.0,3.0,625.0,4 BHK,14568.764568764569
Not Ready To Move,Electronic City Phase II,1020.0,2.0,1.0,29.45,2 BHK,2887.2549019607845
Ready To Move,Raja Rajeshwari Nagar,1400.0,2.0,2.0,45.0,2 BHK,3214.285714285714
Ready To Move,HAL Layout,1675.0,3.0,2.0,65.0,3 BHK,3880.597014925373
Ready To Move,Tumkur Road,708.0,2.0,1.0,32.0,2 BHK,4519.774011299435
Ready To Move,Channasandra,1123.0,2.0,1.0,36.0,2 BHK,3205.699020480855
Ready To Move,Talaghattapura,1100.0,2.0,1.0,49.49,2 BHK,4499.090909090909
Ready To Move,Upkar Layout,1225.0,2.0,2.0,71.05,2 BHK,5800.0
Ready To Move,Lingadheeranahalli,1683.0,3.0,1.0,140.0,3 BHK,8318.478906714201
Ready To Move,Kengeri Satellite Town,410.0,1.0,1.0,15.0,1 BHK,3658.5365853658536
Ready To Move,Banashankari Stage II,2400.0,2.0,2.0,300.0,3 BHK,12500.0
Ready To Move,Kenchenhalli,1350.0,4.0,1.0,90.0,4 BHK,6666.666666666667
Ready To Move,Gubbalala,1475.0,2.0,2.0,80.0,2 BHK,5423.728813559322
Ready To Move,Kengeri Satellite Town,1120.0,2.0,2.0,49.0,2 BHK,4375.0
Ready To Move,KR Puram,1150.0,2.0,1.0,42.0,2 BHK,3652.1739130434785
Ready To Move,Yeshwanthpur,1165.0,2.0,1.0,85.0,2 BHK,7296.137339055794
Ready To Move,Harlur,1756.0,3.0,2.0,134.0,3 BHK,7630.979498861047
Ready To Move,Ambedkar Nagar,1409.0,2.0,2.0,95.0,2 BHK,6742.370475514549
Ready To Move,Mahadevpura,1212.0,2.0,1.0,56.9,2 BHK,4694.7194719471945
Ready To Move,Doddathoguru,1140.0,2.0,2.0,26.49,2 BHK,2323.684210526316
Not Ready To Move,Hegde Nagar,2087.01,3.0,2.0,115.0,3 BHK,5510.275465857853
Not Ready To Move,Sarjapur  Road,1700.0,3.0,1.0,118.0,3 BHK,6941.176470588235
Ready To Move,Raja Rajeshwari Nagar,1110.0,2.0,1.0,52.0,2 BHK,4684.684684684685
Not Ready To Move,Electronic City Phase II,1000.0,2.0,1.0,28.88,2 BHK,2888.0
Ready To Move,Chikka Tirupathi,2704.0,5.0,0.0,105.0,4 BHK,3883.1360946745563
Ready To Move,Vidya Nagar,3760.0,2.0,0.0,280.0,2 BHK,7446.808510638298
Ready To Move,Hormavu,1600.0,5.0,2.0,140.0,5 BHK,8750.0
Not Ready To Move,Bhoganhalli,1205.0,2.0,2.0,64.47,2 BHK,5350.207468879668
Ready To Move,Thigalarapalya,1418.0,2.0,2.0,105.0,2 BHK,7404.795486600846
Ready To Move,Ardendale,1650.0,3.0,3.0,82.0,3 BHK,4969.69696969697
Ready To Move,Electronic City,1150.0,2.0,1.0,38.0,2 BHK,3304.3478260869565
Ready To Move,Byadarahalli,3071.0,4.0,2.0,300.0,3 BHK,9768.804949527841
Ready To Move,Dasanapura,2400.0,5.0,2.0,100.0,4 BHK,4166.666666666667
Ready To Move,Singapura Village,850.0,2.0,0.0,34.0,2 BHK,4000.0
Ready To Move,Raja Rajeshwari Nagar,1580.0,3.0,1.0,83.74,3 BHK,5299.999999999999
Not Ready To Move,Whitefield,1216.0,2.0,1.0,84.03,2 BHK,6910.361842105263
Not Ready To Move,Kanakpura Road,381.0,1.0,1.0,28.0,1 BHK,7349.081364829396
Ready To Move,Hebbal,1040.0,2.0,1.0,55.0,2 BHK,5288.461538461538
Not Ready To Move,Choodasandra,2429.0,3.0,1.0,210.0,4 BHK,8645.533141210375
Ready To Move,Akshaya Vana,1260.0,2.0,1.0,49.0,3 BHK,3888.8888888888887
Ready To Move,Kanakpura Road,1498.0,3.0,2.0,74.9,3 BHK,5000.000000000001
Ready To Move,Vidyaranyapura,1200.0,2.0,2.0,65.0,3 BHK,5416.666666666667
Not Ready To Move,Electronic City,1355.0,2.0,1.0,72.9,2 BHK,5380.073800738008
Ready To Move,Canara Bank Layout,1450.0,3.0,1.0,65.0,3 BHK,4482.758620689655
Ready To Move,Yeshwanthpur,1860.0,3.0,2.0,168.0,3 BHK,9032.258064516129
Ready To Move,Whitefield,1240.0,2.0,2.0,70.0,2 BHK,5645.1612903225805
Ready To Move,Kanakpura Road,1300.0,2.0,2.0,55.0,3 BHK,4230.7692307692305
Ready To Move,Kundalahalli,2500.0,5.0,2.0,245.0,4 BHK,9800.0
Ready To Move,Ambedkar Nagar,1950.0,4.0,2.0,120.0,3 BHK,6153.846153846154
Ready To Move,Ambalipura,1625.0,2.0,2.0,145.0,3 BHK,8923.076923076924
Not Ready To Move,Electronic City,1200.0,2.0,2.0,30.0,2 BHK,2500.0
Ready To Move,OMBR Layout,1101.0,2.0,2.0,66.0,2 BHK,5994.550408719346
Not Ready To Move,Whitefield,1216.0,2.0,1.0,72.5,2 BHK,5962.171052631579
Ready To Move,Uttarahalli,1250.0,2.0,3.0,50.0,3 BHK,4000.0
Ready To Move,Samethanahalli,2100.0,3.0,0.0,70.0,3 BHK,3333.3333333333335
Ready To Move,Ananth Nagar,1470.0,3.0,2.0,54.0,3 BHK,3673.469387755102
Not Ready To Move,Bannerghatta Road,1365.0,3.0,1.0,76.18,3 BHK,5580.952380952382
Not Ready To Move,Hosa Road,1364.0,2.0,1.0,64.79,2 BHK,4750.000000000001
Not Ready To Move,Banashankari Stage VI,1180.0,2.0,1.0,59.47,2 BHK,5039.830508474576
Ready To Move,7th Phase JP Nagar,1800.0,3.0,2.0,130.0,3 BHK,7222.222222222223
Ready To Move,Kothannur,1350.0,2.0,2.0,42.0,2 BHK,3111.1111111111113
Ready To Move,Thanisandra,1573.0,3.0,2.0,98.0,3 BHK,6230.1335028607755
Ready To Move,Nallurhalli,1620.0,3.0,3.0,95.0,3 BHK,5864.197530864198
Ready To Move,Doddakallasandra,1072.0,2.0,1.0,42.87,2 BHK,3999.0671641791046
Ready To Move,Bagalakunte,560.0,1.0,1.0,21.0,1 BHK,3750.0
Ready To Move,Coconut Grove Layout,1156.0,2.0,2.0,46.0,2 BHK,3979.2387543252594
Not Ready To Move,Kudlu Gate,1336.0,2.0,1.0,86.0,2 BHK,6437.125748502994
Ready To Move,Electronic City,1200.0,2.0,1.0,20.0,2 BHK,1666.6666666666667
Ready To Move,Marathahalli,3400.0,4.0,3.0,235.0,4 BHK,6911.764705882353
Ready To Move,Raja Rajeshwari Nagar,1608.0,3.0,3.0,54.51,3 BHK,3389.9253731343283
Not Ready To Move,JP Nagar,4000.0,4.0,3.0,441.0,4 BHK,11025.0
Ready To Move,Whitefield,1215.0,2.0,2.0,40.0,2 BHK,3292.1810699588477
Ready To Move,Cox Town,1100.0,2.0,1.0,166.0,2 BHK,15090.90909090909
Ready To Move,Green Glen Layout,1517.0,3.0,3.0,100.0,3 BHK,6591.957811470006
Ready To Move,Mallasandra,1565.0,2.0,2.0,69.0,2 BHK,4408.945686900958
Ready To Move,Whitefield,2025.0,4.0,2.0,115.0,3 BHK,5679.0123456790125
Not Ready To Move,Jalahalli,1057.0,2.0,1.0,34.71,2 BHK,3283.822138126774
Ready To Move,Sadashiva Nagar,3850.0,3.0,3.0,650.0,3 BHK,16883.116883116883
Ready To Move,Sarjapur,1044.0,2.0,2.0,34.0,2 BHK,3256.704980842912
Ready To Move,Domlur,1695.0,3.0,2.0,125.0,3 BHK,7374.6312684365785
Not Ready To Move,Ramagondanahalli,1635.0,3.0,1.0,61.0,3 BHK,3730.886850152905
Ready To Move,Hiremath Layout,1140.0,2.0,2.0,56.0,2 BHK,4912.2807017543855
Ready To Move,Electronic City,1150.0,2.0,2.0,35.0,2 BHK,3043.478260869565
Ready To Move,Yelachenahalli,1110.0,2.0,2.0,110.0,2 BHK,9909.90990990991
Ready To Move,Yeshwanthpur,1163.0,2.0,2.0,64.08,2 BHK,5509.888220120379
Ready To Move,Thubarahalli,1418.0,2.0,2.0,65.0,3 BHK,4583.921015514809
Not Ready To Move,Varthur,1155.0,2.0,1.0,60.0,2 BHK,5194.805194805195
Ready To Move,Bannerghatta Road,1115.0,2.0,2.0,78.0,2 BHK,6995.5156950672645
Ready To Move,Sanjeevini Nagar,2250.0,3.0,2.0,180.0,3 BHK,8000.0
Ready To Move,NGR Layout,1020.0,2.0,2.0,48.45,2 BHK,4750.0
Ready To Move,Naidu Layout,1485.0,3.0,2.0,78.0,3 BHK,5252.525252525253
Ready To Move,Whitefield,1920.0,5.0,2.0,250.0,4 BHK,13020.833333333334
Ready To Move,Shingapura,1350.0,2.0,0.0,45.0,1 BHK,3333.3333333333335
Ready To Move,8th block Koramangala,1209.0,2.0,2.0,100.0,2 BHK,8271.298593879239
Ready To Move,8th Phase JP Nagar,1089.0,2.0,1.0,43.55,2 BHK,3999.0817263544536
Ready To Move,Yelahanka,1445.0,2.0,2.0,82.0,2 BHK,5674.740484429066
Ready To Move,Uttarahalli,1250.0,2.0,2.0,50.0,3 BHK,4000.0
Not Ready To Move,SHANTHINAGAR,1500.0,3.0,1.0,95.0,3 BHK,6333.333333333333
Ready To Move, Devarachikkanahalli,1705.0,3.0,2.0,75.0,3 BHK,4398.826979472141
Ready To Move,Indira Nagar,2200.0,3.0,2.0,160.0,3 BHK,7272.727272727273
Ready To Move,Cunningham Road,2925.0,5.0,3.0,936.0,5 BHK,32000.0
Ready To Move,Whitefield,7200.0,5.0,2.0,900.0,5 BHK,12500.0
Ready To Move,Bellandur,1830.0,3.0,2.0,90.0,3 BHK,4918.0327868852455
Not Ready To Move,Electronics City Phase 1,1450.0,3.0,2.0,58.0,3 BHK,4000.0
Ready To Move,Choodasandra,1220.0,3.0,2.0,56.0,3 BHK,4590.163934426229
Ready To Move,Hoodi,1259.0,2.0,2.0,69.45,2 BHK,5516.282764098491
Ready To Move,Subramanyapura,1260.0,2.0,1.0,73.0,3 BHK,5793.650793650793
Ready To Move,Kaggadasapura,2500.0,5.0,1.0,120.0,3 BHK,4800.0
Not Ready To Move,Kudlu Gate,1919.0,3.0,2.0,121.0,3 BHK,6305.367378843148
Ready To Move,Hennur Road,2050.0,3.0,2.0,120.0,3 BHK,5853.658536585366
Ready To Move,Basavangudi,1050.0,2.0,1.0,103.0,2 BHK,9809.52380952381
Ready To Move,Bhuvaneshwari Nagar,1000.0,2.0,2.0,60.0,2 BHK,6000.0
Ready To Move,Raja Rajeshwari Nagar,1640.0,3.0,1.0,86.8,3 BHK,5292.682926829269
Ready To Move,Kumarapalli,1488.0,2.0,2.0,65.0,3 BHK,4368.279569892473
Ready To Move,Chikkalasandra,1265.0,2.0,2.0,53.12,3 BHK,4199.209486166008
Ready To Move,Hennur,1640.0,3.0,2.0,120.0,3 BHK,7317.073170731707
Ready To Move,9th Phase JP Nagar,1719.3,2.0,2.0,88.0,3 BHK,5118.362124120282
Ready To Move,Someshwara Layout,1200.0,4.0,2.0,130.0,4 BHK,10833.333333333334
Ready To Move,Kaggadasapura,1180.0,2.0,2.0,70.0,2 BHK,5932.203389830508
Ready To Move,HBR Layout,1700.0,3.0,1.0,110.0,3 BHK,6470.588235294118
Ready To Move,Kudlu Gate,1464.0,3.0,3.0,56.0,2 BHK,3825.136612021858
Ready To Move,Cox Town,1495.0,2.0,1.0,300.0,4 BHK,20066.889632107024
Not Ready To Move,Yelahanka,1225.0,2.0,2.0,62.0,2 BHK,5061.224489795918
Ready To Move,7th Phase JP Nagar,1050.0,2.0,0.0,68.0,2 BHK,6476.190476190476
Ready To Move,Sarjapur  Road,1691.0,3.0,3.0,120.0,3 BHK,7096.392667060911
Ready To Move,Doopanahalli,2250.0,3.0,2.0,199.0,3 BHK,8844.444444444445
Ready To Move,Munivenkatppa Layout,3700.0,4.0,2.0,314.0,4 BHK,8486.486486486487
Ready To Move,Jay an agar 4 T Block,750.0,4.0,2.0,120.0,4 BHK,16000.0
Not Ready To Move,Satyasaibaba Layout,1190.0,2.0,3.0,42.25,2 BHK,3550.4201680672268
Ready To Move,Haralur Road,1243.0,2.0,2.0,46.0,2 BHK,3700.7240547063557
Ready To Move,Hormavu,765.0,2.0,1.0,37.49,2 BHK,4900.653594771242
Ready To Move,Chamrajpet,730.0,1.0,2.0,52.0,2 BHK,7123.287671232877
Ready To Move,Queens Road,1405.0,3.0,0.0,169.0,3 BHK,12028.469750889679
Not Ready To Move,Old Madras Road,1350.0,3.0,1.0,45.9,3 BHK,3400.0
Ready To Move,Yelahanka New Town,500.0,1.0,1.0,18.0,1 BHK,3600.0
Ready To Move,Amruthahalli,1200.0,2.0,2.0,55.0,2 BHK,4583.333333333333
Not Ready To Move,Electronic City,1165.0,2.0,1.0,33.64,2 BHK,2887.5536480686696
Ready To Move,7th Phase JP Nagar,1400.0,2.0,2.0,57.0,3 BHK,4071.4285714285716
Ready To Move,Vaishnavi Layout,4800.0,6.0,2.0,420.0,4 BHK,8750.0
Ready To Move,Hormavu,1668.0,2.0,2.0,120.0,3 BHK,7194.244604316546
Ready To Move,Kenchenahalli,700.0,1.0,1.0,35.0,1 BHK,5000.0
Ready To Move,5th Phase JP Nagar,1485.0,2.0,1.0,66.0,3 BHK,4444.444444444444
Not Ready To Move,Kanakpura Road,700.0,2.0,1.0,41.0,2 BHK,5857.142857142857
Not Ready To Move,Whitefield,1346.0,2.0,1.0,100.0,3 BHK,7429.420505200595
Ready To Move,Bisuvanahalli,1075.0,2.0,1.0,47.0,3 BHK,4372.093023255814
Ready To Move,Bellari Road,1050.0,2.0,1.0,43.5,2 BHK,4142.857142857143
Ready To Move,1st Block Koramangala,1800.0,3.0,2.0,53.0,3 BHK,2944.4444444444443
Ready To Move,Electronic City,1609.0,3.0,3.0,115.0,3 BHK,7147.296457426974
Ready To Move,Electronic City,770.0,1.0,1.0,35.0,2 BHK,4545.454545454545
Ready To Move,Kudlu,1076.0,2.0,1.0,50.0,2 BHK,4646.840148698885
Ready To Move,Kengeri,1052.0,2.0,2.0,51.0,2 BHK,4847.9087452471485
Not Ready To Move,Channasandra,1000.0,2.0,2.0,35.0,2 BHK,3500.0
Not Ready To Move,Bommasandra Industrial Area,1000.0,2.0,1.0,28.88,2 BHK,2888.0
Ready To Move,Thanisandra,1262.0,2.0,1.0,83.0,3 BHK,6576.862123613312
Ready To Move,Koppa,720.0,3.0,1.0,48.0,3 BHK,6666.666666666667
Ready To Move,Harsha Layout,500.0,1.0,1.0,16.0,1 BHK,3200.0
Ready To Move,Sadashiva Nagar,3500.0,4.0,2.0,700.0,4 BHK,20000.0
Ready To Move,Shanthala Nagar,1600.0,3.0,2.0,180.0,3 BHK,11250.0
Not Ready To Move,Ramagondanahalli,1251.0,2.0,1.0,53.0,2 BHK,4236.610711430855
Ready To Move,Nagarbhavi,1050.0,3.0,1.0,175.0,3 BHK,16666.666666666668
Ready To Move,Nyanappana Halli,1140.0,2.0,2.0,49.0,2 BHK,4298.245614035088
Not Ready To Move,Old Madras Road,1157.0,2.0,2.0,47.32,2 BHK,4089.887640449438
Not Ready To Move,RR Nagar,648.0,1.0,1.0,34.0,1 BHK,5246.913580246914
Ready To Move,Harlur,1197.0,2.0,1.0,78.0,2 BHK,6516.290726817043
Ready To Move,Raja Rajeshwari Nagar,1500.0,3.0,3.0,51.04,3 BHK,3402.6666666666665
Ready To Move,Raja Rajeshwari Nagar,1185.0,2.0,1.0,51.15,2 BHK,4316.455696202532
Ready To Move,Kumaraswami Layout,2400.0,2.0,1.0,125.0,3 BHK,5208.333333333333
Not Ready To Move,Kundalahalli,1397.0,3.0,3.0,105.0,3 BHK,7516.1059413027915
Ready To Move,Uttarahalli,1175.0,2.0,2.0,47.0,2 BHK,4000.0
Ready To Move,Basaveshwara Nagar,900.0,2.0,1.0,60.0,2 BHK,6666.666666666667
Ready To Move,Rachenahalli,2710.0,3.0,2.0,170.0,3 BHK,6273.062730627306
Ready To Move,Tala Cauvery Layout,1720.0,2.0,2.0,126.0,3 BHK,7325.581395348837
Ready To Move,Cambridge Layout,1756.0,3.0,2.0,307.0,3 BHK,17482.915717539865
Ready To Move,Yelahanka,602.0,1.0,1.0,38.0,1 BHK,6312.292358803987
Ready To Move,Sarjapur  Road,1770.0,3.0,2.0,180.0,3 BHK,10169.49152542373
Ready To Move,Raja Rajeshwari Nagar,1295.0,2.0,2.0,43.9,2 BHK,3389.96138996139
Ready To Move,Rachenahalli,1200.0,2.0,2.0,46.5,2 BHK,3875.0
Ready To Move,Hagadur,1100.0,2.0,2.0,45.0,2 BHK,4090.909090909091
Ready To Move,Haralur Road,1194.0,2.0,2.0,46.0,2 BHK,3852.5963149078725
Ready To Move,Marsur,720.0,2.0,1.0,32.0,3 BHK,4444.444444444444
Ready To Move,Kasavanhalli,1476.0,3.0,0.0,105.0,3 BHK,7113.821138211382
Ready To Move,Thanisandra,1056.0,2.0,2.0,65.0,2 BHK,6155.30303030303
Ready To Move,Singapura Village,825.0,2.0,1.0,35.0,2 BHK,4242.424242424242
Not Ready To Move,EPIP Zone,1860.0,3.0,2.0,130.0,3 BHK,6989.247311827957
Ready To Move,Gunjur,1063.0,2.0,2.0,40.0,2 BHK,3762.9350893697083
Ready To Move,Yelahanka,697.0,1.0,1.0,35.0,1 BHK,5021.520803443329
Ready To Move,Vijayanagar,2400.0,2.0,0.0,230.0,1 BHK,9583.333333333334
Not Ready To Move,Anekal,1200.0,1.0,1.0,36.0,2 BHK,3000.0
Ready To Move,CV Raman Nagar,1835.0,3.0,2.0,160.0,3 BHK,8719.346049046322
Ready To Move,BTM 2nd Stage,1147.0,2.0,1.0,75.0,2 BHK,6538.7968613775065
Ready To Move,Uttarahalli,1360.0,2.0,2.0,47.59,3 BHK,3499.264705882353
Ready To Move,Kothanur,3400.0,5.0,0.0,265.0,4 BHK,7794.117647058823
Ready To Move,Hosakerehalli Layout,1080.0,2.0,3.0,64.0,2 BHK,5925.925925925926
Ready To Move,Doddakallasandra,1010.0,2.0,1.0,40.4,2 BHK,4000.0
Ready To Move,Shanti Nagar,2600.0,4.0,2.0,523.0,4 BHK,20115.384615384617
Ready To Move,Brookefield,1270.0,2.0,1.0,95.0,2 BHK,7480.314960629921
Ready To Move,Basapura,1100.0,2.0,1.0,61.0,2 BHK,5545.454545454545
Ready To Move,Bellandur,1410.0,3.0,2.0,92.0,2 BHK,6524.822695035461
Ready To Move,Yelahanka,1065.0,2.0,1.0,41.38,2 BHK,3885.446009389672
Not Ready To Move,Anekal,1200.0,1.0,1.0,36.0,2 BHK,3000.0
Ready To Move,Hebbal,1315.0,3.0,3.0,65.0,3 BHK,4942.9657794676805
Ready To Move,Indira Nagar,1650.0,3.0,2.0,200.0,3 BHK,12121.212121212122
Ready To Move,Haralur Road,1140.0,2.0,2.0,43.0,2 BHK,3771.9298245614036
Ready To Move,Kaggadasapura,960.0,2.0,1.0,45.0,2 BHK,4687.5
Ready To Move,Hosapalya,800.0,1.0,1.0,29.0,2 BHK,3625.0
Ready To Move,Doctors Layout,1225.0,2.0,1.0,47.0,2 BHK,3836.734693877551
Ready To Move,Whitefield,1020.0,2.0,2.0,45.0,2 BHK,4411.764705882353
Ready To Move,Magadi Road,750.0,2.0,1.0,27.0,2 BHK,3600.0
Ready To Move,2nd Block Koramangala,3000.0,3.0,1.0,550.0,3 BHK,18333.333333333332
Ready To Move, Mysore Highway,535.0,1.0,1.0,35.0,1 BHK,6542.056074766355
Ready To Move,Varthur,1035.0,2.0,1.0,60.0,2 BHK,5797.101449275362
Not Ready To Move,Bommasandra Industrial Area,1020.0,2.0,1.0,29.45,2 BHK,2887.2549019607845
Ready To Move,GM Palaya,1315.0,3.0,0.0,64.0,3 BHK,4866.920152091255
Ready To Move,Basavangudi,1350.0,2.0,2.0,130.0,3 BHK,9629.62962962963
Ready To Move,Bisuvanahalli,1075.0,2.0,1.0,48.0,3 BHK,4465.116279069767
Ready To Move,Kengeri Satellite Town,1450.0,2.0,3.0,50.0,3 BHK,3448.2758620689656
Ready To Move,Gottigere,1806.0,1.0,1.0,150.0,1 BHK,8305.647840531561
Ready To Move,Marathahalli,1350.0,2.0,1.0,99.0,2 BHK,7333.333333333333
Not Ready To Move,Binny Pete,1282.0,3.0,2.0,178.0,3 BHK,13884.555382215289
Not Ready To Move,Sarjapur  Road,1929.0,3.0,1.0,103.0,3 BHK,5339.554173146708
Ready To Move,Varthur,1100.0,2.0,2.0,72.0,2 BHK,6545.454545454545
Ready To Move,Kundalahalli,1800.0,3.0,2.0,110.0,3 BHK,6111.111111111111
Ready To Move,Gubbalala,1223.0,2.0,1.0,42.81,2 BHK,3500.408830744072
Ready To Move,Bharathi Nagar,1664.0,3.0,2.0,69.89,3 BHK,4200.120192307692
Ready To Move,Uttarahalli,1360.0,2.0,2.0,47.59,3 BHK,3499.264705882353
Ready To Move,Kasavanhalli,1158.0,2.0,2.0,67.0,2 BHK,5785.837651122625
Ready To Move,Hormavu,1420.0,3.0,2.0,58.0,3 BHK,4084.507042253521
Not Ready To Move,Rajaji Nagar,1268.0,2.0,1.0,127.0,2 BHK,10015.77287066246
Not Ready To Move,Sarjapur  Road,1308.0,2.0,1.0,75.0,2 BHK,5733.94495412844
Ready To Move,Basavangudi,1485.0,3.0,1.0,140.0,3 BHK,9427.609427609428
Ready To Move,Volagerekallahalli,1067.0,2.0,3.0,33.99,2 BHK,3185.5670103092784
Ready To Move,Hulimavu,2000.0,4.0,0.0,100.0,4 BHK,5000.0
Ready To Move,Rajaji Nagar,2450.0,3.0,3.0,330.0,3 BHK,13469.387755102041
Ready To Move,Glass Factory Layout,1152.0,2.0,1.0,42.0,2 BHK,3645.8333333333335
Not Ready To Move,Uttarahalli,1525.0,2.0,2.0,62.82,3 BHK,4119.3442622950815
Not Ready To Move,Whitefield,935.0,2.0,1.0,32.72,2 BHK,3499.4652406417113
Ready To Move,Jagadish Nagar,1465.0,2.0,2.0,88.0,3 BHK,6006.825938566553
Ready To Move,HBR Layout,1198.0,2.0,1.0,65.0,2 BHK,5425.709515859767
Ready To Move,3rd Phase Iti Layout,1145.0,2.0,1.0,63.0,2 BHK,5502.183406113537
Not Ready To Move,Attibele,1000.0,2.0,1.0,42.0,2 BHK,4200.0
Ready To Move,Anekal,400.0,1.0,1.0,11.5,1 BHK,2875.0
Ready To Move, south,3420.0,3.0,2.0,410.0,4 BHK,11988.30409356725
Not Ready To Move,Marathahalli,1310.0,3.0,1.0,63.22,3 BHK,4825.954198473282
Ready To Move,Panathur,1861.0,3.0,3.0,92.0,3 BHK,4943.5787211176785
Ready To Move,Uttarahalli,1265.0,2.0,2.0,65.0,3 BHK,5138.339920948617
Ready To Move,Green Domain Layout,1280.0,2.0,2.0,75.0,2 BHK,5859.375
Ready To Move,Raja Rajeshwari Nagar,1279.0,2.0,1.0,53.76,3 BHK,4203.283815480844
Not Ready To Move,TC Palaya,1200.0,2.0,0.0,66.0,3 BHK,5500.0
Not Ready To Move,"Ananthapura, T C palaya Main Road",680.0,3.0,2.0,60.0,2 BHK,8823.529411764706
Ready To Move,Uttarahalli,1590.0,3.0,2.0,57.0,3 BHK,3584.9056603773583
Not Ready To Move,Hoodi,1837.0,3.0,3.0,142.0,3 BHK,7729.994556341861
Not Ready To Move,Hegde Nagar,1703.0,3.0,2.0,130.0,3 BHK,7633.587786259542
Ready To Move,Kudlu,1293.0,2.0,2.0,80.0,3 BHK,6187.161639597834
Not Ready To Move,Kanakpura Road,700.0,2.0,1.0,35.0,2 BHK,5000.0
Ready To Move,Doctors Layout,1450.0,3.0,2.0,75.0,3 BHK,5172.413793103448
Ready To Move,5th Phase JP Nagar,1030.0,2.0,2.0,57.0,2 BHK,5533.980582524272
Ready To Move,Kanakpura Road,1570.0,3.0,3.0,65.93,3 BHK,4199.363057324841
Ready To Move,7th Phase JP Nagar,1000.0,2.0,2.0,60.0,2 BHK,6000.0
Ready To Move,Bisuvanahalli,1075.0,2.0,1.0,37.0,3 BHK,3441.860465116279
Ready To Move,Varthur,1091.0,2.0,1.0,33.82,2 BHK,3099.908340971586
Ready To Move,EPIP Zone,2210.0,3.0,3.0,165.0,3 BHK,7466.06334841629
Ready To Move,Outer Ring Road East,1738.0,3.0,0.0,110.0,3 BHK,6329.113924050633
Ready To Move,Rajaji Nagar,1640.0,3.0,2.0,262.0,3 BHK,15975.609756097561
Ready To Move,Gottigere,1205.0,2.0,1.0,56.58,2 BHK,4695.435684647303
Not Ready To Move,Kengeri,1009.0,2.0,1.0,30.27,2 BHK,3000.0
Ready To Move,2nd Stage Nagarbhavi,1200.0,4.0,3.0,240.0,5 BHK,20000.0
Ready To Move,Thigalarapalya,3362.0,5.0,2.0,249.0,4 BHK,7406.305770374777
Ready To Move,Rajaji Nagar,1600.0,3.0,0.0,140.0,4 BHK,8750.0
Ready To Move,Sanjay nagar,960.0,2.0,1.0,55.0,2 BHK,5729.166666666667
Ready To Move,Uttarahalli,1330.0,2.0,2.0,46.55,3 BHK,3500.0
Ready To Move,Whitefield,1024.0,2.0,1.0,32.0,2 BHK,3125.0
Ready To Move,Raja Rajeshwari Nagar,1196.0,2.0,2.0,40.54,2 BHK,3389.632107023411
Ready To Move,Mico Layout,800.0,1.0,1.0,29.5,1 BHK,3687.5
Ready To Move,Sarjapur  Road,2650.0,3.0,2.0,260.0,3 BHK,9811.32075471698
Ready To Move,Jakkur,1080.0,2.0,2.0,60.0,2 BHK,5555.555555555556
Ready To Move,Hebbal,1150.0,2.0,1.0,55.0,2 BHK,4782.608695652174
Not Ready To Move,Dasanapura,1286.0,2.0,1.0,68.0,3 BHK,5287.713841368584
Ready To Move,Whitefield,2990.0,3.0,2.0,198.0,4 BHK,6622.0735785953175
Ready To Move,JP Nagar,1150.0,2.0,2.0,90.0,2 BHK,7826.086956521739
Ready To Move,Cooke Town,1310.0,2.0,2.0,111.0,2 BHK,8473.282442748092
Ready To Move,Prithvi Layout,1352.0,2.0,2.0,72.0,2 BHK,5325.443786982249
Ready To Move,Bommanahalli,1307.0,2.0,1.0,50.0,2 BHK,3825.554705432288
Not Ready To Move,Channasandra,1500.0,4.0,1.0,89.45,4 BHK,5963.333333333333
Ready To Move,Singena Agrahara,1500.0,3.0,1.0,90.0,3 BHK,6000.0
Ready To Move,Whitefield,1600.0,3.0,0.0,69.1,3 BHK,4318.749999999999
Not Ready To Move,Yelahanka,682.0,1.0,1.0,36.23,1 BHK,5312.316715542522
Ready To Move,Whitefield,2500.0,4.0,1.0,420.0,4 BHK,16800.0
Ready To Move,Vittasandra,1650.0,3.0,2.0,85.5,3 BHK,5181.818181818182
Not Ready To Move,Haralur Road,1850.0,3.0,2.0,120.0,3 BHK,6486.486486486487
Ready To Move,Gubbalala,2000.0,4.0,1.0,85.0,4 BHK,4250.0
Not Ready To Move,Phase 1 Kammasandra,982.0,2.0,1.0,25.0,2 BHK,2545.8248472505093
Ready To Move,Nandi Durga Road,2015.0,4.0,0.0,325.0,2 BHK,16129.032258064517
Ready To Move,Thanisandra,1702.0,3.0,2.0,115.0,3 BHK,6756.756756756757
Ready To Move,Amruthahalli,1250.0,2.0,2.0,79.0,2 BHK,6320.0
Ready To Move,Raja Rajeshwari Nagar,1240.0,2.0,2.0,40.54,2 BHK,3269.3548387096776
Ready To Move,Sneha Colony,1050.0,2.0,1.0,110.0,2 BHK,10476.190476190477
Not Ready To Move,Yelahanka,1023.0,2.0,1.0,52.59,2 BHK,5140.762463343109
Ready To Move,Dairy Circle,1541.0,2.0,1.0,181.0,2 BHK,11745.619727449708
Ready To Move,Siddapura,1275.0,2.0,1.0,105.0,2 BHK,8235.29411764706
Ready To Move,Sarjapur  Road,1580.0,3.0,3.0,125.0,3 BHK,7911.392405063291
Ready To Move,Thanisandra,1343.0,2.0,2.0,75.0,2 BHK,5584.512285927029
Not Ready To Move,Bommasandra,1365.0,3.0,1.0,52.81,3 BHK,3868.864468864469
Ready To Move,Kundalahalli,1047.0,2.0,1.0,72.0,2 BHK,6876.790830945559
Ready To Move,Shampura,1187.0,2.0,2.0,42.0,2 BHK,3538.3319292333613
Ready To Move,Banashankari Stage III,1050.0,3.0,0.0,147.0,4 BHK,14000.0
Not Ready To Move,Frazer Town,560.0,1.0,0.0,90.0,1 BHK,16071.42857142857
Ready To Move,Banashankari Stage III,1000.0,2.0,1.0,120.0,3 BHK,12000.0
Ready To Move,Nagadevanahalli,1200.0,5.0,2.0,260.0,5 BHK,21666.666666666668
Ready To Move,Choodasandra,1075.0,2.0,2.0,45.0,2 BHK,4186.046511627907
Not Ready To Move,Dairy Circle,2048.0,3.0,2.0,206.0,3 BHK,10058.59375
Ready To Move,Raja Rajeshwari Nagar,1090.0,2.0,1.0,57.0,2 BHK,5229.357798165138
Ready To Move,Doddakammanahalli,1119.0,2.0,1.0,48.5,3 BHK,4334.226988382485
Ready To Move,Poornapragna Housing Society Layout,1355.0,2.0,3.0,58.25,3 BHK,4298.89298892989
Ready To Move,Hennur Road,1445.0,2.0,2.0,86.69,3 BHK,5999.307958477509
Not Ready To Move,Malleshwaram,6500.0,4.0,3.0,1400.0,4 BHK,21538.46153846154
Ready To Move,Yeshwanthpur,1165.0,2.0,2.0,64.08,2 BHK,5500.429184549356
Ready To Move,Kothanur,1787.0,3.0,2.0,107.0,3 BHK,5987.688864017907
Ready To Move,Mico Layout,3600.0,4.0,2.0,330.0,4 BHK,9166.666666666666
Not Ready To Move,Electronic City,1020.0,2.0,1.0,29.45,2 BHK,2887.2549019607845
Not Ready To Move,Sarjapur  Road,1797.0,4.0,1.0,95.0,3 BHK,5286.588759042849
Ready To Move,Whitefield,1205.0,2.0,2.0,58.0,2 BHK,4813.278008298756
Not Ready To Move,Chennammana Kere,1095.0,2.0,2.0,55.85,2 BHK,5100.456621004566
Ready To Move,Yelahanka,1560.0,2.0,2.0,98.0,3 BHK,6282.051282051282
Ready To Move,5th Phase JP Nagar,1200.0,2.0,1.0,68.0,2 BHK,5666.666666666667
Ready To Move,Rajaji Nagar,1200.0,1.0,1.0,200.0,2 BHK,16666.666666666668
Ready To Move,Kanakpura Road,1450.0,3.0,2.0,65.0,3 BHK,4482.758620689655
Not Ready To Move,Whitefield,1496.0,2.0,1.0,718.0,3 BHK,47994.65240641711
Ready To Move,Thanisandra,1935.0,4.0,2.0,122.0,3 BHK,6304.909560723514
Ready To Move,Hosa Road,1016.0,2.0,1.0,45.0,2 BHK,4429.133858267716
Not Ready To Move,Jakkur,1816.0,3.0,1.0,119.0,3 BHK,6552.863436123348
Ready To Move,7th Phase JP Nagar,1680.0,3.0,2.0,125.0,3 BHK,7440.476190476191
Ready To Move,Kengeri,1220.0,2.0,2.0,63.0,2 BHK,5163.934426229508
Ready To Move,Hosur Road,3000.0,4.0,2.0,160.0,4 BHK,5333.333333333333
Ready To Move,7th Phase JP Nagar,980.0,2.0,1.0,86.0,2 BHK,8775.510204081633
Ready To Move,Nagarbhavi,1200.0,4.0,3.0,210.0,4 BHK,17500.0
Ready To Move,Hormavu,1250.0,2.0,2.0,60.0,2 BHK,4800.0
Ready To Move,Jakkur,1424.0,2.0,3.0,80.0,2 BHK,5617.9775280898875
Ready To Move,Hennur Road,1297.0,2.0,1.0,49.9,2 BHK,3847.3400154202004
Not Ready To Move,Karuna Nagar,1300.0,3.0,1.0,170.0,3 BHK,13076.923076923076
Ready To Move,Harlur,1290.0,2.0,1.0,89.9,2 BHK,6968.992248062015
Ready To Move,Koramangala,1720.0,2.0,1.0,130.0,3 BHK,7558.139534883721
Ready To Move,Deepanjali Nagar,2320.0,2.0,0.0,160.0,3 BHK,6896.551724137931
Ready To Move,Nallurhalli,1237.0,3.0,2.0,78.0,3 BHK,6305.578011317704
Ready To Move,Whitefield,1720.0,3.0,3.0,98.97,3 BHK,5754.069767441861
Ready To Move,Chikkalasandra,1224.0,2.0,2.0,45.0,2 BHK,3676.470588235294
Ready To Move,Yelahanka,1780.0,3.0,2.0,107.0,3 BHK,6011.23595505618
Ready To Move,Seegehalli,4700.0,5.0,3.0,800.0,4 BHK,17021.27659574468
Ready To Move,Electronics City Phase 1,1800.0,3.0,2.0,93.0,3 BHK,5166.666666666667
Ready To Move,Budigere,1139.0,2.0,2.0,56.5,2 BHK,4960.491659350308
Not Ready To Move,Pulkeshi Nagar,588.0,1.0,0.0,88.2,1 BHK,15000.0
Not Ready To Move,2nd Phase Judicial Layout,700.0,2.0,1.0,35.0,2 BHK,5000.0
Ready To Move,Kengeri,1150.0,1.0,0.0,52.0,1 BHK,4521.739130434783
Not Ready To Move,Channasandra,1330.0,2.0,2.0,51.83,3 BHK,3896.9924812030076
Not Ready To Move,Old Airport Road,2732.0,4.0,3.0,194.0,4 BHK,7101.024890190337
Ready To Move,Kodigehaali,965.0,2.0,1.0,38.0,2 BHK,3937.8238341968913
Ready To Move,Whitefield,1600.0,3.0,2.0,95.0,3 BHK,5937.5
Ready To Move,KUDLU MAIN ROAD,1464.0,2.0,2.0,56.0,2 BHK,3825.136612021858
Ready To Move,Frazer Town,3100.0,3.0,2.0,400.0,3 BHK,12903.225806451614
Ready To Move,Bisuvanahalli,1075.0,2.0,1.0,45.0,3 BHK,4186.046511627907
Ready To Move,Kengeri Hobli,1840.0,1.0,0.0,95.0,2 BHK,5163.04347826087
Ready To Move,Gubbalala,1223.0,3.0,2.0,39.14,3 BHK,3200.3270645952575
Not Ready To Move,Ramamurthy Nagar,1170.0,2.0,2.0,44.0,2 BHK,3760.6837606837607
Not Ready To Move,Old Madras Road,3630.0,6.0,1.0,207.0,4 BHK,5702.479338842975
Ready To Move,Bellandur,950.0,2.0,2.0,35.0,2 BHK,3684.2105263157896
Ready To Move,Frazer Town,5400.0,3.0,2.0,400.0,3 BHK,7407.407407407408
Ready To Move,Electronic City,865.0,2.0,1.0,40.0,2 BHK,4624.277456647399
Ready To Move,Kirloskar Layout,2400.0,4.0,2.0,89.0,4 BHK,3708.3333333333335
Ready To Move,Lakshminarayana Pura,1169.0,2.0,2.0,75.0,2 BHK,6415.739948674081
Ready To Move,Hormavu,1206.0,2.0,1.0,40.0,2 BHK,3316.749585406302
Ready To Move,SARJAPUR BAGALUR ROAD,10961.0,4.0,1.0,80.0,4 BHK,729.8604141957851
Ready To Move,Lingadheeranahalli,1683.0,3.0,1.0,110.0,3 BHK,6535.9477124183
Not Ready To Move,Mico Layout,1250.0,2.0,2.0,44.0,3 BHK,3520.0
Ready To Move,Green Glen Layout,3150.0,4.0,3.0,218.0,4 BHK,6920.6349206349205
Ready To Move,B Y Raveshwara Nagar,1200.0,2.0,1.0,140.0,4 BHK,11666.666666666666
Not Ready To Move,Bhoganhalli,1234.6,3.0,1.0,104.0,3 BHK,8423.780981694477
Not Ready To Move,Vijayanagar,492.0,1.0,1.0,40.0,1 BHK,8130.081300813008
Ready To Move,Banashankari,600.0,1.0,0.0,27.0,2 BHK,4500.0
Ready To Move,Kalena Agrahara,1902.0,3.0,2.0,89.0,3 BHK,4679.2849631966355
Not Ready To Move,Govindpura,1639.0,3.0,1.0,77.89,3 BHK,4752.2879804758995
Ready To Move,Kasavanhalli,1214.0,2.0,3.0,67.0,2 BHK,5518.945634266886
Ready To Move,Kadabagere,565.0,2.0,1.0,15.0,2 BHK,2654.8672566371683
Ready To Move,Basaveshwara Nagar,2520.0,4.0,1.0,378.0,5 BHK,15000.0
Not Ready To Move,Harlur,1386.0,2.0,2.0,85.0,2 BHK,6132.7561327561325
Ready To Move,Bannerghatta Road,1535.0,3.0,3.0,60.0,3 BHK,3908.7947882736157
Ready To Move,Marathahalli,1720.0,3.0,2.0,175.0,3 BHK,10174.418604651162
Ready To Move,7th Phase JP Nagar,1370.0,2.0,2.0,54.79,3 BHK,3999.2700729927005
Not Ready To Move,Bannerghatta Road,1655.0,3.0,3.0,90.0,3 BHK,5438.0664652567975
Ready To Move,Vidyaranyapura,1200.0,2.0,2.0,52.0,2 BHK,4333.333333333333
Ready To Move,Horamavu Banaswadi,1610.0,3.0,3.0,68.0,3 BHK,4223.60248447205
Ready To Move,Ramamurthy Nagar,2200.0,4.0,2.0,130.0,4 BHK,5909.090909090909
Ready To Move,TC Palaya,1200.0,2.0,0.0,66.0,3 BHK,5500.0
Ready To Move,Mahalakshmi Layout,1105.0,2.0,1.0,80.0,2 BHK,7239.819004524887
Ready To Move,Banjara Layout,753.0,3.0,3.0,59.5,2 BHK,7901.726427622842
Ready To Move,Whitefield,1655.0,3.0,1.0,108.0,3 BHK,6525.679758308157
Ready To Move,KR Garden,1700.0,3.0,1.0,250.0,3 BHK,14705.882352941177
Ready To Move,Vishwapriya Layout,770.0,2.0,2.0,30.0,2 BHK,3896.103896103896
Not Ready To Move,Balagere,1210.0,2.0,1.0,69.0,2 BHK,5702.479338842975
Ready To Move,Hormavu,965.0,2.0,2.0,37.15,2 BHK,3849.740932642487
Not Ready To Move,Kanakpura Road,700.0,1.0,1.0,41.0,2 BHK,5857.142857142857
Ready To Move,Whitefield,1740.0,3.0,2.0,95.0,3 BHK,5459.770114942528
Not Ready To Move,Electronic City Phase II,1310.0,2.0,1.0,37.84,3 BHK,2888.549618320611
Not Ready To Move,Sarjapur  Road,1763.25,3.0,3.0,98.0,3 BHK,5557.918616191691
Ready To Move,Basaveshwara Nagar,1900.0,3.0,3.0,150.0,3 BHK,7894.736842105263
Ready To Move,JP Nagar,1450.0,2.0,2.0,55.0,3 BHK,3793.103448275862
Ready To Move,CV Raman Nagar,1836.0,3.0,2.0,148.0,3 BHK,8061.002178649237
Ready To Move,Hoodi Layout,1160.0,2.0,2.0,75.0,2 BHK,6465.517241379311
Ready To Move,Hennur Road,1153.0,2.0,1.0,43.0,2 BHK,3729.4015611448394
Ready To Move,Marathahalli,1285.0,2.0,2.0,55.0,2 BHK,4280.155642023346
Ready To Move,Rest House Road,2500.0,3.0,2.0,400.0,3 BHK,16000.0
Ready To Move,Haralur Road,1194.0,2.0,2.0,47.0,2 BHK,3936.348408710218
Ready To Move,Kadubeesanahalli,1257.0,2.0,1.0,105.0,2 BHK,8353.221957040572
Ready To Move,Whitefield,1200.0,3.0,1.0,56.72,3 BHK,4726.666666666667
Ready To Move,Tumkur Road,1240.0,2.0,1.0,79.0,3 BHK,6370.967741935484
Ready To Move,Basapura,1294.0,2.0,2.0,52.0,3 BHK,4018.5471406491497
Ready To Move,Nagondanahalli,1095.0,2.0,1.0,45.0,2 BHK,4109.58904109589
Ready To Move,HSR Layout,1145.0,2.0,2.0,46.0,2 BHK,4017.467248908297
Ready To Move,Sarjapur  Road,1826.0,3.0,2.0,130.0,3 BHK,7119.386637458927
Not Ready To Move,Electronics City Phase 1,1314.0,2.0,2.0,60.0,2 BHK,4566.2100456621
Ready To Move,Koramangala,1900.0,2.0,1.0,120.0,3 BHK,6315.789473684211
Not Ready To Move,KEB Colony,1040.0,2.0,2.0,36.84,2 BHK,3542.307692307693
Ready To Move,Jakkur,1290.0,2.0,1.0,85.0,2 BHK,6589.147286821705
Ready To Move,Kodigehaali,1200.0,4.0,0.0,130.0,4 BHK,10833.333333333334
Ready To Move,Gollahalli,1325.0,2.0,1.0,47.0,3 BHK,3547.169811320755
Not Ready To Move,Hebbal,2600.0,3.0,2.0,195.0,3 BHK,7500.0
Ready To Move,Hormavu,1129.0,2.0,1.0,44.0,2 BHK,3897.2542072630645
Ready To Move,Hebbal,1075.0,2.0,0.0,52.0,2 BHK,4837.209302325581
Ready To Move,Green View Layout,1108.0,2.0,1.0,48.0,2 BHK,4332.129963898917
Ready To Move,Ananth Nagar,810.0,2.0,1.0,25.5,2 BHK,3148.1481481481483
Ready To Move,Gopalkrishna Nagar,1155.0,2.0,1.0,65.0,2 BHK,5627.705627705628
Ready To Move,Rajaji Nagar,2367.0,3.0,3.0,375.0,3 BHK,15842.839036755386
Ready To Move,Sarjapur  Road,1550.0,2.0,2.0,98.0,3 BHK,6322.580645161291
Ready To Move,Babusapalaya,1100.0,2.0,2.0,38.0,2 BHK,3454.5454545454545
Ready To Move,Kanakpura Road,1452.0,3.0,3.0,54.2,3 BHK,3732.7823691460053
Ready To Move,Kothanur,1141.0,2.0,2.0,54.0,2 BHK,4732.690622261174
Ready To Move,HOSUR RMAIN ROAD,1464.0,3.0,2.0,56.0,3 BHK,3825.136612021858
Ready To Move,Hanumanth Nagar,1500.0,3.0,3.0,67.49,3 BHK,4499.333333333333
Ready To Move,Anekal,456.0,1.0,1.0,15.0,1 BHK,3289.4736842105262
Ready To Move,Ramamurthy Nagar,1200.0,4.0,1.0,125.0,4 BHK,10416.666666666666
Ready To Move,Thigalarapalya,3122.0,6.0,2.0,245.0,4 BHK,7847.533632286995
Ready To Move,Horamavu Agara,760.0,2.0,2.0,37.49,2 BHK,4932.894736842105
Ready To Move,Electronic City,800.0,2.0,2.0,32.0,2 BHK,4000.0
Ready To Move,Choodasandra,1180.0,2.0,1.0,71.22,2 BHK,6035.593220338983
Ready To Move,Kaggadasapura,775.0,2.0,2.0,29.5,2 BHK,3806.451612903226
Ready To Move,Sarjapur  Road,1145.0,2.0,2.0,49.5,2 BHK,4323.144104803493
Ready To Move,Konappana Agrahara,1060.0,2.0,1.0,42.5,2 BHK,4009.433962264151
Ready To Move,Cooke Town,3900.0,5.0,2.0,415.0,4 BHK,10641.02564102564
Not Ready To Move,Yelahanka New Town,1420.0,2.0,1.0,75.0,3 BHK,5281.69014084507
Ready To Move,Bhoganhalli,2439.0,4.0,3.0,190.0,4 BHK,7790.077900779008
Ready To Move,1st Phase JP Nagar,1200.0,4.0,2.0,300.0,4 BHK,25000.0
Not Ready To Move,Hoodi,1111.0,2.0,1.0,49.43,2 BHK,4449.1449144914495
Ready To Move,Jeevan bima nagar,984.0,2.0,2.0,125.0,2 BHK,12703.252032520326
Ready To Move,Begur Road,1200.0,2.0,2.0,42.0,2 BHK,3500.0
Not Ready To Move,Bannerghatta Road,1247.0,2.0,1.0,47.39,2 BHK,3800.3207698476344
Ready To Move,7th Phase JP Nagar,1050.0,2.0,1.0,77.47,2 BHK,7378.0952380952385
Ready To Move,Devanahalli,1550.0,3.0,1.0,85.0,3 BHK,5483.870967741936
Ready To Move,7th Phase JP Nagar,1270.0,2.0,1.0,80.0,2 BHK,6299.212598425197
Not Ready To Move,Balagere,1012.0,2.0,1.0,65.0,2 BHK,6422.924901185771
Ready To Move,Electronic City,970.0,2.0,2.0,34.0,2 BHK,3505.1546391752577
Not Ready To Move,Thanisandra,933.0,2.0,1.0,55.0,2 BHK,5894.962486602358
Not Ready To Move,Sarjapur,1200.0,3.0,2.0,76.13,3 BHK,6344.166666666667
Ready To Move,Dodda Nekkundi Extension,1148.0,2.0,2.0,69.0,2 BHK,6010.452961672474
Ready To Move,7th Phase JP Nagar,1463.0,2.0,1.0,61.45,3 BHK,4200.273410799727
Ready To Move,Jakkur Plantation,1719.0,3.0,2.0,110.0,3 BHK,6399.069226294358
Not Ready To Move,Whitefield,1350.0,2.0,1.0,88.0,2 BHK,6518.518518518518
Ready To Move,Kaggadasapura,1250.0,2.0,2.0,47.0,3 BHK,3760.0
Ready To Move,Lakshminarayana Pura,1200.0,2.0,1.0,75.0,2 BHK,6250.0
Ready To Move,Whitefield,1030.0,2.0,2.0,44.0,2 BHK,4271.844660194175
Ready To Move,Rajasree Layout,1420.0,3.0,3.0,70.0,3 BHK,4929.577464788732
Ready To Move,Ramagondanahalli,9600.0,6.0,1.0,1800.0,5 BHK,18750.0
Not Ready To Move,Kanakpura Road,1703.0,3.0,2.0,126.0,3 BHK,7398.7081620669405
Ready To Move,Old Madras Road,1210.0,2.0,1.0,80.0,2 BHK,6611.570247933884
Ready To Move,Horamavu Banaswadi,1210.0,2.0,1.0,50.0,2 BHK,4132.231404958678
Not Ready To Move,Veer Sandra,3000.0,4.0,3.0,264.0,4 BHK,8800.0
Ready To Move,Chikkadunnasandra,1398.0,3.0,0.0,51.0,3 BHK,3648.068669527897
Ready To Move,Nagavarapalya,1335.0,2.0,3.0,110.0,2 BHK,8239.700374531834
Ready To Move,Hennur,1255.0,2.0,1.0,52.32,2 BHK,4168.924302788844
Ready To Move,Mysore Road,540.0,4.0,2.0,85.0,4 BHK,15740.74074074074
Not Ready To Move,Babusapalaya,1213.0,2.0,1.0,36.37,3 BHK,2998.3511953833467
Ready To Move,Raja Rajeshwari Nagar,1240.0,2.0,2.0,42.04,2 BHK,3390.3225806451615
Ready To Move,Yelahanka,1076.0,2.0,1.0,78.0,2 BHK,7249.07063197026
Ready To Move,3rd Block Hrbr Layout,1320.0,2.0,3.0,90.0,2 BHK,6818.181818181818
Not Ready To Move,Whitefield,1216.0,2.0,1.0,80.0,2 BHK,6578.9473684210525
Ready To Move,Thanisandra,1100.0,2.0,2.0,42.0,2 BHK,3818.181818181818
Not Ready To Move,Thanisandra,1183.0,2.0,1.0,77.3,2 BHK,6534.234995773458
Not Ready To Move,Balagere,656.0,1.0,1.0,38.77,1 BHK,5910.0609756097565
Not Ready To Move,Sarjapur  Road,534.0,1.0,1.0,19.65,1 BHK,3679.775280898876
Ready To Move,Shikaripalya,1285.0,2.0,2.0,45.0,3 BHK,3501.9455252918287
Ready To Move,Hegde Nagar,2087.01,4.0,2.0,135.0,3 BHK,6468.584242528785
Not Ready To Move,"Off Sarjapur Road, ",1161.0,2.0,1.0,59.0,2 BHK,5081.82601205857
Ready To Move,Begur,1306.0,2.0,3.0,65.0,2 BHK,4977.029096477795
Not Ready To Move,Jakkur,2249.81,4.0,2.0,245.0,4 BHK,10889.808472715475
Ready To Move,Tata Nagar,1504.0,3.0,2.0,67.0,3 BHK,4454.787234042553
Not Ready To Move,Balagere,645.0,1.0,1.0,39.0,1 BHK,6046.511627906977
Ready To Move,Esther Enclave Layout,1230.0,2.0,0.0,68.0,2 BHK,5528.455284552845
Ready To Move,Hebbal,1100.0,2.0,2.0,42.0,2 BHK,3818.181818181818
Ready To Move,Yelahanka,1000.0,1.0,0.0,14.0,1 BHK,1400.0
Not Ready To Move,Sadaramangala,1260.0,2.0,1.0,62.0,2 BHK,4920.6349206349205
Ready To Move,Ambalipura,1817.0,3.0,3.0,102.0,3 BHK,5613.648871766648
Not Ready To Move,Kodihalli,3626.0,5.0,3.0,785.0,4 BHK,21649.20022062879
Not Ready To Move,Basavangudi,1180.0,2.0,3.0,124.0,2 BHK,10508.474576271186
Ready To Move,KR Puram,1050.0,2.0,2.0,55.0,2 BHK,5238.0952380952385
Ready To Move,Whitefield,2900.0,4.0,3.0,225.0,4 BHK,7758.620689655172
Ready To Move,Kasavanhalli,2110.0,4.0,3.0,120.0,3 BHK,5687.203791469195
Ready To Move,Mysore Road,500.0,1.0,1.0,17.5,1 BHK,3500.0
Ready To Move,Murugeshpalya,1930.0,3.0,3.0,75.0,3 BHK,3886.0103626943005
Ready To Move,Harappanahalli,4560.0,5.0,2.0,430.0,4 BHK,9429.82456140351
Ready To Move,Mahadevpura,1505.0,3.0,2.0,64.0,3 BHK,4252.491694352159
Ready To Move,Jayamahal,2400.0,3.0,1.0,750.0,4 BHK,31250.0
Ready To Move,Ananth Nagar,890.0,2.0,1.0,27.0,2 BHK,3033.7078651685392
Not Ready To Move,Anekal,1200.0,1.0,1.0,36.0,2 BHK,3000.0
Not Ready To Move,Gunjur Palya,849.0,2.0,2.0,25.4,2 BHK,2991.7550058892816
Ready To Move,Chikka Tirupathi,1555.0,3.0,1.0,100.0,3 BHK,6430.868167202572
Ready To Move,8th block Koramangala,600.0,2.0,1.0,85.0,3 BHK,14166.666666666666
Ready To Move,KR Puram,1057.0,2.0,2.0,30.0,2 BHK,2838.2213812677387
Ready To Move,7th Phase JP Nagar,1680.0,3.0,2.0,122.0,3 BHK,7261.9047619047615
Ready To Move,Samethanahalli,799.0,2.0,1.0,35.0,2 BHK,4380.475594493117
Ready To Move,Sarjapur  Road,1450.0,2.0,1.0,75.0,3 BHK,5172.413793103448
Not Ready To Move,Sarjapur  Road,1819.0,3.0,2.0,100.0,3 BHK,5497.526113249038
Ready To Move,Kanakpura Road,1135.0,2.0,1.0,56.74,2 BHK,4999.1189427312775
Ready To Move,HSR Layout,2020.0,3.0,2.0,160.0,3 BHK,7920.792079207921
Ready To Move,Vinayaka Layout,2700.0,4.0,2.0,170.0,5 BHK,6296.2962962962965
Not Ready To Move,Hosa Road,1730.0,3.0,2.0,72.6,3 BHK,4196.531791907514
Ready To Move,Dasarahalli,1950.0,3.0,2.0,125.0,3 BHK,6410.25641025641
Ready To Move,Thirumalashettyhally,1077.0,2.0,1.0,34.46,2 BHK,3199.6285979572885
Ready To Move,Brookefield,1706.0,3.0,2.0,115.0,3 BHK,6740.914419695194
Ready To Move,New Gurappana Palya,3000.0,4.0,0.0,300.0,5 BHK,10000.0
Ready To Move,Channasandra,1093.0,2.0,1.0,37.0,2 BHK,3385.1784080512352
Ready To Move,Ambalipura,2750.0,4.0,2.0,142.0,4 BHK,5163.636363636364
Not Ready To Move,Whitefield,1340.0,2.0,1.0,101.0,2 BHK,7537.313432835821
Not Ready To Move,Sarjapur  Road,984.0,2.0,1.0,59.0,2 BHK,5995.934959349594
Ready To Move,AECS Layout,1135.0,2.0,2.0,68.0,2 BHK,5991.1894273127755
Not Ready To Move,Bannerghatta Road,2400.0,4.0,1.0,344.0,4 BHK,14333.333333333334
Ready To Move,Varthur,1155.0,2.0,2.0,39.0,2 BHK,3376.6233766233768
Ready To Move,Kaggalipura,700.0,1.0,0.0,35.0,1 BHK,5000.0
Ready To Move,Horamavu Agara,1150.0,2.0,1.0,42.0,2 BHK,3652.1739130434785
Ready To Move,Hormavu,1385.0,2.0,1.0,69.25,3 BHK,5000.0
Ready To Move,Akshaya Nagar,2061.0,4.0,2.0,175.0,3 BHK,8491.02377486657
Ready To Move,Kathriguppe,1335.0,2.0,3.0,73.43,3 BHK,5500.374531835207
Ready To Move,Bellandur,1015.0,2.0,1.0,60.0,2 BHK,5911.330049261083
Ready To Move,Electronic City,1108.0,2.0,1.0,63.0,2 BHK,5685.9205776173285
Ready To Move,Frazer Town,1180.0,2.0,1.0,105.0,2 BHK,8898.305084745763
Not Ready To Move,Hennur Road,1445.0,2.0,1.0,83.0,3 BHK,5743.9446366782
Ready To Move,Vasanthapura,1500.0,2.0,2.0,65.0,2 BHK,4333.333333333333
Not Ready To Move,KR Puram,1085.0,2.0,1.0,46.5,2 BHK,4285.714285714285
Ready To Move,Rachenahalli,1050.0,2.0,2.0,52.08,2 BHK,4960.0
Ready To Move,Kadugodi,2760.0,4.0,2.0,290.0,4 BHK,10507.246376811594
Ready To Move,Sarjapura - Attibele Road,1330.0,2.0,1.0,49.0,3 BHK,3684.2105263157896
Not Ready To Move,Ramagondanahalli,845.0,2.0,1.0,45.82,2 BHK,5422.485207100592
Not Ready To Move,Kadugodi,1762.0,3.0,3.0,112.0,3 BHK,6356.413166855846
Ready To Move,Ambalipura,1303.0,2.0,2.0,80.0,2 BHK,6139.677666922486
Ready To Move,Banagiri Nagar,1560.0,2.0,2.0,125.0,3 BHK,8012.820512820513
Not Ready To Move,Chandapura,1110.0,2.0,2.0,29.97,3 BHK,2700.0
Not Ready To Move,Doddabanahalli,1290.0,3.0,2.0,45.33,3 BHK,3513.953488372093
Not Ready To Move,9th Phase JP Nagar,1780.0,3.0,2.0,88.0,3 BHK,4943.820224719101
Ready To Move,Budigere,1636.0,3.0,2.0,83.0,3 BHK,5073.349633251833
Not Ready To Move,Hennur,2557.0,4.0,2.0,170.0,4 BHK,6648.4161126319905
Ready To Move,Sector 2 HSR Layout,1332.0,2.0,2.0,101.0,2 BHK,7582.582582582582
Ready To Move,Sadashiva Nagar,7500.0,5.0,2.0,1500.0,5 BHK,20000.0
Ready To Move,Kodbisanhalli,1012.0,2.0,2.0,59.0,2 BHK,5830.0395256917
Ready To Move,Kengeri,1192.0,2.0,2.0,53.5,2 BHK,4488.255033557047
Ready To Move,Abbigere,795.0,2.0,1.0,32.54,2 BHK,4093.0817610062895
Ready To Move,Uttarahalli,1213.0,2.0,2.0,48.0,2 BHK,3957.131079967024
Ready To Move,Sarjapur  Road,1489.0,3.0,2.0,88.0,3 BHK,5910.006715916723
Ready To Move,Sarjapur,1200.0,2.0,2.0,62.0,2 BHK,5166.666666666667
Not Ready To Move,Electronic City Phase II,1140.0,2.0,2.0,28.5,2 BHK,2500.0
Not Ready To Move,Devanahalli,1200.0,2.0,1.0,55.08,3 BHK,4590.0
Not Ready To Move,Ananth Nagar,1200.0,2.0,1.0,36.0,2 BHK,3000.0
Ready To Move,Vidyaranyapura,2640.0,6.0,1.0,225.0,5 BHK,8522.727272727272
Ready To Move,Bannerghatta Road,1650.0,3.0,1.0,94.0,3 BHK,5696.969696969697
Ready To Move,Bharathnagar,1245.0,2.0,1.0,120.0,2 BHK,9638.55421686747
Ready To Move,Ardendale,1224.0,2.0,2.0,67.0,2 BHK,5473.856209150327
Not Ready To Move,Gunjur,1235.0,2.0,2.0,52.76,2 BHK,4272.064777327935
Ready To Move,Yelenahalli,1200.0,2.0,2.0,45.6,2 BHK,3800.0
Ready To Move,Yelahanka,1342.0,2.0,2.0,75.0,3 BHK,5588.673621460507
Ready To Move,9th Phase JP Nagar,600.0,3.0,2.0,79.0,3 BHK,13166.666666666666
Ready To Move,TC Palaya,1800.0,2.0,2.0,80.0,2 BHK,4444.444444444444
Ready To Move,HAL 2nd Stage,2280.0,4.0,2.0,615.0,4 BHK,26973.684210526317
Ready To Move,Rajaji Nagar,2440.0,2.0,0.0,415.0,4 BHK,17008.196721311477
Ready To Move,Abbigere,1130.0,2.0,1.0,46.33,2 BHK,4100.0
Ready To Move,Somasundara Palya,1186.0,2.0,3.0,72.0,2 BHK,6070.826306913997
Ready To Move,Hennur,1295.0,2.0,1.0,64.0,2 BHK,4942.084942084942
Ready To Move,Kudlu Gate,1535.0,3.0,2.0,85.0,3 BHK,5537.459283387622
Ready To Move,Bannerghatta Road,905.0,2.0,1.0,65.0,2 BHK,7182.32044198895
Not Ready To Move,Bhoganhalli,1447.0,2.0,1.0,75.97,2 BHK,5250.172771250864
Ready To Move,Hormavu,1165.0,2.0,1.0,40.0,2 BHK,3433.4763948497853
Not Ready To Move,Kanakpura Road,1328.0,2.0,2.0,107.0,2 BHK,8057.22891566265
Ready To Move,Gandhi Bazar,1485.0,2.0,3.0,110.0,3 BHK,7407.407407407408
Ready To Move,Uttarahalli,1475.0,2.0,3.0,59.0,3 BHK,4000.0
Ready To Move,Vidyaranyapura,1175.0,2.0,2.0,35.0,2 BHK,2978.723404255319
Ready To Move,Thigalarapalya,1245.0,2.0,2.0,100.0,2 BHK,8032.128514056225
Ready To Move,Vishwanatha Nagenahalli,720.0,4.0,1.0,95.0,4 BHK,13194.444444444445
Not Ready To Move,Rachenahalli,985.0,2.0,1.0,49.97,2 BHK,5073.096446700508
Ready To Move,Koramangala,4000.0,5.0,0.0,800.0,5 BHK,20000.0
Ready To Move,Hoskote,1395.0,2.0,2.0,63.0,3 BHK,4516.129032258064
Not Ready To Move,Electronic City,630.0,1.0,1.0,40.5,1 BHK,6428.571428571428
Ready To Move,MS Pallya,2400.0,4.0,1.0,88.0,4 BHK,3666.6666666666665
Ready To Move,Gottigere,1170.0,2.0,2.0,40.0,2 BHK,3418.803418803419
Ready To Move,Marathahalli,2500.0,5.0,2.0,181.0,4 BHK,7240.0
Ready To Move,Gubbalala,1100.0,2.0,2.0,49.5,2 BHK,4500.0
Not Ready To Move,Hulimavu,3560.0,5.0,3.0,318.0,4 BHK,8932.58426966292
Ready To Move,Margondanahalli,900.0,2.0,0.0,55.0,2 BHK,6111.111111111111
Not Ready To Move,Bommasandra Industrial Area,1160.0,2.0,1.0,33.51,2 BHK,2888.793103448276
Not Ready To Move,Varthur,1180.0,2.0,2.0,55.0,2 BHK,4661.016949152542
Not Ready To Move,Tumkur Road,1441.0,2.0,1.0,95.0,3 BHK,6592.64399722415
Ready To Move,Channasandra Layout,1115.0,2.0,1.0,50.0,2 BHK,4484.304932735426
Ready To Move,Yeshwanthpur,1825.0,3.0,2.0,145.0,3 BHK,7945.2054794520545
Ready To Move,Challaghatta,1489.0,2.0,0.0,101.0,2 BHK,6783.075889858966
Ready To Move,Defence Colony,2800.0,4.0,3.0,365.0,4 BHK,13035.714285714286
Ready To Move,Subramanyapura,1278.0,3.0,2.0,62.71,3 BHK,4906.885758998435
Ready To Move,Subramanyapura,1223.0,2.0,2.0,42.81,3 BHK,3500.408830744072
Ready To Move,Hormavu,1065.0,2.0,1.0,50.92,2 BHK,4781.220657276996
Ready To Move,Whitefield,1190.0,2.0,1.0,64.0,2 BHK,5378.151260504202
Not Ready To Move,Koramangala,1130.0,2.0,2.0,63.0,2 BHK,5575.221238938053
Not Ready To Move,Banashankari,1430.0,2.0,2.0,87.8,2 BHK,6139.8601398601395
Ready To Move,HRBR Layout,1900.0,3.0,1.0,90.0,4 BHK,4736.8421052631575
Ready To Move,Sarjapur  Road,1104.0,2.0,1.0,34.22,2 BHK,3099.6376811594205
Ready To Move,Begur Road,1240.0,2.0,2.0,45.88,2 BHK,3700.0
Ready To Move,Choodasandra,1140.0,2.0,2.0,62.0,2 BHK,5438.596491228071
Ready To Move,Haralur Road,1194.0,2.0,2.0,47.0,2 BHK,3936.348408710218
Ready To Move,KUDLU MAIN ROAD,1464.0,3.0,2.0,56.0,3 BHK,3825.136612021858
Ready To Move,Sarjapur,3508.0,6.0,2.0,425.0,4 BHK,12115.165336374002
Ready To Move,KR Puram,1700.0,3.0,3.0,105.0,3 BHK,6176.470588235294
Not Ready To Move,Old Airport Road,2658.0,5.0,3.0,189.0,4 BHK,7110.609480812641
Ready To Move,Canara Bank Colony,1600.0,2.0,1.0,90.0,3 BHK,5625.0
Ready To Move,OMBR Layout,3400.0,4.0,2.0,275.0,4 BHK,8088.235294117647
Not Ready To Move,Reliaable Tranquil Layout,1508.0,3.0,1.0,75.0,3 BHK,4973.474801061008
Not Ready To Move,Balagere,645.0,1.0,1.0,41.0,1 BHK,6356.589147286822
Ready To Move,Hormavu,1046.0,2.0,1.0,60.0,2 BHK,5736.137667304015
Ready To Move,5th Block Jayanagar,1500.0,1.0,1.0,300.0,1 BHK,20000.0
Not Ready To Move,Hosa Road,1079.0,2.0,1.0,32.37,2 BHK,2999.9999999999995
Ready To Move,Thubarahalli,975.0,2.0,1.0,50.0,2 BHK,5128.205128205128
Ready To Move,ISRO Layout,1050.0,2.0,1.0,51.0,2 BHK,4857.142857142857
Ready To Move,"Jayanagar, ",1903.0,3.0,2.0,165.0,3 BHK,8670.520231213874
Ready To Move,Asthagrama Layout,1200.0,2.0,2.0,38.0,2 BHK,3166.6666666666665
Ready To Move,Avalahalli,2996.0,4.0,3.0,200.0,4 BHK,6675.567423230975
Ready To Move,Manayata Tech Park,3400.0,4.0,2.0,200.0,4 BHK,5882.35294117647
Ready To Move,Whitefield,2000.0,4.0,1.0,312.0,4 BHK,15600.0
Ready To Move,Jigani,1453.0,4.0,1.0,160.0,4 BHK,11011.699931176876
Ready To Move,Parappana Agrahara,1092.0,2.0,2.0,43.0,2 BHK,3937.7289377289376
Ready To Move,Hormavu,1400.0,2.0,0.0,75.0,2 BHK,5357.142857142857
Ready To Move,Bommanahalli,1416.0,2.0,1.0,85.0,3 BHK,6002.824858757062
Ready To Move,ITI Layout,1602.0,2.0,1.0,75.0,3 BHK,4681.647940074907
Ready To Move,Electronic City,1100.0,2.0,1.0,41.0,2 BHK,3727.2727272727275
Ready To Move,Kothanur,1760.0,3.0,2.0,110.0,3 BHK,6250.0
Ready To Move,Marathahalli,3800.0,4.0,3.0,235.0,4 BHK,6184.210526315789
Ready To Move,Vasanthapura,1037.0,2.0,1.0,36.28,2 BHK,3498.553519768563
Ready To Move,Yeshwanthpur,1384.0,2.0,2.0,76.18,3 BHK,5504.3352601156075
Not Ready To Move,Vajarahalli,551.0,1.0,1.0,30.0,1 BHK,5444.64609800363
Ready To Move,Indira Nagar,2400.0,5.0,2.0,1250.0,4 BHK,52083.333333333336
Ready To Move,7th Phase JP Nagar,500.0,1.0,0.0,70.0,1 BHK,14000.0
Not Ready To Move,Sarjapur,900.0,2.0,2.0,27.98,2 BHK,3108.8888888888887
Ready To Move,Anandapura,1415.0,2.0,1.0,74.0,3 BHK,5229.681978798587
Not Ready To Move,Rajarajesheari nagar,1400.0,2.0,1.0,44.8,2 BHK,3200.0
Ready To Move,Millers Road,2850.0,4.0,3.0,460.0,3 BHK,16140.350877192983
Ready To Move,Kudlu,1030.0,2.0,2.0,75.0,2 BHK,7281.553398058252
Ready To Move,Kambipura,883.0,2.0,1.0,39.0,2 BHK,4416.761041902605
Ready To Move,Celebrity Paradise Layout,550.0,1.0,1.0,16.0,1 BHK,2909.090909090909
Ready To Move,Anjanapura,1800.0,4.0,2.0,55.0,4 BHK,3055.5555555555557
Ready To Move,Yemlur,10000.0,5.0,2.0,1950.0,5 BHK,19500.0
Ready To Move,Old Madras Road,1210.0,2.0,1.0,77.0,2 BHK,6363.636363636364
Ready To Move,Vishveshwarya Layout,2000.0,3.0,0.0,90.0,4 BHK,4500.0
Not Ready To Move,Kanakpura Road,1100.0,3.0,1.0,58.0,3 BHK,5272.727272727273
Ready To Move,Lavakusha Nagar,1780.0,3.0,1.0,100.0,3 BHK,5617.9775280898875
Ready To Move,2nd Block Hbr Layout,950.0,5.0,2.0,55.0,5 BHK,5789.473684210527
Ready To Move,Panathur,1050.0,2.0,2.0,60.0,2 BHK,5714.285714285715
Ready To Move,Hosur Road,1370.0,3.0,3.0,38.36,3 BHK,2800.0
Ready To Move,Marathahalli,3951.0,4.0,3.0,230.0,4 BHK,5821.311060491015
Ready To Move,Bellandur,2500.0,4.0,2.0,112.0,3 BHK,4480.0
Ready To Move,Sri Venkateshpura Layout,1050.0,2.0,1.0,49.5,2 BHK,4714.285714285715
Ready To Move,Anjanapura,1843.0,3.0,1.0,87.54,3 BHK,4749.864351600651
Ready To Move,3rd Block Banashankari,1200.0,4.0,1.0,175.0,4 BHK,14583.333333333334
Ready To Move,Somasundara Palya,1186.0,2.0,1.0,76.0,2 BHK,6408.0944350758855
Not Ready To Move,Haralur Road,560.0,1.0,1.0,45.0,1 BHK,8035.714285714285
Ready To Move,Narayanapura,2357.0,3.0,2.0,135.0,3 BHK,5727.619855748833
Ready To Move,Mahalakshmi Layout,1200.0,3.0,1.0,160.0,4 BHK,13333.333333333334
Not Ready To Move,Yelahanka,1823.0,3.0,2.0,103.0,3 BHK,5650.027427317608
Ready To Move,Rajasree Layout,1310.0,3.0,3.0,90.0,3 BHK,6870.229007633588
Ready To Move,Varthur,1520.0,2.0,2.0,60.0,3 BHK,3947.3684210526317
Not Ready To Move,Bhoganhalli,1610.0,3.0,1.0,74.03,3 BHK,4598.1366459627325
Not Ready To Move,Whitefield,1500.0,3.0,1.0,78.57,3 BHK,5237.999999999999
Ready To Move,LB Shastri Nagar,1400.0,2.0,2.0,80.0,3 BHK,5714.285714285715
Ready To Move,HRBR Layout,1625.0,3.0,2.0,120.0,3 BHK,7384.615384615385
Ready To Move,Chikkalasandra,1500.0,5.0,3.0,265.0,5 BHK,17666.666666666668
Ready To Move,Hessarghatta,900.0,2.0,1.0,24.0,2 BHK,2666.6666666666665
Ready To Move,Talaghattapura,1100.0,2.0,0.0,32.0,2 BHK,2909.090909090909
Ready To Move,Bannerghatta Road,1000.0,2.0,1.0,50.0,2 BHK,5000.0
Not Ready To Move,Old Airport Road,2774.0,4.0,3.0,197.0,4 BHK,7101.658255227109
Ready To Move,Yeshwanthpur,994.0,2.0,0.0,54.67,1 BHK,5500.0
Ready To Move,Kaggadasapura,1455.0,3.0,3.0,75.0,3 BHK,5154.639175257732
Ready To Move,Chandapura,1200.0,3.0,1.0,79.0,5 BHK,6583.333333333333
Ready To Move,Lakshminarayana Pura,1172.0,2.0,1.0,75.0,2 BHK,6399.317406143345
Ready To Move,Hennur,1935.0,3.0,2.0,102.0,3 BHK,5271.3178294573645
Ready To Move,Rachenahalli,1856.0,3.0,3.0,106.0,3 BHK,5711.206896551724
Ready To Move,Old Airport Road,2392.0,3.0,2.0,249.0,3 BHK,10409.69899665552
Ready To Move,Uttarahalli,900.0,2.0,2.0,35.0,2 BHK,3888.8888888888887
Ready To Move,Raja Rajeshwari Nagar,1757.0,3.0,3.0,98.0,3 BHK,5577.689243027889
Ready To Move,Kudlu,1027.0,2.0,2.0,44.0,2 BHK,4284.323271665044
Ready To Move,Whitefield,1626.0,3.0,3.0,85.0,3 BHK,5227.552275522755
Ready To Move,Dr Shivarama Karantha Nagar,1200.0,2.0,1.0,54.0,2 BHK,4500.0
Not Ready To Move,Hoodi,1559.0,3.0,1.0,81.55,3 BHK,5230.917254650417
Ready To Move,Amruthahalli,1190.0,2.0,2.0,50.0,2 BHK,4201.680672268908
Ready To Move,KR Puram,1200.0,2.0,1.0,72.0,2 BHK,6000.0
Ready To Move,Harlur,1174.0,2.0,1.0,74.0,2 BHK,6303.236797274276
Ready To Move,Kanakpura Road,1140.0,2.0,1.0,65.0,2 BHK,5701.754385964912
Ready To Move,Vibuthipura,1603.0,2.0,0.0,125.0,3 BHK,7797.878976918279
Ready To Move,Subramanyapura,1278.0,3.0,2.0,70.0,3 BHK,5477.308294209703
Ready To Move,Krishna Reddy Layout,2180.0,3.0,2.0,285.0,3 BHK,13073.394495412844
Ready To Move,Banashankari Stage III,1085.0,2.0,1.0,50.0,2 BHK,4608.294930875576
Not Ready To Move,Whitefield,1195.0,2.0,1.0,61.36,2 BHK,5134.728033472803
Ready To Move,Kamakshipalya,450.0,1.0,0.0,30.0,1 BHK,6666.666666666667
Not Ready To Move,Rajaji Nagar,6500.0,5.0,2.0,1400.0,4 BHK,21538.46153846154
Ready To Move,Attibele,550.0,1.0,1.0,11.5,1 BHK,2090.909090909091
Ready To Move,Kenchenahalli,1165.0,2.0,2.0,45.0,2 BHK,3862.6609442060085
Ready To Move,1st Stage Indira Nagar,3000.0,4.0,2.0,301.0,4 BHK,10033.333333333334
Ready To Move,Kanakpura Road,1452.0,3.0,3.0,60.0,3 BHK,4132.231404958678
Not Ready To Move,Sarjapur  Road,702.0,1.0,1.0,52.0,1 BHK,7407.407407407408
Ready To Move,Banashankari,1020.0,2.0,1.0,42.83,2 BHK,4199.019607843137
Not Ready To Move,Devanahalli,1340.0,2.0,1.0,65.0,2 BHK,4850.746268656716
Not Ready To Move,Marathahalli,1125.0,2.0,1.0,54.8,2 BHK,4871.111111111111
Ready To Move,JCR Layout,1160.0,2.0,1.0,40.53,2 BHK,3493.9655172413795
Ready To Move,Vidyaranyapura,1050.0,2.0,1.0,50.0,2 BHK,4761.9047619047615
Not Ready To Move,JP Nagar,1960.0,3.0,1.0,138.0,3 BHK,7040.816326530612
Ready To Move,Ganga Nagar,1200.0,3.0,2.0,52.0,2 BHK,4333.333333333333
Ready To Move,Judicial Layout,1200.0,4.0,1.0,220.0,3 BHK,18333.333333333332
Not Ready To Move,Old Airport Road,3496.0,4.0,2.0,262.0,4 BHK,7494.279176201373
Ready To Move,Electronic City,975.0,2.0,1.0,32.0,2 BHK,3282.051282051282
Ready To Move,Kudlu,1700.0,3.0,3.0,125.0,3 BHK,7352.941176470588
Ready To Move,8th Phase JP Nagar,1800.0,4.0,0.0,230.0,4 BHK,12777.777777777777
Ready To Move,Madavara,612.0,3.0,0.0,47.0,4 BHK,7679.738562091503
Ready To Move,Brooke Bond First Cross,1275.0,2.0,3.0,69.0,2 BHK,5411.764705882353
Ready To Move,Yeshwanthpur,650.0,1.0,0.0,40.0,1 BHK,6153.846153846154
Ready To Move,Kasavanhalli,1495.0,2.0,2.0,110.0,2 BHK,7357.859531772575
Ready To Move,Hebbal,1200.0,2.0,2.0,48.0,2 BHK,4000.0
Ready To Move,Sarjapura - Attibele Road,3750.0,6.0,2.0,295.0,5 BHK,7866.666666666667
Not Ready To Move,Hennur Road,1679.0,3.0,2.0,94.86,3 BHK,5649.791542584872
Ready To Move,Kaval Byrasandra,1450.0,3.0,2.0,75.0,3 BHK,5172.413793103448
Not Ready To Move,Balagere,1210.0,2.0,1.0,82.0,2 BHK,6776.859504132231
Not Ready To Move,Dwaraka Nagar,1300.0,2.0,1.0,51.0,3 BHK,3923.076923076923
Ready To Move,Judicial Layout,1165.0,2.0,1.0,49.61,2 BHK,4258.369098712446
Ready To Move,Keshava Nagar,1623.0,3.0,3.0,155.0,3 BHK,9550.215650030807
Ready To Move,Channasandra,1115.0,2.0,1.0,35.8,2 BHK,3210.7623318385645
Ready To Move,BTM Layout,450.0,1.0,1.0,20.0,1 BHK,4444.444444444444
Not Ready To Move,Electronics City Phase 1,1170.0,2.0,1.0,62.0,2 BHK,5299.145299145299
Ready To Move,KR Puram,2065.0,4.0,0.0,248.0,4 BHK,12009.685230024214
Ready To Move,Marathahalli,1700.0,3.0,2.0,126.0,3 BHK,7411.764705882353
Ready To Move,Malleshpalya,1245.0,2.0,1.0,55.0,2 BHK,4417.6706827309235
Not Ready To Move,Kanakapura,1017.0,2.0,1.0,66.0,2 BHK,6489.675516224189
Not Ready To Move,Sarjapur  Road,1242.0,2.0,1.0,75.0,2 BHK,6038.647342995169
Not Ready To Move,Yelahanka,1792.0,3.0,1.0,104.0,3 BHK,5803.571428571428
Not Ready To Move,Garebhavipalya,1275.0,3.0,2.0,55.0,3 BHK,4313.725490196079
Ready To Move,7th Block Jayanagar,2400.0,3.0,0.0,408.0,3 BHK,17000.0
Ready To Move,Electronic City,605.0,1.0,1.0,22.0,1 BHK,3636.3636363636365
Ready To Move,HBR Layout,1200.0,4.0,2.0,115.0,4 BHK,9583.333333333334
Not Ready To Move,Electronics City Phase 1,1450.0,3.0,2.0,79.0,3 BHK,5448.275862068966
Ready To Move,Bommenahalli,1232.0,3.0,1.0,96.0,3 BHK,7792.207792207792
Ready To Move,Laggere,1800.0,5.0,0.0,70.0,5 BHK,3888.8888888888887
Ready To Move,Sidedahalli,900.0,1.0,1.0,52.3,1 BHK,5811.111111111111
Ready To Move,Kaggadasapura,1200.0,2.0,2.0,40.0,2 BHK,3333.3333333333335
Ready To Move,Kadugodi,2100.0,3.0,2.0,204.0,4 BHK,9714.285714285714
Not Ready To Move,Uttarahalli,1065.0,2.0,1.0,42.6,2 BHK,4000.0
Ready To Move,AGS Layout,1075.0,2.0,1.0,48.38,2 BHK,4500.46511627907
Ready To Move,Lake City,780.0,2.0,1.0,31.0,2 BHK,3974.358974358974
Ready To Move,7th Phase JP Nagar,1070.0,2.0,1.0,42.79,2 BHK,3999.0654205607475
Ready To Move,Haralur Road,1464.0,3.0,2.0,56.0,3 BHK,3825.136612021858
Not Ready To Move,Ramagondanahalli,1910.0,3.0,2.0,150.0,3 BHK,7853.4031413612565
Ready To Move,Cox Town,1280.0,2.0,1.0,120.0,2 BHK,9375.0
Ready To Move,Raja Rajeshwari Nagar,1530.0,3.0,2.0,64.0,3 BHK,4183.006535947712
Ready To Move,Bhoganhalli,2439.0,5.0,2.0,170.0,4 BHK,6970.069700697007
Ready To Move,Varsova Layout,1088.0,2.0,2.0,43.5,2 BHK,3998.1617647058824
Ready To Move,Harlur,1174.0,2.0,1.0,78.0,2 BHK,6643.9522998296425
Not Ready To Move,Raja Rajeshwari Nagar,1587.0,3.0,1.0,73.8,3 BHK,4650.283553875236
Ready To Move,Kaggadasapura,1045.0,2.0,2.0,55.0,2 BHK,5263.1578947368425
Ready To Move,Yelahanka,1304.0,2.0,1.0,69.97,2 BHK,5365.79754601227
Ready To Move,Whitefield,1100.0,2.0,2.0,65.0,2 BHK,5909.090909090909
Not Ready To Move,Hennur Road,1482.0,2.0,1.0,68.9,3 BHK,4649.122807017545
Not Ready To Move,Devanahalli,2125.0,3.0,1.0,107.0,3 BHK,5035.294117647059
Ready To Move,Varthur,1000.0,4.0,0.0,65.0,5 BHK,6500.0
Ready To Move,Parappana Agrahara,1194.0,2.0,2.0,45.0,2 BHK,3768.8442211055276
Ready To Move,Kengeri,1200.0,2.0,3.0,42.0,2 BHK,3500.0
Ready To Move,Volagerekallahalli,1070.0,2.0,2.0,32.99,2 BHK,3083.177570093458
Ready To Move,Whitefield,1100.0,2.0,1.0,46.5,2 BHK,4227.272727272727
Ready To Move,Whitefield,1270.0,2.0,2.0,65.0,3 BHK,5118.110236220473
Ready To Move,Marasandra,1000.0,2.0,1.0,31.0,2 BHK,3100.0
Ready To Move,Vittasandra,1246.0,2.0,1.0,69.0,2 BHK,5537.720706260032
Ready To Move,Raja Rajeshwari Nagar,1529.0,3.0,3.0,51.77,3 BHK,3385.8731196860695
Ready To Move,Thanisandra,1185.0,2.0,2.0,42.0,2 BHK,3544.3037974683543
Ready To Move,Gubbalala,1060.0,2.0,1.0,46.0,2 BHK,4339.622641509434
Ready To Move,Ananth Nagar,1319.0,3.0,1.0,37.75,3 BHK,2862.016679302502
Ready To Move,Kaikondrahalli,991.0,2.0,0.0,64.0,2 BHK,6458.123107971745
Ready To Move,Thanisandra,662.0,1.0,0.0,38.0,1 BHK,5740.181268882176
Ready To Move,Nandini Layout,1200.0,2.0,1.0,110.0,2 BHK,9166.666666666666
Not Ready To Move,tc.palya,1400.0,2.0,1.0,78.0,3 BHK,5571.428571428572
Ready To Move,Talaghattapura,1575.0,3.0,2.0,80.0,3 BHK,5079.3650793650795
Ready To Move,Hosakerehalli,600.0,2.0,0.0,65.0,2 BHK,10833.333333333334
Ready To Move,Electronic City,717.0,5.0,1.0,78.0,5 BHK,10878.661087866109
Ready To Move,Ananth Nagar,1319.0,3.0,1.0,42.0,3 BHK,3184.230477634572
Ready To Move,Brookefield,2000.0,3.0,2.0,300.0,3 BHK,15000.0
Ready To Move,9th Phase JP Nagar,600.0,3.0,2.0,85.0,3 BHK,14166.666666666666
Ready To Move,Electronics City Phase 1,940.0,2.0,1.0,48.0,2 BHK,5106.382978723404
Ready To Move,Singasandra,600.0,1.0,0.0,45.0,1 BHK,7500.0
Not Ready To Move,Chandapura,985.0,2.0,1.0,25.12,2 BHK,2550.253807106599
Ready To Move,Kodigehalli,500.0,1.0,0.0,55.0,2 BHK,11000.0
Ready To Move,Bharathi Nagar,1349.0,2.0,2.0,56.7,2 BHK,4203.113417346182
Not Ready To Move,Whitefield,3117.0,3.0,2.0,261.0,3 BHK,8373.435996150145
Ready To Move,HSR Layout,1844.0,3.0,3.0,95.0,3 BHK,5151.843817787419
Ready To Move,Thigalarapalya,1830.0,4.0,2.0,150.0,3 BHK,8196.72131147541
Ready To Move,Sarjapur  Road,2275.0,4.0,2.0,185.0,3 BHK,8131.868131868132
Not Ready To Move,Varthur Road,1140.0,2.0,2.0,49.11,2 BHK,4307.894736842105
Ready To Move,Banjara Layout,900.0,3.0,1.0,79.0,3 BHK,8777.777777777777
Ready To Move,Jaya Mahal layout,2648.0,3.0,3.0,238.0,3 BHK,8987.915407854985
Ready To Move,Judicial Layout,5400.0,4.0,2.0,700.0,5 BHK,12962.962962962964
Ready To Move,Banashankari,1372.0,2.0,2.0,48.02,3 BHK,3500.0
Ready To Move,Sanne Amanikere,1455.0,2.0,1.0,45.0,3 BHK,3092.783505154639
Ready To Move,Hebbal,1100.0,2.0,2.0,38.0,2 BHK,3454.5454545454545
Ready To Move,Raja Rajeshwari Nagar,1295.0,2.0,1.0,55.47,2 BHK,4283.397683397683
Not Ready To Move,Vajarahalli,1475.0,3.0,1.0,80.0,3 BHK,5423.728813559322
Not Ready To Move,Nagavarapalya,1788.0,3.0,1.0,164.0,3 BHK,9172.259507829978
Ready To Move,Haralur Road,1243.0,2.0,1.0,46.0,2 BHK,3700.7240547063557
Ready To Move,Yeshwanthpur,1855.0,3.0,3.0,140.0,3 BHK,7547.169811320755
Not Ready To Move,Kudlu Gate,1850.0,3.0,2.0,120.0,3 BHK,6486.486486486487
Ready To Move,Marathahalli,1315.0,2.0,2.0,60.0,3 BHK,4562.737642585551
Not Ready To Move,Whitefield,1216.0,2.0,1.0,73.0,2 BHK,6003.289473684211
Ready To Move,Brooke Bond First Cross,1721.0,3.0,2.0,93.0,3 BHK,5403.834979662986
Not Ready To Move,Sonnenahalli,1059.0,2.0,1.0,62.0,2 BHK,5854.579792256846
Ready To Move,Kadubeesanahalli,1184.0,2.0,1.0,55.0,2 BHK,4645.27027027027
Ready To Move,Koramangala,2223.0,3.0,2.0,300.0,3 BHK,13495.27665317139
Ready To Move,Kodbisanhalli,1480.0,3.0,2.0,75.0,3 BHK,5067.5675675675675
Ready To Move,Kodigehalli,635.0,1.0,1.0,28.0,2 BHK,4409.4488188976375
Ready To Move,BEML Layout,2400.0,2.0,1.0,228.0,2 BHK,9500.0
Ready To Move,JP Nagar,1500.0,2.0,0.0,87.0,4 BHK,5800.0
Not Ready To Move,Hosa Road,1143.0,2.0,1.0,34.2,2 BHK,2992.125984251969
Ready To Move,Sarjapur  Road,3200.0,4.0,1.0,350.0,4 BHK,10937.5
Not Ready To Move,Kanakpura Road,3170.0,4.0,3.0,250.0,4 BHK,7886.435331230284
Ready To Move,Vaishnavi Layout,4800.0,4.0,3.0,420.0,4 BHK,8750.0
Ready To Move,Kothannur,1485.0,2.0,2.0,59.4,3 BHK,4000.0
Ready To Move,Rajaji Nagar,1640.0,3.0,2.0,251.0,3 BHK,15304.878048780487
Ready To Move,Hennur,1655.0,2.0,1.0,70.5,3 BHK,4259.818731117824
Not Ready To Move,2nd Phase Judicial Layout,900.0,2.0,2.0,41.0,2 BHK,4555.555555555556
Ready To Move,Somasundara Palya,1600.0,3.0,3.0,69.0,3 BHK,4312.5
Ready To Move,Neelamangala,1163.0,2.0,2.0,68.0,2 BHK,5846.947549441101
Ready To Move,Hennur Road,1654.0,3.0,2.0,97.8,3 BHK,5912.938331318017
Ready To Move,Ngef Layout,2100.0,3.0,1.0,1000.0,4 BHK,47619.04761904762
Not Ready To Move,Bellandur,1685.0,3.0,3.0,101.0,3 BHK,5994.06528189911
Ready To Move,Banashankari,1540.0,3.0,3.0,80.0,3 BHK,5194.805194805195
Not Ready To Move,Thanisandra,1265.0,2.0,1.0,72.0,2 BHK,5691.699604743083
Ready To Move,Kasavanhalli,1200.0,2.0,3.0,38.4,3 BHK,3200.0
Ready To Move,Amblipura,1300.0,2.0,1.0,80.0,3 BHK,6153.846153846154
Ready To Move,Sultan Palaya,1009.0,2.0,1.0,65.0,2 BHK,6442.021803766105
Ready To Move,Ramamurthy Nagar Extension,1540.0,3.0,2.0,65.0,3 BHK,4220.779220779221
Ready To Move,Bellandur,1735.0,3.0,3.0,105.0,3 BHK,6051.873198847262
Ready To Move,HSR Layout,2500.0,4.0,3.0,300.0,4 BHK,12000.0
Ready To Move,Marsur,497.0,1.0,1.0,20.0,2 BHK,4024.1448692152917
Ready To Move,Hosakerehalli,2480.0,4.0,1.0,265.0,3 BHK,10685.483870967742
Ready To Move,Electronic City,1142.0,2.0,0.0,35.0,2 BHK,3064.7985989492117
Not Ready To Move,Doctors Layout,1215.0,2.0,2.0,46.8,3 BHK,3851.8518518518517
Ready To Move,Electronic City,1070.0,2.0,1.0,48.0,2 BHK,4485.981308411215
Not Ready To Move,Electronic City Phase II,1125.0,2.0,1.0,32.49,2 BHK,2888.0
Not Ready To Move,Bommasandra Industrial Area,1125.0,2.0,1.0,32.49,2 BHK,2888.0
Ready To Move,Kasavanhalli,1575.0,2.0,3.0,85.0,2 BHK,5396.825396825397
Not Ready To Move,Hosa Road,1360.0,2.0,1.0,77.61,2 BHK,5706.617647058823
Ready To Move,Haralur Road,1710.0,3.0,2.0,85.0,3 BHK,4970.7602339181285
Not Ready To Move,Electronic City Phase II,1200.0,2.0,1.0,34.65,2 BHK,2887.5
Ready To Move,Bannerghatta Road,2185.0,3.0,3.0,120.0,4 BHK,5491.990846681922
Ready To Move,Bagalur,2400.0,4.0,3.0,135.0,4 BHK,5625.0
Ready To Move,Banashankari,1195.0,2.0,1.0,35.84,2 BHK,2999.1631799163183
Ready To Move,Vittasandra,1246.0,2.0,1.0,67.0,2 BHK,5377.2070626003215
Ready To Move,Bannerghatta Road,1012.0,2.0,1.0,45.0,2 BHK,4446.640316205534
Ready To Move,Ganga Nagar,998.0,2.0,2.0,65.0,2 BHK,6513.026052104208
Ready To Move,Doddaballapur,2400.0,3.0,1.0,250.0,3 BHK,10416.666666666666
Ready To Move,7th Phase JP Nagar,1130.0,2.0,2.0,85.0,2 BHK,7522.123893805309
Ready To Move,Koramangala,1744.0,4.0,1.0,210.0,3 BHK,12041.284403669724
Not Ready To Move,Rajaji Nagar,2733.0,5.0,2.0,259.0,4 BHK,9476.765459202341
Ready To Move,Karuna Nagar,1354.0,2.0,1.0,98.0,3 BHK,7237.81388478582
Ready To Move,Brookefield,1389.0,2.0,2.0,94.0,2 BHK,6767.458603311735
Ready To Move,Sarjapur,2970.0,3.0,3.0,130.0,4 BHK,4377.104377104377
Ready To Move,Cooke Town,2560.0,4.0,2.0,310.0,3 BHK,12109.375
Ready To Move,Lakshminarayana Pura,1172.0,2.0,2.0,75.0,2 BHK,6399.317406143345
Ready To Move,5th Block Jayanagar,500.0,2.0,1.0,75.0,3 BHK,15000.0
Ready To Move,Kaggadasapura,1495.0,3.0,2.0,60.0,3 BHK,4013.3779264214045
Ready To Move,Varthur,1738.0,2.0,1.0,57.35,2 BHK,3299.7698504027617
Ready To Move,Dodda Nekkundi,1315.0,2.0,2.0,50.0,2 BHK,3802.2813688212927
Ready To Move,Marathahalli,1270.0,2.0,3.0,73.0,2 BHK,5748.031496062992
Not Ready To Move,Electronic City Phase II,1160.0,2.0,1.0,52.2,2 BHK,4500.0
Ready To Move,Raja Rajeshwari Nagar,1450.0,2.0,1.0,67.0,3 BHK,4620.689655172414
Ready To Move,Rayasandra,470.0,1.0,1.0,21.0,1 BHK,4468.085106382979
Ready To Move,2nd Phase JP Nagar,1040.0,2.0,2.0,78.0,2 BHK,7500.0
Ready To Move,Sarjapur,1205.0,2.0,2.0,29.0,2 BHK,2406.639004149378
Ready To Move,KSRTC Layout,1215.0,2.0,3.0,50.0,3 BHK,4115.22633744856
Ready To Move,Whitefield,1135.0,2.0,2.0,58.0,2 BHK,5110.132158590309
Ready To Move,8th Phase JP Nagar,1224.0,2.0,2.0,48.95,3 BHK,3999.1830065359477
Ready To Move,Budigere,664.0,1.0,1.0,34.0,1 BHK,5120.481927710844
Ready To Move,Electronic City,1160.0,2.0,2.0,42.0,3 BHK,3620.689655172414
Ready To Move,Babusapalaya,1200.0,2.0,0.0,105.0,2 BHK,8750.0
Not Ready To Move,Bommasandra Industrial Area,1220.0,2.0,1.0,35.2,3 BHK,2885.2459016393445
Ready To Move,Bharathi Nagar,1328.0,2.0,2.0,69.0,2 BHK,5195.78313253012
Ready To Move,BSM Extension,975.0,2.0,2.0,45.0,2 BHK,4615.384615384615
Ready To Move,Ambedkar Colony,1907.0,2.0,1.0,200.0,3 BHK,10487.676979549029
Ready To Move,Malleshwaram,900.0,2.0,1.0,72.0,2 BHK,8000.0
Ready To Move,Banashankari 6th Stage,1330.0,2.0,2.0,80.0,2 BHK,6015.037593984963
Ready To Move,Rajiv Nagar,2330.0,5.0,1.0,175.0,4 BHK,7510.729613733905
Ready To Move,Munnekollal,1222.0,3.0,2.0,95.0,3 BHK,7774.140752864158
Ready To Move,Dodsworth Layout,4446.0,3.0,2.0,410.0,3 BHK,9221.772379667116
Ready To Move,Sarjapur  Road,2100.0,3.0,1.0,135.0,3 BHK,6428.571428571428
Ready To Move,Sarjapur  Road,3335.0,4.0,3.0,290.0,4 BHK,8695.652173913044
Not Ready To Move,Whitefield,3150.0,3.0,1.0,290.0,3 BHK,9206.349206349207
Ready To Move,Jnana Ganga Nagar,1320.0,2.0,1.0,95.0,3 BHK,7196.969696969697
Ready To Move,Shetty Halli,8000.0,5.0,3.0,550.0,5 BHK,6875.0
Ready To Move,Hennur Road,2400.0,5.0,3.0,500.0,4 BHK,20833.333333333332
Ready To Move,Uttarahalli,1330.0,2.0,2.0,46.55,3 BHK,3500.0
Ready To Move,Hosur Road,2000.0,4.0,1.0,130.0,4 BHK,6500.0
Not Ready To Move,Electronic City Phase II,1244.0,2.0,1.0,55.0,2 BHK,4421.221864951768
Ready To Move,Konena Agrahara,1000.0,2.0,1.0,50.0,2 BHK,5000.0
Not Ready To Move,Gunjur Palya,1400.0,3.0,2.0,45.0,3 BHK,3214.285714285714
Ready To Move,Vignana Nagar,1000.0,2.0,2.0,35.0,2 BHK,3500.0
Ready To Move,Rajaji Nagar,1056.0,1.0,0.0,250.0,2 BHK,23674.242424242424
Ready To Move,Uttarahalli,1250.0,2.0,2.0,50.0,3 BHK,4000.0
Not Ready To Move,Jeevan bima nagar,1225.0,2.0,2.0,48.0,2 BHK,3918.3673469387754
Not Ready To Move,Hebbal,2790.0,5.0,3.0,198.0,4 BHK,7096.774193548387
Ready To Move,Indira Nagar,2800.0,4.0,3.0,365.0,4 BHK,13035.714285714286
Ready To Move,Seegehalli,1683.0,3.0,3.0,80.0,3 BHK,4753.416518122401
Ready To Move,Yelahanka,1250.0,2.0,2.0,54.0,2 BHK,4320.0
Ready To Move,Hennur Road,1305.0,2.0,1.0,110.0,3 BHK,8429.11877394636
Ready To Move,Sarjapur  Road,3009.0,3.0,1.0,331.0,3 BHK,11000.33233632436
Ready To Move,Kaggalipura,1150.0,2.0,1.0,57.5,3 BHK,5000.0
Ready To Move,Kaggadasapura,1654.0,3.0,3.0,70.0,3 BHK,4232.1644498186215
Ready To Move,Munivenkatppa Layout,4500.0,3.0,0.0,225.0,4 BHK,5000.0
Not Ready To Move,Kadugodi,1890.0,4.0,3.0,125.0,3 BHK,6613.756613756614
Ready To Move,Kasavanhalli,1069.0,2.0,2.0,55.0,2 BHK,5144.9953227315245
Ready To Move,Chandapura,750.0,1.0,1.0,18.5,2 BHK,2466.6666666666665
Ready To Move,Banashankari,675.0,4.0,0.0,140.0,4 BHK,20740.74074074074
Not Ready To Move,Hormavu,2400.0,3.0,1.0,177.0,3 BHK,7375.0
Ready To Move,2nd Stage Nagarbhavi,1200.0,4.0,2.0,240.0,5 BHK,20000.0
Ready To Move,Koramangala,1410.0,2.0,0.0,280.0,4 BHK,19858.156028368794
Ready To Move,7th Phase JP Nagar,1680.0,3.0,3.0,130.0,3 BHK,7738.0952380952385
Ready To Move,Sadanand Nagar,3500.0,4.0,2.0,500.0,3 BHK,14285.714285714286
Not Ready To Move,Sarjapur  Road,1700.0,3.0,2.0,93.5,3 BHK,5500.0
Ready To Move,Brindavan Layout,2200.0,2.0,0.0,150.0,4 BHK,6818.181818181818
Ready To Move,Thanisandra,1595.0,3.0,1.0,105.0,3 BHK,6583.0721003134795
Not Ready To Move,Hennur Road,1480.0,3.0,2.0,100.0,3 BHK,6756.756756756757
Ready To Move,Bethel Nagar,1092.0,3.0,1.0,95.0,3 BHK,8699.6336996337
Not Ready To Move,Koramangala,1866.0,4.0,2.0,245.0,3 BHK,13129.689174705252
Ready To Move,Hebbal,3895.0,3.0,2.0,390.0,3 BHK,10012.836970474968
Ready To Move,Banashankari,1683.0,3.0,2.0,115.0,3 BHK,6833.036244800951
Ready To Move,Dasanapura,545.0,2.0,1.0,22.34,2 BHK,4099.082568807339
Ready To Move,Banaswadi,1340.0,2.0,2.0,73.0,2 BHK,5447.761194029851
Not Ready To Move,"Judicial Layout, Kanakapura Road, ",1100.0,3.0,2.0,53.0,3 BHK,4818.181818181818
Ready To Move,Akshaya Nagar,2000.0,1.0,0.0,200.0,1 BHK,10000.0
Ready To Move,Whitefield,1185.0,2.0,2.0,56.0,2 BHK,4725.738396624472
Not Ready To Move,Chandapura,1025.0,2.0,2.0,27.68,2 BHK,2700.487804878049
Ready To Move,Haralur Road,1730.0,3.0,1.0,95.0,3 BHK,5491.329479768786
Not Ready To Move,Hennur Road,1450.0,3.0,1.0,88.6,3 BHK,6110.3448275862065
Ready To Move,Sarjapur  Road,1862.0,4.0,1.0,110.0,3 BHK,5907.626208378088
Ready To Move,Sarjapur  Road,4000.0,5.0,1.0,578.0,4 BHK,14450.0
Ready To Move,Old Madras Road,2430.0,5.0,2.0,180.0,3 BHK,7407.407407407408
Ready To Move,Chambenahalli,1170.0,2.0,3.0,50.0,2 BHK,4273.504273504273
Ready To Move,B Narayanapura,1075.0,2.0,2.0,50.0,2 BHK,4651.162790697675
Ready To Move,Kodichikkanahalli,1060.0,2.0,1.0,34.0,2 BHK,3207.5471698113206
Not Ready To Move,Sarjapur,850.0,2.0,2.0,32.0,2 BHK,3764.705882352941
Ready To Move,P&T Layout,935.0,2.0,1.0,45.9,2 BHK,4909.090909090909
Ready To Move,Gollarapalya Hosahalli,1905.0,3.0,2.0,86.0,4 BHK,4514.435695538058
Ready To Move,Uttarahalli,1125.0,2.0,1.0,47.0,2 BHK,4177.777777777777
Ready To Move,Chikkabanavar,1500.0,4.0,1.0,105.0,4 BHK,7000.0
Ready To Move,Bannerghatta Road,1725.0,3.0,3.0,85.0,3 BHK,4927.536231884058
Ready To Move,Dodda Banaswadi,1120.0,2.0,3.0,36.0,2 BHK,3214.285714285714
Ready To Move,Brookefield,1750.0,2.0,2.0,75.0,3 BHK,4285.714285714285
Not Ready To Move,7th Phase JP Nagar,2000.0,3.0,2.0,77.0,3 BHK,3850.0
Ready To Move,Koramangala,1745.0,3.0,3.0,98.0,3 BHK,5616.045845272206
Ready To Move,Bagalakunte,750.0,3.0,1.0,95.0,5 BHK,12666.666666666666
Ready To Move,Uttarahalli,1270.0,2.0,2.0,55.25,3 BHK,4350.393700787402
Ready To Move,Iblur Village,5384.0,5.0,3.0,420.0,5 BHK,7800.891530460624
Ready To Move,Sahakara Nagar,1180.0,2.0,2.0,72.0,2 BHK,6101.6949152542375
Ready To Move,Shanti Nagar,1130.0,2.0,1.0,75.0,2 BHK,6637.168141592921
Not Ready To Move,Old Airport Road,2774.0,4.0,3.0,197.0,4 BHK,7101.658255227109
Ready To Move,Ardendale,1723.0,3.0,2.0,95.0,3 BHK,5513.6390017411495
Ready To Move,Mysore Road,1175.0,2.0,2.0,70.5,2 BHK,6000.0
Ready To Move,Ambalipura,1607.0,2.0,2.0,112.0,3 BHK,6969.508400746733
Not Ready To Move,Varanasi,1334.0,2.0,1.0,62.0,2 BHK,4647.67616191904
Ready To Move,Vishwapriya Layout,2800.0,5.0,3.0,130.0,5 BHK,4642.857142857143
Not Ready To Move,Bellandur,1138.0,3.0,2.0,128.0,3 BHK,11247.80316344464
Not Ready To Move,Bannerghatta,1113.0,2.0,1.0,70.0,2 BHK,6289.308176100629
Ready To Move,9th Phase JP Nagar,1300.0,2.0,2.0,58.0,3 BHK,4461.538461538462
Ready To Move,Judicial Layout,2400.0,4.0,2.0,350.0,4 BHK,14583.333333333334
Ready To Move,Sahakara Nagar,1200.0,2.0,2.0,60.0,2 BHK,5000.0
Ready To Move,cooketown,1900.0,3.0,2.0,190.0,3 BHK,10000.0
Ready To Move,Jakkur,5150.0,4.0,3.0,559.0,4 BHK,10854.368932038835
Ready To Move,2nd Stage Nagarbhavi,1200.0,5.0,2.0,290.0,5 BHK,24166.666666666668
Not Ready To Move,Whitefield,2956.0,5.0,2.0,234.0,4 BHK,7916.102841677944
Ready To Move,Begur Road,1100.0,5.0,1.0,165.0,5 BHK,15000.0
Not Ready To Move,Panathur,1398.0,2.0,1.0,97.0,2 BHK,6938.483547925608
Ready To Move,Margondanahalli,1152.0,1.0,0.0,66.0,2 BHK,5729.166666666667
Ready To Move,Rajarajeshwarinagar,1200.0,5.0,2.0,325.0,4 BHK,27083.333333333332
Ready To Move,Nagavara,1110.0,2.0,2.0,44.95,2 BHK,4049.5495495495497
Ready To Move, Devarachikkanahalli,1116.0,2.0,1.0,47.0,2 BHK,4211.469534050179
Ready To Move,Babusapalaya,1061.0,2.0,1.0,33.84,2 BHK,3189.4439208294066
Ready To Move,Malleshwaram,620.0,1.0,1.0,86.8,1 BHK,14000.0
Ready To Move,7th Phase JP Nagar,1300.0,2.0,2.0,52.0,3 BHK,4000.0
Ready To Move,Yelahanka,1270.0,2.0,2.0,57.0,2 BHK,4488.188976377953
Not Ready To Move,Peenya,966.0,2.0,2.0,50.0,2 BHK,5175.983436853002
Ready To Move,AMS Layout,1200.0,4.0,1.0,110.0,4 BHK,9166.666666666666
Ready To Move,Kodigehalli,1320.0,4.0,3.0,249.0,4 BHK,18863.636363636364
Ready To Move,Iblur Village,3596.0,5.0,1.0,297.0,4 BHK,8259.176863181312
Not Ready To Move,Kathriguppe IV Phase,1630.0,3.0,2.0,131.0,3 BHK,8036.80981595092
Ready To Move,Kodipalya,600.0,6.0,3.0,72.0,5 BHK,12000.0
Ready To Move,Ramchandrapuram,600.0,4.0,2.0,60.0,4 BHK,10000.0
Ready To Move,Amruthahalli,1202.0,2.0,1.0,65.0,2 BHK,5407.65391014975
Ready To Move,Pampa Extension,1200.0,4.0,2.0,250.0,4 BHK,20833.333333333332
Ready To Move,Jakkur,1300.0,2.0,2.0,80.0,2 BHK,6153.846153846154
Ready To Move,Electronic City,1360.0,2.0,1.0,70.0,3 BHK,5147.058823529412
Ready To Move,Hennur Road,1155.0,2.0,1.0,69.18,2 BHK,5989.6103896103905
Ready To Move,Hosakerehalli,2378.0,3.0,1.0,310.0,3 BHK,13036.164844407065
Ready To Move,Hulimavu,1011.0,2.0,2.0,38.0,2 BHK,3758.6547972304647
Ready To Move,HSR Layout,1203.0,2.0,2.0,72.0,2 BHK,5985.037406483791
Not Ready To Move,Hebbal,1645.0,3.0,2.0,113.0,3 BHK,6869.300911854103
Ready To Move,Horamavu Agara,1364.0,2.0,3.0,50.0,3 BHK,3665.689149560117
Not Ready To Move,Anekal,1200.0,1.0,1.0,36.0,2 BHK,3000.0
Ready To Move,KR Layout,1050.0,2.0,2.0,41.0,1 BHK,3904.7619047619046
Ready To Move,Kothanur,1365.0,3.0,3.0,66.0,3 BHK,4835.1648351648355
Ready To Move,Jigani,1252.0,3.0,3.0,70.0,3 BHK,5591.054313099042
Ready To Move,Jigani,1221.0,3.0,2.0,65.0,3 BHK,5323.505323505324
Ready To Move,Panathur,1065.0,2.0,1.0,58.0,2 BHK,5446.0093896713615
Ready To Move,Uttarahalli,1270.0,2.0,1.0,55.25,3 BHK,4350.393700787402
Ready To Move,Sahakara Nagar,1032.0,2.0,2.0,45.0,2 BHK,4360.46511627907
Ready To Move,Frazer Town,2900.0,4.0,2.0,325.0,4 BHK,11206.896551724138
Ready To Move,Sector 2 HSR Layout,1515.0,2.0,3.0,69.0,3 BHK,4554.455445544554
Ready To Move,Akshaya Vana,1427.0,2.0,2.0,52.0,2 BHK,3644.008409250175
Ready To Move,Magadi Road,940.0,2.0,2.0,50.0,2 BHK,5319.148936170212
Not Ready To Move,Medahalli,800.0,5.0,1.0,95.0,5 BHK,11875.0
Ready To Move,Bannerghatta Road,1460.0,2.0,2.0,80.0,3 BHK,5479.45205479452
Ready To Move,Sarjapur  Road,2275.0,4.0,2.0,175.0,3 BHK,7692.307692307692
Not Ready To Move,9th Phase JP Nagar,1522.0,3.0,2.0,90.0,3 BHK,5913.272010512484
Not Ready To Move,Basaveshwara Nagar Yelahanka,3210.0,4.0,2.0,380.0,3 BHK,11838.006230529594
Ready To Move,Thanisandra,1185.0,2.0,2.0,42.67,2 BHK,3600.84388185654
Ready To Move,Banashankari,1800.0,3.0,2.0,125.0,3 BHK,6944.444444444444
Not Ready To Move,Electronics City Phase 1,940.0,2.0,1.0,44.0,2 BHK,4680.851063829788
Ready To Move,Andrahalli,1200.0,4.0,2.0,135.0,4 BHK,11250.0
Ready To Move,Marathahalli,1530.0,3.0,2.0,71.0,3 BHK,4640.522875816993
Ready To Move,Gollahalli,1050.0,2.0,1.0,48.0,2 BHK,4571.428571428572
Ready To Move,Subramanyapura,929.0,2.0,2.0,49.0,2 BHK,5274.48869752422
Ready To Move,Banjara Layout,3750.0,5.0,3.0,145.0,4 BHK,3866.6666666666665
Ready To Move,Whitefield,1530.0,3.0,3.0,75.0,3 BHK,4901.9607843137255
Ready To Move,PC Palaya,900.0,2.0,1.0,48.0,2 BHK,5333.333333333333
Ready To Move,Vasanthapura,978.0,2.0,1.0,34.22,2 BHK,3498.9775051124743
Ready To Move,Sathya Sai Layout,4041.0,4.0,2.0,345.0,4 BHK,8537.490720118782
Ready To Move,Ambalipura,770.0,1.0,2.0,43.82,1 BHK,5690.909090909091
Ready To Move,Kaval Byrasandra,1066.0,2.0,3.0,55.0,2 BHK,5159.474671669794
Ready To Move,Electronic City,635.0,1.0,0.0,28.0,1 BHK,4409.4488188976375
Ready To Move,Whitefield,1015.0,2.0,1.0,45.0,2 BHK,4433.4975369458125
Ready To Move,Hebbal,1175.0,2.0,0.0,54.05,2 BHK,4600.0
Ready To Move,Chikkabanavar,1200.0,4.0,2.0,130.0,4 BHK,10833.333333333334
Not Ready To Move,Vidyaranyapura,1188.0,2.0,1.0,50.0,2 BHK,4208.754208754209
Ready To Move,Indira Nagar,2400.0,5.0,2.0,700.0,5 BHK,29166.666666666668
Not Ready To Move,Soppahalli,620.0,1.0,1.0,25.0,1 BHK,4032.2580645161293
Ready To Move,Ejipura,1210.0,2.0,0.0,75.0,2 BHK,6198.347107438017
Not Ready To Move,Attibele,1000.0,3.0,1.0,90.0,3 BHK,9000.0
Ready To Move,Rajaji Nagar,1500.0,2.0,2.0,99.0,3 BHK,6600.0
Ready To Move,Electronic City,1800.0,3.0,2.0,190.0,4 BHK,10555.555555555555
Ready To Move,Thanisandra,1185.0,2.0,2.0,43.66,2 BHK,3684.3881856540083
Ready To Move,Basavangudi,1600.0,3.0,3.0,130.0,3 BHK,8125.0
Ready To Move,Gottigere,1100.0,2.0,1.0,28.0,2 BHK,2545.4545454545455
Ready To Move,Yelahanka,1300.0,2.0,2.0,69.23,2 BHK,5325.384615384615
Ready To Move,Kasavanhalli,1100.0,2.0,1.0,68.0,2 BHK,6181.818181818182
Not Ready To Move,Ambalipura,860.0,2.0,1.0,28.93,2 BHK,3363.953488372093
Not Ready To Move,Panathur,1007.0,2.0,1.0,64.0,2 BHK,6355.511420059583
Ready To Move,Akshaya Nagar,1100.0,2.0,2.0,48.0,2 BHK,4363.636363636364
Ready To Move,Whitefield,1187.0,2.0,1.0,38.0,2 BHK,3201.3479359730413
Ready To Move,R.T. Nagar,1150.0,2.0,2.0,72.0,2 BHK,6260.869565217391
Ready To Move,Nagavara,2400.0,3.0,2.0,252.0,3 BHK,10500.0
Not Ready To Move,Aavalahalli,1180.0,2.0,3.0,41.94,2 BHK,3554.237288135593
Ready To Move,Budigere,1820.0,3.0,2.0,85.2,3 BHK,4681.318681318681
Ready To Move,Sector 1 HSR Layout,2400.0,6.0,2.0,775.0,3 BHK,32291.666666666668
Ready To Move,KR Puram,3628.0,4.0,1.0,246.0,4 BHK,6780.595369349504
Ready To Move,Kodbisanhalli,1430.0,3.0,2.0,70.0,3 BHK,4895.104895104895
Not Ready To Move,Kanakpura Road,700.0,2.0,1.0,40.0,2 BHK,5714.285714285715
Ready To Move,Kattigenahalli,1200.0,1.0,0.0,70.0,2 BHK,5833.333333333333
Not Ready To Move,Old Madras Road,1165.0,2.0,1.0,40.77,2 BHK,3499.570815450644
Ready To Move,Jalahalli,1569.0,3.0,2.0,118.0,3 BHK,7520.713830465264
Ready To Move,Basaveshwara Nagar Yelahanka,1950.0,4.0,3.0,95.0,3 BHK,4871.794871794872
Ready To Move,Jayanti Nagar,1200.0,3.0,1.0,70.0,2 BHK,5833.333333333333
Ready To Move,Yelahanka New Town,2437.0,3.0,2.0,125.0,3 BHK,5129.257283545343
Ready To Move,Marathahalli,950.0,2.0,2.0,46.7,2 BHK,4915.789473684211
Not Ready To Move,Bellandur,1685.0,3.0,3.0,115.0,3 BHK,6824.925816023739
Ready To Move,Green Glen Layout,3270.0,4.0,3.0,205.0,4 BHK,6269.113149847095
Ready To Move,Sarjapur  Road,1314.0,2.0,2.0,110.0,2 BHK,8371.38508371385
Not Ready To Move,New Gurappana Palya,1250.0,3.0,2.0,40.0,3 BHK,3200.0
Ready To Move,Virudhu Nagar,1130.0,2.0,2.0,68.0,2 BHK,6017.699115044248
Ready To Move,kamanahalli main road,857.0,3.0,2.0,95.0,3 BHK,11085.180863477246
Ready To Move,Whitefield,2247.0,3.0,2.0,145.0,3 BHK,6453.048509123276
Ready To Move,Marathahalli,1550.0,3.0,2.0,85.0,3 BHK,5483.870967741936
Ready To Move,Hoodi,1715.0,2.0,2.0,100.0,3 BHK,5830.903790087464
Ready To Move,Hennur Road,1053.0,2.0,1.0,53.0,2 BHK,5033.2383665717
Ready To Move,Begur Road,1200.0,3.0,0.0,50.0,3 BHK,4166.666666666667
Ready To Move,HBR Layout,1800.0,2.0,1.0,230.0,3 BHK,12777.777777777777
Ready To Move,Chikkabanavar,2400.0,4.0,0.0,97.0,5 BHK,4041.6666666666665
Ready To Move,Kodbisanhalli,1245.0,1.0,3.0,60.0,2 BHK,4819.277108433735
Ready To Move,Koramangala,1320.0,2.0,1.0,160.0,2 BHK,12121.212121212122
Ready To Move,Whitefield,3940.0,5.0,3.0,265.0,4 BHK,6725.888324873096
Ready To Move,Thanisandra,1241.0,2.0,1.0,65.0,3 BHK,5237.711522965351
Ready To Move,7th Phase JP Nagar,2980.0,4.0,2.0,260.0,3 BHK,8724.832214765102
Ready To Move,Raja Rajeshwari Nagar,1090.0,2.0,2.0,57.0,2 BHK,5229.357798165138
Ready To Move,Byrasandra,1390.0,2.0,1.0,50.0,3 BHK,3597.122302158273
Ready To Move,Jakkur Plantation,2750.0,5.0,2.0,275.0,3 BHK,10000.0
Not Ready To Move,Kanakpura Road,1100.0,2.0,1.0,52.97,3 BHK,4815.454545454545
Ready To Move,Koramangala,1350.0,2.0,2.0,103.0,2 BHK,7629.62962962963
Ready To Move,Prakash Nagar,800.0,2.0,2.0,55.0,2 BHK,6875.0
Ready To Move,Sarjapur  Road,1787.0,3.0,2.0,116.0,3 BHK,6491.326245103525
Ready To Move,BTM Layout,2400.0,3.0,2.0,220.0,3 BHK,9166.666666666666
Ready To Move,Haralur Road,3700.0,4.0,2.0,325.0,4 BHK,8783.783783783783
Ready To Move,Sarjapur  Road,1691.0,3.0,2.0,93.01,3 BHK,5500.295683027794
Not Ready To Move,Bhoganhalli,2119.0,4.0,3.0,111.0,4 BHK,5238.319962246343
Not Ready To Move,Chikka Tirupathi,2325.0,3.0,2.0,95.0,3 BHK,4086.021505376344
Ready To Move,Thyagaraja Nagar,570.0,5.0,0.0,80.0,5 BHK,14035.087719298246
Ready To Move,Akshaya Nagar,1896.0,3.0,2.0,102.0,3 BHK,5379.7468354430375
Not Ready To Move,Banashankari Stage V,1540.0,3.0,2.0,48.51,3 BHK,3150.0
Ready To Move,Cambridge Layout,1244.0,2.0,2.0,95.0,2 BHK,7636.655948553054
Ready To Move,Hormavu,1365.0,2.0,2.0,65.0,3 BHK,4761.9047619047615
Not Ready To Move,Thanisandra,580.0,1.0,1.0,27.5,1 BHK,4741.379310344828
Not Ready To Move,Hebbal,1355.0,3.0,2.0,83.87,3 BHK,6189.667896678967
Ready To Move,Bharat Nagar,1500.0,4.0,2.0,180.0,3 BHK,12000.0
Ready To Move,8th Phase JP Nagar,1513.0,2.0,3.0,62.0,2 BHK,4097.818902842036
Ready To Move,Banashankari,1175.0,2.0,1.0,41.13,2 BHK,3500.4255319148942
Not Ready To Move,Thanisandra,2087.0,4.0,2.0,139.0,3 BHK,6660.277910876856
Not Ready To Move,Talaghattapura,2273.0,3.0,2.0,145.0,3 BHK,6379.234491860977
Not Ready To Move,Thanisandra,2050.0,3.0,2.0,150.0,3 BHK,7317.073170731707
Ready To Move,Garebhavipalya,1200.0,2.0,1.0,75.0,2 BHK,6250.0
Ready To Move,Whitefield,1190.0,2.0,3.0,59.0,2 BHK,4957.983193277311
Ready To Move,Kodigehalli,600.0,3.0,2.0,85.0,4 BHK,14166.666666666666
Not Ready To Move,Marathahalli,1019.0,2.0,2.0,49.86,2 BHK,4893.032384690873
Ready To Move,Thigalarapalya,1830.0,3.0,2.0,133.0,3 BHK,7267.75956284153
Ready To Move,Sarjapur  Road,1028.0,2.0,1.0,56.0,2 BHK,5447.470817120623
Ready To Move,Old Madras Road,1300.0,2.0,2.0,100.0,2 BHK,7692.307692307692
Ready To Move,Whitefield,1160.0,2.0,1.0,67.0,2 BHK,5775.862068965517
Ready To Move,Mahadevpura,1505.0,3.0,2.0,78.0,3 BHK,5182.724252491695
Ready To Move,Kogilu,1250.0,2.0,1.0,55.55,2 BHK,4444.0
Ready To Move,Ramchandrapuram,400.0,2.0,1.0,50.0,1 BHK,12500.0
Ready To Move,Sarjapur,1175.0,2.0,1.0,41.68,2 BHK,3547.2340425531916
Ready To Move,Janatha Colony,1100.0,2.0,2.0,57.6,2 BHK,5236.363636363636
Ready To Move,Vishwanatha Nagenahalli,2159.0,3.0,2.0,120.0,3 BHK,5558.12876331635
Not Ready To Move,Devanahalli,1230.0,2.0,1.0,56.45,2 BHK,4589.430894308943
Ready To Move,Gkvk Layout,1200.0,4.0,2.0,180.0,3 BHK,15000.0
Ready To Move,Channasandra Layout,3100.0,6.0,1.0,165.0,5 BHK,5322.580645161291
Ready To Move,Hegganahalli,1200.0,1.0,0.0,48.0,1 BHK,4000.0
Ready To Move,Dodsworth Layout,1340.0,2.0,1.0,71.0,2 BHK,5298.507462686567
Ready To Move,Banashankari,1750.0,2.0,2.0,89.0,3 BHK,5085.714285714285
Ready To Move,Banashankari Stage II,1400.0,2.0,1.0,100.0,2 BHK,7142.857142857143
Ready To Move,Nagarbhavi,1350.0,3.0,0.0,60.0,3 BHK,4444.444444444444
Ready To Move,RMV Extension,1675.0,3.0,3.0,62.0,3 BHK,3701.492537313433
Not Ready To Move,Thanisandra,1340.0,2.0,1.0,66.33,2 BHK,4950.0
Ready To Move,Malleshwaram,600.0,1.0,0.0,68.0,2 BHK,11333.333333333334
Ready To Move,Hulimavu,1276.0,2.0,2.0,76.0,2 BHK,5956.112852664577
Ready To Move,Ramagondanahalli,1738.0,2.0,3.0,76.0,3 BHK,4372.8423475258915
Ready To Move,"Hoodi Circle, ",1190.0,2.0,2.0,59.9,2 BHK,5033.6134453781515
Not Ready To Move,Electronic City,1128.0,2.0,1.0,65.45,2 BHK,5802.304964539007
Ready To Move,Veersandra,1250.0,2.0,1.0,55.0,2 BHK,4400.0
Ready To Move,ITI Layout,1450.0,2.0,2.0,90.0,2 BHK,6206.896551724138
Ready To Move,Kudlu,1084.0,2.0,1.0,53.0,2 BHK,4889.29889298893
Ready To Move,Kaggadasapura,2150.0,4.0,2.0,90.0,4 BHK,4186.046511627907
Ready To Move,Koramangala,6000.0,4.0,0.0,625.0,4 BHK,10416.666666666666
Ready To Move,Nagarbhavi,600.0,3.0,0.0,77.0,4 BHK,12833.333333333334
Ready To Move,Hosur Road,1250.0,2.0,2.0,65.0,2 BHK,5200.0
Ready To Move,Seegehalli,2400.0,4.0,1.0,240.0,3 BHK,10000.0
Ready To Move,Begur,1304.0,3.0,0.0,65.0,3 BHK,4984.662576687117
Ready To Move,Rajaji Nagar,1640.0,3.0,2.0,268.0,3 BHK,16341.463414634147
Ready To Move,7th Phase JP Nagar,980.0,2.0,1.0,77.44,2 BHK,7902.040816326531
Ready To Move,Ramanashree Enclave,1275.0,2.0,2.0,49.5,2 BHK,3882.3529411764707
Ready To Move,"Yelahanka,MVIT college",10030.0,1.0,1.0,150.0,1 BHK,1495.5134596211367
Ready To Move,Banjara Layout,2500.0,4.0,0.0,140.0,3 BHK,5600.0
Ready To Move,Bidadi,3600.0,4.0,0.0,225.0,4 BHK,6250.0
Ready To Move,Anekal,2400.0,4.0,0.0,95.0,3 BHK,3958.3333333333335
Ready To Move,Chikku Lakshmaiah Layout,2300.0,3.0,2.0,280.0,3 BHK,12173.91304347826
Not Ready To Move,Kanakpura Road,1450.0,2.0,2.0,70.18,3 BHK,4840.000000000001
Ready To Move,Electronic City,890.0,2.0,1.0,40.0,2 BHK,4494.38202247191
Ready To Move,Bannerghatta Road,1340.0,2.0,3.0,85.0,2 BHK,6343.2835820895525
Ready To Move,Vidyaranyapura,1100.0,2.0,1.0,75.0,3 BHK,6818.181818181818
Ready To Move,Kengeri,750.0,2.0,1.0,40.0,2 BHK,5333.333333333333
Ready To Move,Basaveshwara Nagar,700.0,4.0,2.0,125.0,4 BHK,17857.14285714286
Ready To Move,Akshaya Nagar,1300.0,2.0,2.0,66.0,2 BHK,5076.923076923077
Not Ready To Move,HRBR Layout,1301.0,2.0,1.0,120.0,2 BHK,9223.674096848577
Ready To Move,Pillahalli,1900.0,2.0,2.0,92.0,3 BHK,4842.105263157895
Not Ready To Move,Kanakpura Road,1299.0,2.0,1.0,105.0,2 BHK,8083.140877598153
Not Ready To Move,Anugrah Layout,1250.0,3.0,3.0,40.0,3 BHK,3200.0
Ready To Move,Whitefield,1600.0,4.0,2.0,300.0,4 BHK,18750.0
Ready To Move,Kalkere,925.0,2.0,1.0,55.0,2 BHK,5945.945945945946
Ready To Move,Meenakunte,3900.0,3.0,3.0,250.0,3 BHK,6410.25641025641
Ready To Move,Uttarahalli,1107.0,2.0,1.0,45.0,2 BHK,4065.040650406504
Ready To Move,Ramesh Nagar,1400.0,2.0,2.0,160.0,2 BHK,11428.57142857143
Ready To Move,Electronics City Phase 1,1300.0,2.0,1.0,67.0,2 BHK,5153.846153846154
Ready To Move,Yeshwanthpur,570.0,2.0,1.0,62.0,2 BHK,10877.192982456141
Ready To Move,Hiremath Layout,1715.0,3.0,2.0,95.0,3 BHK,5539.35860058309
Ready To Move,Uttarahalli,1200.0,2.0,1.0,55.0,2 BHK,4583.333333333333
Ready To Move,Ashok Nagar,703.0,2.0,1.0,60.0,2 BHK,8534.850640113798
Not Ready To Move,Talaghattapura,921.0,2.0,2.0,29.47,2 BHK,3199.782844733985
Ready To Move,Marathahalli,1144.0,2.0,2.0,65.0,2 BHK,5681.818181818182
Not Ready To Move,Kanakpura Road,525.0,1.0,1.0,26.01,1 BHK,4954.285714285715
Ready To Move,Suddaguntepalya,1400.0,2.0,2.0,56.0,3 BHK,4000.0
Not Ready To Move,Balagere,661.0,1.0,1.0,33.0,1 BHK,4992.435703479577
Ready To Move,Kengeri Satellite Town,1200.0,5.0,2.0,70.0,5 BHK,5833.333333333333
Ready To Move,Yelahanka,1705.0,3.0,1.0,91.0,3 BHK,5337.243401759531
Ready To Move,Anjana Nagar,1035.0,5.0,1.0,170.0,5 BHK,16425.12077294686
Ready To Move,Kadugodi,1430.0,2.0,0.0,55.0,3 BHK,3846.153846153846
Ready To Move,Marathahalli,1240.0,2.0,2.0,55.0,2 BHK,4435.4838709677415
Ready To Move,Garudachar Palya,1325.0,2.0,2.0,60.8,3 BHK,4588.679245283019
Ready To Move,Thanisandra,1230.0,2.0,2.0,44.0,2 BHK,3577.2357723577234
Ready To Move,Electronics City Phase 1,1000.0,2.0,3.0,28.0,2 BHK,2800.0
Ready To Move,Gollarahatti,740.0,2.0,1.0,24.5,4 BHK,3310.810810810811
Ready To Move,Uttarahalli,1330.0,2.0,2.0,46.45,3 BHK,3492.4812030075186
Ready To Move,Sarjapur  Road,3005.0,5.0,2.0,275.0,4 BHK,9151.414309484193
Ready To Move,Shivaji Nagar,1300.0,3.0,2.0,170.0,3 BHK,13076.923076923076
Ready To Move,Haralur Road,1243.0,2.0,2.0,46.0,2 BHK,3700.7240547063557
Ready To Move,Kengeri Satellite Town,936.0,2.0,1.0,60.84,4 BHK,6500.0
Not Ready To Move,Banashankari Stage III,1500.0,2.0,2.0,100.0,3 BHK,6666.666666666667
Ready To Move,Kodigehalli,1200.0,4.0,1.0,156.0,3 BHK,13000.0
Ready To Move,Cox Town,1073.0,2.0,2.0,72.0,2 BHK,6710.158434296365
Ready To Move,Kudlu,1300.0,2.0,2.0,56.0,2 BHK,4307.692307692308
Not Ready To Move,Sarjapur,4201.0,4.0,3.0,435.0,4 BHK,10354.677457748156
Not Ready To Move,Electronic City,1065.0,2.0,1.0,30.75,2 BHK,2887.323943661972
Not Ready To Move,Whitefield,1216.0,2.0,1.0,66.88,2 BHK,5500.0
Ready To Move,Jigani,1252.0,3.0,2.0,59.0,3 BHK,4712.460063897764
Not Ready To Move,Hormavu,1196.0,2.0,1.0,44.8,2 BHK,3745.819397993311
Ready To Move,Kudlu,1027.0,2.0,2.0,44.0,2 BHK,4284.323271665044
Ready To Move,Padmanabhanagar,610.0,2.0,1.0,75.0,3 BHK,12295.081967213115
Ready To Move,Poornapragna Housing Society Layout,1270.0,2.0,2.0,57.15,3 BHK,4500.0
Not Ready To Move,Mico Layout,1171.0,2.0,2.0,39.0,2 BHK,3330.486763450043
Ready To Move,Kothannur,1215.0,2.0,3.0,48.6,3 BHK,4000.0
Ready To Move,Venkateswara Nagar,600.0,1.0,0.0,20.0,1 BHK,3333.3333333333335
Not Ready To Move,Whitefield,1180.0,2.0,1.0,77.0,2 BHK,6525.423728813559
Not Ready To Move,Electronic City Phase II,1160.0,2.0,1.0,33.51,2 BHK,2888.793103448276
Ready To Move,Chikkagubbi,4382.0,4.0,3.0,400.0,4 BHK,9128.251939753538
Not Ready To Move,Whitefield,2140.0,3.0,2.0,139.0,3 BHK,6495.327102803738
Ready To Move,Yeshwanthpur,1500.0,3.0,1.0,100.0,3 BHK,6666.666666666667
Ready To Move,Banaswadi,1008.0,2.0,2.0,52.0,2 BHK,5158.730158730159
Ready To Move,Ambedkar Nagar,1921.0,4.0,3.0,129.0,3 BHK,6715.252472670484
Ready To Move,Electronic City,1127.0,2.0,2.0,32.0,2 BHK,2839.396628216504
Not Ready To Move,Rajaji Nagar,1621.0,3.0,1.0,124.0,3 BHK,7649.599012954966
Ready To Move,Poornapragna Housing Society Layout,2400.0,3.0,0.0,360.0,3 BHK,15000.0
Ready To Move,Banashankari 2 nd Stage,1030.0,2.0,2.0,77.25,3 BHK,7500.0
Not Ready To Move,Whitefield,1314.0,2.0,1.0,84.0,2 BHK,6392.6940639269405
Ready To Move,Choodasandra,1220.0,3.0,1.0,56.0,3 BHK,4590.163934426229
Not Ready To Move,Banashankari Stage VI,600.0,3.0,1.0,97.0,4 BHK,16166.666666666666
Ready To Move,JP Nagar,1590.0,2.0,3.0,85.0,3 BHK,5345.911949685535
Ready To Move,Shivaji Nagar,703.0,2.0,1.0,49.5,2 BHK,7041.251778093883
Not Ready To Move,Hosakerehalli,1795.0,3.0,2.0,64.62,3 BHK,3600.0
Ready To Move,Gottigere,3000.0,3.0,0.0,132.0,4 BHK,4400.0
Not Ready To Move,Sarjapur  Road,4395.0,4.0,2.0,242.0,4 BHK,5506.257110352673
Ready To Move,Electronic City,825.0,2.0,1.0,35.0,2 BHK,4242.424242424242
Not Ready To Move,Yelahanka,4025.0,6.0,1.0,350.0,4 BHK,8695.652173913044
Not Ready To Move,Vajarahalli,1254.0,2.0,1.0,70.0,3 BHK,5582.13716108453
Ready To Move,Ramagondanahalli,2040.0,3.0,2.0,114.0,3 BHK,5588.235294117647
Ready To Move,Thigalarapalya,2215.0,4.0,2.0,154.0,3 BHK,6952.5959367945825
Ready To Move,Jalahalli,1478.0,2.0,2.0,125.0,2 BHK,8457.374830852503
Ready To Move,Malleshwaram,2475.0,4.0,3.0,337.0,3 BHK,13616.161616161617
Ready To Move,Cambridge Layout,1669.0,3.0,2.0,298.0,3 BHK,17855.002995805873
Ready To Move,Nagappa Reddy Layout,1820.0,3.0,2.0,79.5,3 BHK,4368.131868131868
Not Ready To Move,Horamavu Agara,1623.0,3.0,1.0,89.0,3 BHK,5483.672211953173
Ready To Move,Haralur Road,1243.0,2.0,2.0,46.0,2 BHK,3700.7240547063557
Ready To Move,Electronic City,1200.0,2.0,2.0,40.5,2 BHK,3375.0
Ready To Move,Gottigere,1613.0,3.0,3.0,72.0,3 BHK,4463.732176069436
Ready To Move,Rajiv Gandhi Nagar,1293.0,2.0,2.0,80.0,2 BHK,6187.161639597834
Ready To Move,Hoskote,1065.0,2.0,2.0,28.5,2 BHK,2676.056338028169
Not Ready To Move,Kudlu Gate,940.0,2.0,1.0,69.57,2 BHK,7401.063829787233
Ready To Move,Sarjapur  Road,1181.0,2.0,1.0,65.0,3 BHK,5503.81033022862
Ready To Move,Malleshwaram,2215.0,3.0,2.0,275.0,3 BHK,12415.349887133183
Ready To Move,Marathahalli,1100.0,2.0,1.0,75.0,1 BHK,6818.181818181818
Ready To Move,MLA Layout,1050.0,2.0,1.0,36.0,2 BHK,3428.5714285714284
Ready To Move,Subramanyapura,1260.0,2.0,1.0,75.0,3 BHK,5952.380952380952
Ready To Move,Banashankari Stage II,2800.0,3.0,2.0,425.0,5 BHK,15178.57142857143
Ready To Move,Dodda Banaswadi,1500.0,3.0,2.0,56.0,3 BHK,3733.3333333333335
Not Ready To Move,Esther Enclave Layout,1000.0,2.0,0.0,66.0,2 BHK,6600.0
Ready To Move,Whitefield,1530.0,3.0,3.0,73.0,3 BHK,4771.24183006536
Ready To Move,HSR Layout,1140.0,2.0,2.0,46.0,2 BHK,4035.0877192982457
Ready To Move,Dodda Nekkundi Extension,1864.0,3.0,3.0,115.0,3 BHK,6169.527896995708
Ready To Move,Sarjapur,1575.0,3.0,3.0,55.0,3 BHK,3492.063492063492
Not Ready To Move,Attibele,1200.0,3.0,2.0,105.0,3 BHK,8750.0
Ready To Move,Raja Rajeshwari Nagar,945.0,2.0,1.0,45.0,2 BHK,4761.9047619047615
Ready To Move,Sarjapur  Road,1691.0,3.0,2.0,100.0,3 BHK,5913.660555884092
Ready To Move,KR Garden,1200.0,2.0,3.0,135.0,2 BHK,11250.0
Not Ready To Move,Electronic City Phase II,1220.0,3.0,1.0,35.25,3 BHK,2889.344262295082
Ready To Move,Kengeri,600.0,1.0,1.0,35.0,1 BHK,5833.333333333333
Not Ready To Move,Whitefield,1160.0,2.0,2.0,39.0,2 BHK,3362.0689655172414
Ready To Move,Dodda Nekkundi Extension,1950.0,2.0,2.0,89.5,3 BHK,4589.74358974359
Ready To Move,Vittasandra,1650.0,3.0,1.0,85.0,3 BHK,5151.515151515152
Ready To Move,Annapurneshwari Nagar,2400.0,4.0,1.0,150.0,4 BHK,6250.0
Ready To Move,Abbigere,795.0,1.0,1.0,32.6,2 BHK,4100.62893081761
Ready To Move,Raghavendra Nagar,800.0,5.0,1.0,95.0,5 BHK,11875.0
Ready To Move,TC Palaya,1400.0,5.0,1.0,97.0,5 BHK,6928.571428571428
Ready To Move,Kalyan nagar,2285.0,4.0,1.0,165.0,3 BHK,7221.006564551422
Ready To Move,Haralur Road,1243.0,2.0,2.0,46.0,2 BHK,3700.7240547063557
Ready To Move,Kammagondahalli,1263.0,2.0,1.0,51.5,2 BHK,4077.593032462391
Ready To Move,Nanjappa Layout Vidyaranyapura,1200.0,4.0,2.0,115.0,5 BHK,9583.333333333334
Ready To Move,Hennur,1345.0,2.0,1.0,69.0,3 BHK,5130.111524163569
Ready To Move,D Group Employees Layout,4400.0,5.0,3.0,240.0,5 BHK,5454.545454545455
Ready To Move,Electronic City,1360.0,2.0,1.0,58.0,3 BHK,4264.705882352941
Ready To Move,Sarjapur  Road,1026.0,2.0,1.0,60.55,2 BHK,5901.559454191033
Ready To Move,Alfa Garden Layout,1050.0,2.0,2.0,38.0,2 BHK,3619.0476190476193
Ready To Move,Uttarahalli,1460.0,3.0,3.0,76.0,3 BHK,5205.479452054795
Ready To Move,Banagiri Nagar,1525.0,2.0,2.0,91.48,3 BHK,5998.688524590164
Ready To Move,Kanakpura Road,1843.0,3.0,2.0,85.0,3 BHK,4612.045577862181
Not Ready To Move,Ananth Nagar,1000.0,2.0,3.0,25.0,2 BHK,2500.0
Ready To Move,Koramangala,1642.0,2.0,1.0,115.0,3 BHK,7003.654080389769
Ready To Move,TC Palaya,1200.0,2.0,0.0,66.0,3 BHK,5500.0
Ready To Move,Austin Town,975.0,2.0,1.0,60.0,2 BHK,6153.846153846154
Ready To Move,Bisuvanahalli,1075.0,2.0,1.0,44.0,3 BHK,4093.0232558139537
Not Ready To Move,Panathur,1210.0,2.0,1.0,77.93,2 BHK,6440.495867768595
Ready To Move,Rammana Layout,2000.0,3.0,2.0,100.0,3 BHK,5000.0
Ready To Move,Akshaya Nagar,1225.0,2.0,0.0,68.0,2 BHK,5551.0204081632655
Ready To Move,Jakkur,1290.0,2.0,1.0,80.04,2 BHK,6204.651162790698
Ready To Move,Remco Bhel Layout,1220.0,2.0,0.0,56.0,2 BHK,4590.163934426229
Ready To Move,A Narayanapura,1500.0,2.0,0.0,85.0,1 BHK,5666.666666666667
Ready To Move,Kaggadasapura,1361.0,2.0,2.0,79.0,2 BHK,5804.555473916238
Ready To Move,Frazer Town,2801.25,4.0,1.0,462.0,5 BHK,16492.637215528783
Ready To Move,1st Phase JP Nagar,1394.0,2.0,2.0,85.0,2 BHK,6097.5609756097565
Ready To Move,Yelahanka,870.0,2.0,1.0,27.0,2 BHK,3103.448275862069
Ready To Move,Marasandra,5000.0,5.0,3.0,300.0,4 BHK,6000.0
Not Ready To Move,Rajaji Nagar,1222.0,2.0,2.0,98.0,2 BHK,8019.639934533551
Ready To Move,Hebbal,1420.0,2.0,1.0,99.39,2 BHK,6999.295774647887
Ready To Move,Bellandur,1846.0,3.0,2.0,135.0,3 BHK,7313.109425785482
Ready To Move,Benson Town,1688.12,2.0,1.0,270.0,2 BHK,15994.123640499492
Ready To Move,Yeshwanthpur,1167.0,2.0,2.0,64.08,2 BHK,5491.002570694088
Ready To Move,Ananth Nagar,902.0,2.0,2.0,25.0,2 BHK,2771.6186252771618
Ready To Move,Kannamangala,2422.0,4.0,3.0,135.0,4 BHK,5573.905862923204
Ready To Move,Rachenahalli,1050.0,2.0,2.0,52.5,2 BHK,5000.0
Ready To Move,Rajapura,1000.0,2.0,0.0,50.0,2 BHK,5000.0
Ready To Move,Kundalahalli,1260.0,2.0,0.0,58.0,2 BHK,4603.174603174603
Ready To Move,Banashankari Stage II,3000.0,3.0,2.0,450.0,3 BHK,15000.0
Ready To Move,Jigani,939.0,2.0,2.0,39.0,2 BHK,4153.35463258786
Ready To Move,Jalahalli,600.0,1.0,0.0,37.0,1 BHK,6166.666666666667
Ready To Move,8th Phase JP Nagar,1298.0,2.0,1.0,59.0,2 BHK,4545.454545454545
Ready To Move,Marathahalli,1710.0,3.0,2.0,135.0,3 BHK,7894.736842105263
Ready To Move,Subramanyapura,1000.0,2.0,1.0,45.0,2 BHK,4500.0
Ready To Move,Ramagondanahalli,3350.0,3.0,3.0,150.0,3 BHK,4477.611940298508
Ready To Move,Bagalakunte,1200.0,4.0,1.0,138.0,2 BHK,11500.0
Ready To Move,RPC layout,1100.0,2.0,2.0,68.0,2 BHK,6181.818181818182
Ready To Move,Jalahalli,615.0,1.0,1.0,46.0,1 BHK,7479.674796747968
Not Ready To Move,Sarjapur  Road,1350.0,2.0,1.0,85.0,2 BHK,6296.2962962962965
Ready To Move,Sultan Palaya,5000.0,5.0,2.0,325.0,4 BHK,6500.0
Ready To Move,Cunningham Road,2700.0,3.0,1.0,501.0,3 BHK,18555.555555555555
Ready To Move,Hegde Nagar,1718.0,3.0,2.0,130.0,3 BHK,7566.938300349243
Ready To Move,7th Phase JP Nagar,1680.0,3.0,2.0,112.0,3 BHK,6666.666666666667
Ready To Move,Hulimavu,1500.0,2.0,0.0,90.0,2 BHK,6000.0
Not Ready To Move,Sarjapur  Road,1157.0,2.0,1.0,72.0,3 BHK,6222.990492653414
Ready To Move,Akshaya Nagar,1179.0,2.0,1.0,51.0,2 BHK,4325.699745547074
Not Ready To Move,Phase 1 Kammasandra,1105.0,2.0,2.0,28.18,2 BHK,2550.2262443438913
Ready To Move,Banashankari,1800.0,3.0,2.0,175.0,3 BHK,9722.222222222223
Ready To Move,Jalahalli East,1010.0,2.0,1.0,52.0,2 BHK,5148.514851485149
Not Ready To Move,Electronic City,630.0,1.0,1.0,46.0,1 BHK,7301.587301587301
Not Ready To Move,Anekal,1200.0,2.0,1.0,36.1,2 BHK,3008.3333333333335
Ready To Move,Kaval Byrasandra,1025.0,2.0,1.0,60.0,2 BHK,5853.658536585366
Ready To Move,Hennur Road,1195.0,2.0,2.0,59.0,2 BHK,4937.238493723849
Not Ready To Move,Whitefield,1012.0,2.0,1.0,58.0,2 BHK,5731.225296442688
Ready To Move,Hegde Nagar,1884.0,4.0,2.0,118.0,3 BHK,6263.2696390658175
Ready To Move,Sarjapura - Attibele Road,1090.0,2.0,1.0,37.0,2 BHK,3394.4954128440368
Ready To Move,Kathriguppe,1300.0,3.0,2.0,77.99,3 BHK,5999.230769230769
Ready To Move,Amblipura,2950.0,4.0,2.0,250.0,4 BHK,8474.57627118644
Ready To Move,Harlur,1710.0,3.0,3.0,85.0,3 BHK,4970.7602339181285
Ready To Move,Uttarahalli,1500.0,3.0,1.0,68.0,3 BHK,4533.333333333333
Ready To Move,Kodichikkanahalli,1310.0,2.0,2.0,53.0,3 BHK,4045.8015267175574
Not Ready To Move,Dommasandra,674.0,1.0,1.0,19.9,2 BHK,2952.522255192878
Ready To Move,Hoodi,1350.0,3.0,2.0,70.0,3 BHK,5185.185185185185
Ready To Move,Hennur Gardens,1464.0,2.0,2.0,115.0,3 BHK,7855.191256830601
Ready To Move,Marsur,715.0,2.0,1.0,29.0,3 BHK,4055.944055944056
Not Ready To Move,Electronic City,1400.0,2.0,1.0,40.45,3 BHK,2889.2857142857147
Not Ready To Move,Electronic City Phase II,1625.0,2.0,2.0,48.75,3 BHK,3000.0
Not Ready To Move,Electronic City,1065.0,2.0,1.0,30.76,2 BHK,2888.262910798122
Ready To Move,HMT Layout,1385.0,3.0,3.0,90.0,3 BHK,6498.194945848375
Ready To Move,CV Raman Nagar,1040.0,2.0,1.0,50.0,2 BHK,4807.692307692308
Ready To Move,Haralur Road,1817.0,3.0,2.0,110.0,3 BHK,6053.935057787562
Ready To Move,Volagerekallahalli,1205.0,2.0,1.0,47.0,2 BHK,3900.414937759336
Ready To Move,Volagerekallahalli,1070.0,2.0,2.0,33.43,2 BHK,3124.299065420561
Ready To Move,Kodathi,1070.0,2.0,1.0,52.0,2 BHK,4859.813084112149
Ready To Move,Amruthahalli,1340.0,2.0,1.0,75.0,2 BHK,5597.014925373134
Ready To Move,Kalena Agrahara,980.0,2.0,2.0,35.0,2 BHK,3571.4285714285716
Ready To Move,8th Phase JP Nagar,1006.0,2.0,0.0,44.0,2 BHK,4373.75745526839
Ready To Move,Thanisandra,1098.0,2.0,1.0,71.0,2 BHK,6466.302367941712
Ready To Move,Mico Layout,1200.0,2.0,1.0,53.5,2 BHK,4458.333333333333
Ready To Move,Thigalarapalya,4190.0,4.0,2.0,325.0,4 BHK,7756.563245823389
Ready To Move,Sarjapur  Road,1019.0,2.0,1.0,62.0,2 BHK,6084.396467124632
Not Ready To Move,Whitefield,1150.0,2.0,2.0,40.21,2 BHK,3496.521739130435
Ready To Move,Anekal,1733.5,3.0,1.0,120.0,3 BHK,6922.411306605134
Ready To Move,Yeshwanthpur Industrial Suburb,1415.0,2.0,2.0,120.0,2 BHK,8480.565371024735
Not Ready To Move,"Electronic city Phase 1, ",1750.0,3.0,2.0,58.0,3 BHK,3314.285714285714
Not Ready To Move,Raja Rajeshwari Nagara,1537.0,3.0,2.0,81.0,3 BHK,5270.006506180872
Ready To Move,Chennappa Layout,1050.0,2.0,2.0,45.0,2 BHK,4285.714285714285
Ready To Move,Kanakpura Road,1452.0,3.0,3.0,55.6,3 BHK,3829.2011019283746
Ready To Move,Domlur,1246.0,2.0,1.0,95.0,2 BHK,7624.398073836276
Ready To Move,Yelahanka,1890.0,4.0,2.0,85.0,3 BHK,4497.354497354498
Not Ready To Move,Electronic City Phase II,972.0,2.0,1.0,40.0,2 BHK,4115.22633744856
Ready To Move,5th Block Jayanagar,10624.0,4.0,2.0,2340.0,4 BHK,22025.602409638555
Ready To Move,Brookefield,1500.0,5.0,3.0,160.0,4 BHK,10666.666666666666
Not Ready To Move,Electronic City,630.0,1.0,1.0,33.7,1 BHK,5349.20634920635
Ready To Move,Shingapura,1255.0,2.0,1.0,60.0,3 BHK,4780.876494023904
Ready To Move,Ramamurthy Nagar,1900.0,4.0,2.0,185.0,4 BHK,9736.842105263158
Ready To Move,Doddaballapur,2440.0,3.0,1.0,142.0,3 BHK,5819.672131147541
Not Ready To Move,Kanakpura Road,1938.0,3.0,3.0,92.69,3 BHK,4782.765737874097
Ready To Move,Bannerghatta Road,1711.0,3.0,2.0,125.0,3 BHK,7305.669199298656
Ready To Move,Nagarbhavi,1200.0,4.0,3.0,240.0,5 BHK,20000.0
Not Ready To Move,CV Raman Nagar,1392.0,2.0,1.0,95.0,2 BHK,6824.712643678161
Not Ready To Move,Haralur Road,1225.0,2.0,1.0,77.0,2 BHK,6285.714285714285
Ready To Move,Sarjapur  Road,3418.0,3.0,2.0,235.0,4 BHK,6875.365710942071
Ready To Move,Green Glen Layout,1750.0,3.0,2.0,120.0,3 BHK,6857.142857142857
Ready To Move,Subramanyapura,1260.0,2.0,1.0,80.0,3 BHK,6349.206349206349
Not Ready To Move,Sarjapur  Road,691.0,1.0,1.0,31.1,1 BHK,4500.723589001447
Ready To Move,BTM 2nd Stage,2400.0,3.0,2.0,400.0,4 BHK,16666.666666666668
Ready To Move,Haralur Road,1285.0,2.0,1.0,78.0,2 BHK,6070.038910505837
Ready To Move,Hebbal,1590.0,3.0,2.0,96.0,3 BHK,6037.735849056604
Ready To Move,9th Phase JP Nagar,1571.0,3.0,2.0,65.0,3 BHK,4137.492043284532
Ready To Move,Hebbal Kempapura,2800.0,5.0,1.0,220.0,5 BHK,7857.142857142857
Ready To Move,Garudachar Palya,1060.0,2.0,1.0,48.66,2 BHK,4590.566037735849
Ready To Move,Hennur,1255.0,2.0,1.0,58.0,2 BHK,4621.5139442231075
Ready To Move,Govindapura,702.0,4.0,0.0,65.0,4 BHK,9259.25925925926
Ready To Move,Lal Bahadur Shastri Nagar,2400.0,2.0,2.0,185.0,3 BHK,7708.333333333333
Ready To Move,Bannerghatta Road,1520.0,2.0,3.0,81.0,3 BHK,5328.9473684210525
Ready To Move,Gollahalli,1170.0,2.0,1.0,45.51,2 BHK,3889.74358974359
Ready To Move,OMBR Layout,1580.0,3.0,2.0,75.0,3 BHK,4746.835443037975
Ready To Move,Ardendale,1777.26,3.0,2.0,89.0,3 BHK,5007.7084950991975
Ready To Move,Raja Rajeshwari Nagar,1303.0,2.0,2.0,55.78,2 BHK,4280.890253261704
Ready To Move,Kodichikkanahalli,1680.0,2.0,3.0,59.0,2 BHK,3511.904761904762
Ready To Move,Whitefield,1495.0,2.0,2.0,70.0,3 BHK,4682.274247491639
Not Ready To Move,Yelahanka,1835.0,3.0,1.0,108.0,3 BHK,5885.558583106267
Ready To Move,Banjara Layout,610.0,3.0,1.0,60.0,3 BHK,9836.065573770491
Ready To Move,Nagawara Junction,1080.0,2.0,2.0,38.0,2 BHK,3518.5185185185187
Not Ready To Move,Electronic City,1025.0,2.0,1.0,29.61,2 BHK,2888.7804878048782
Not Ready To Move,Haralur Road,1225.0,2.0,1.0,67.48,2 BHK,5508.571428571428
Not Ready To Move,Balagere,656.0,1.0,1.0,34.77,1 BHK,5300.304878048782
Ready To Move,Sarjapur  Road,994.0,2.0,2.0,45.0,2 BHK,4527.162977867203
Ready To Move,Thirupalya,1025.0,2.0,1.0,65.0,2 BHK,6341.463414634146
Ready To Move,Marathahalli,1156.0,2.0,2.0,52.0,2 BHK,4498.269896193771
Ready To Move,JP Nagar,1250.0,2.0,2.0,60.0,2 BHK,4800.0
Ready To Move,Kundalahalli,3092.0,4.0,3.0,230.0,4 BHK,7438.551099611902
Ready To Move,Hegde Nagar,1930.0,4.0,2.0,122.0,3 BHK,6321.243523316062
Ready To Move,New Thippasandra,1020.0,2.0,1.0,70.0,2 BHK,6862.745098039216
Ready To Move,Kumaraswami Layout,1310.0,2.0,1.0,70.0,3 BHK,5343.511450381679
Ready To Move,Kanakpura Road,1322.0,2.0,3.0,70.0,2 BHK,5295.00756429652
Ready To Move,Kothanur,1160.0,2.0,2.0,57.0,2 BHK,4913.793103448276
Ready To Move,5th Block Hbr Layout,1100.0,2.0,2.0,48.0,2 BHK,4363.636363636364
Ready To Move,Lakshminarayana Pura,1720.0,3.0,3.0,150.0,3 BHK,8720.93023255814
Not Ready To Move,Hosur Road,1689.0,3.0,2.0,103.0,3 BHK,6098.283007696862
Ready To Move,Chikkalasandra,1090.0,2.0,1.0,47.42,2 BHK,4350.45871559633
Ready To Move,KR Puram,2000.0,2.0,0.0,75.0,2 BHK,3750.0
Ready To Move,Venugopal Reddy Layout,1155.0,2.0,2.0,69.0,2 BHK,5974.025974025974
Not Ready To Move,Sarjapur  Road,3913.0,5.0,0.0,176.0,4 BHK,4497.827753641707
Ready To Move,Hebbal,3520.0,5.0,2.0,320.0,3 BHK,9090.90909090909
Not Ready To Move,JP Nagar,1125.0,2.0,2.0,39.98,2 BHK,3553.7777777777774
Not Ready To Move,Yelahanka,1847.0,3.0,3.0,92.0,3 BHK,4981.050351922036
Ready To Move,7th Phase JP Nagar,1515.0,2.0,1.0,76.0,3 BHK,5016.501650165016
Ready To Move,Yelahanka,2500.0,3.0,1.0,120.0,5 BHK,4800.0
Ready To Move,Sarjapur  Road,1130.0,2.0,2.0,55.0,2 BHK,4867.256637168141
Ready To Move,Bellandur,1049.0,2.0,1.0,51.0,2 BHK,4861.773117254528
Ready To Move,Amruthahalli,2650.0,4.0,0.0,175.0,3 BHK,6603.773584905661
Not Ready To Move,Varthur Road,850.0,2.0,1.0,25.4,2 BHK,2988.235294117647
Not Ready To Move,Badavala Nagar,1842.0,3.0,2.0,115.0,3 BHK,6243.213897937025
Ready To Move,Govindaraja Nagar Ward,2600.0,5.0,3.0,370.0,5 BHK,14230.76923076923
Not Ready To Move,Jakkur,1282.0,2.0,1.0,72.0,2 BHK,5616.224648985959
Ready To Move,Kalena Agrahara,800.0,2.0,1.0,40.0,2 BHK,5000.0
Ready To Move,Gidada Konnenahalli,1200.0,4.0,2.0,240.0,4 BHK,20000.0
Not Ready To Move,Chandapura,1190.0,2.0,2.0,30.35,3 BHK,2550.4201680672268
Not Ready To Move,Magadi Road,1318.0,2.0,1.0,68.0,3 BHK,5159.332321699545
Not Ready To Move,Kanakpura Road,1698.0,2.0,1.0,105.0,2 BHK,6183.745583038869
Ready To Move,Jayanagar,2030.0,2.0,1.0,182.0,3 BHK,8965.51724137931
Ready To Move,Kammasandra,1276.0,2.0,1.0,31.9,3 BHK,2500.0
Ready To Move,Shikaripalya,1555.0,2.0,1.0,67.0,3 BHK,4308.681672025724
Not Ready To Move,Sarjapur  Road,1881.0,3.0,2.0,145.0,3 BHK,7708.665603402445
Ready To Move,frazertown,2900.0,3.0,2.0,325.0,3 BHK,11206.896551724138
Not Ready To Move,Yelahanka,1890.0,3.0,2.0,109.0,3 BHK,5767.195767195767
Ready To Move,M V Extenstion,900.0,5.0,2.0,135.0,5 BHK,15000.0
Not Ready To Move,Old Madras Road,935.0,2.0,1.0,32.0,2 BHK,3422.4598930481284
Ready To Move,Cox Town,1000.0,2.0,3.0,58.0,2 BHK,5800.0
Ready To Move,Singasandra,1510.0,3.0,2.0,75.0,3 BHK,4966.887417218543
Ready To Move,Uttarahalli,1120.0,2.0,1.0,50.0,2 BHK,4464.285714285715
Ready To Move,Ananth Nagar,930.0,2.0,1.0,25.99,2 BHK,2794.6236559139784
Ready To Move,Electronic City,1160.0,2.0,2.0,42.0,3 BHK,3620.689655172414
Ready To Move,Raja Rajeshwari Nagar,1419.0,2.0,2.0,48.1,2 BHK,3389.7110641296686
Ready To Move,Talaghattapura,1175.0,2.0,2.0,62.0,2 BHK,5276.595744680851
Ready To Move,Bellandur,1350.0,2.0,1.0,63.0,3 BHK,4666.666666666667
Ready To Move,Malleshwaram,2215.0,3.0,2.0,330.0,3 BHK,14898.419864559819
Ready To Move,Attibele,996.0,2.0,1.0,24.9,2 BHK,2500.0
Not Ready To Move,Anjanapura,1076.0,2.0,1.0,30.13,2 BHK,2800.185873605948
Ready To Move,Off Bannergatta road,2180.0,4.0,3.0,115.0,4 BHK,5275.229357798165
Ready To Move,Kasavanhalli,1715.0,3.0,3.0,112.0,3 BHK,6530.6122448979595
Ready To Move,Hebbal,1072.0,2.0,2.0,45.0,2 BHK,4197.761194029851
Ready To Move,Panathur,1230.0,2.0,1.0,80.0,2 BHK,6504.065040650406
Ready To Move,Murugeshpalya,1600.0,2.0,1.0,65.0,3 BHK,4062.5
Not Ready To Move,Thanisandra,1411.0,3.0,1.0,93.25,3 BHK,6608.788093550674
Ready To Move,Rayasandra,3600.0,5.0,3.0,145.0,5 BHK,4027.777777777778
Ready To Move,Jalahalli,2404.0,3.0,2.0,138.0,3 BHK,5740.432612312812
Ready To Move,Sahakara Nagar,1200.0,4.0,2.0,190.0,4 BHK,15833.333333333334
Not Ready To Move,Nagarbhavi,1200.0,3.0,2.0,226.0,3 BHK,18833.333333333332
Ready To Move,Doddathoguru,1208.0,3.0,1.0,45.0,3 BHK,3725.1655629139073
Ready To Move,Yeshwanthpur,1700.0,5.0,2.0,300.0,5 BHK,17647.058823529413
Not Ready To Move,Haralur Road,1225.0,2.0,1.0,69.84,2 BHK,5701.224489795918
Not Ready To Move,Hebbal,1162.0,2.0,1.0,69.0,2 BHK,5938.037865748709
Ready To Move,Thanisandra,1262.0,2.0,1.0,65.0,3 BHK,5150.5546751188585
Not Ready To Move,Konanakunte Cross,1050.0,2.0,2.0,35.0,2 BHK,3333.3333333333335
Not Ready To Move,Electronic City Phase II,1160.0,2.0,1.0,33.51,2 BHK,2888.793103448276
Not Ready To Move,Channasandra,1500.0,3.0,1.0,61.95,3 BHK,4130.0
Ready To Move,Vaderahalli,1610.0,3.0,3.0,85.0,3 BHK,5279.503105590062
Ready To Move,Whitefield,1340.0,2.0,2.0,41.0,2 BHK,3059.7014925373132
Ready To Move,Sarjapur  Road,2275.0,4.0,2.0,182.0,3 BHK,8000.0
Ready To Move,Budigere,1162.0,2.0,1.0,58.0,2 BHK,4991.394148020654
Ready To Move,Manorayana Palya,1500.0,2.0,0.0,145.0,2 BHK,9666.666666666666
Ready To Move,Hiremath Layout,3150.0,3.0,1.0,135.0,4 BHK,4285.714285714285
Not Ready To Move,Hosa Road,1170.0,2.0,2.0,65.0,2 BHK,5555.555555555556
Ready To Move,Sarjapur  Road,980.0,2.0,1.0,25.0,2 BHK,2551.0204081632655
Ready To Move,Channasandra,1800.0,3.0,2.0,60.0,3 BHK,3333.3333333333335
Not Ready To Move,Banashankari Stage VI,1423.0,2.0,1.0,71.73,3 BHK,5040.758959943781
Ready To Move,Kaggadasapura,1106.0,2.0,3.0,40.0,2 BHK,3616.6365280289333
Ready To Move,Kereguddadahalli,1105.0,2.0,2.0,27.6,2 BHK,2497.737556561086
Ready To Move,Cunningham Road,7500.0,6.0,2.0,1800.0,4 BHK,24000.0
Ready To Move,Tirumanahalli,1255.0,2.0,1.0,56.7,2 BHK,4517.92828685259
Ready To Move,Sarjapur  Road,1525.0,2.0,2.0,65.0,3 BHK,4262.295081967213
Not Ready To Move,Babusapalaya,1061.0,2.0,1.0,38.95,2 BHK,3671.065032987748
Not Ready To Move,Hoskote near,600.0,2.0,2.0,29.5,2 BHK,4916.666666666667
Not Ready To Move,Electronic City Phase II,1400.0,2.0,2.0,40.45,3 BHK,2889.2857142857147
Ready To Move,Domlur,2100.0,3.0,2.0,145.0,3 BHK,6904.761904761905
Ready To Move,Electronic City,660.0,1.0,1.0,16.5,2 BHK,2500.0
Ready To Move,Kengeri,633.0,1.0,1.0,18.0,2 BHK,2843.6018957345973
Ready To Move,Indira Nagar,1260.0,2.0,3.0,120.0,2 BHK,9523.809523809523
Not Ready To Move,Hennur Road,2047.0,3.0,2.0,67.55,3 BHK,3299.9511480214946
Ready To Move,"Haralur Road, ",2597.0,4.0,3.0,189.0,4 BHK,7277.628032345014
Ready To Move,Bellandur,1211.0,2.0,1.0,63.0,2 BHK,5202.312138728324
Ready To Move,Hennur Road,1904.0,3.0,2.0,129.0,3 BHK,6775.210084033613
Not Ready To Move,Balagere,1205.0,2.0,1.0,73.87,2 BHK,6130.290456431535
Ready To Move,Yeshwanthpur,1164.0,2.0,2.0,64.08,2 BHK,5505.154639175258
Ready To Move,Mahaganapathy Nagar,1410.0,2.0,2.0,73.0,2 BHK,5177.304964539007
Ready To Move,Green View Layout,1150.0,2.0,1.0,42.0,2 BHK,3652.1739130434785
Not Ready To Move,Udayapur Village,1170.0,2.0,2.0,53.11,2 BHK,4539.316239316239
Ready To Move,Hennur,1420.0,2.0,1.0,62.0,2 BHK,4366.197183098591
Ready To Move,Panathur,1125.0,2.0,2.0,45.0,2 BHK,4000.0
Ready To Move,NRI Layout,1789.0,3.0,3.0,75.0,3 BHK,4192.286193404137
Ready To Move,Hulimavu,1021.0,2.0,1.0,76.0,2 BHK,7443.682664054848
Not Ready To Move,Ananth Nagar,1074.0,2.0,2.0,26.85,2 BHK,2500.0
Ready To Move,Kalena Agrahara,1222.0,2.0,3.0,48.0,2 BHK,3927.986906710311
Ready To Move,Hennur Road,1981.0,3.0,1.0,134.0,3 BHK,6764.260474507824
Ready To Move,Yelachenahalli,1103.0,2.0,2.0,55.0,2 BHK,4986.400725294651
Ready To Move,Adugodi,1201.0,2.0,1.0,65.0,2 BHK,5412.156536219817
Ready To Move,Sarjapur  Road,970.0,2.0,1.0,36.0,2 BHK,3711.340206185567
Ready To Move,Sarjapur,920.0,2.0,2.0,33.0,2 BHK,3586.9565217391305
Ready To Move,Yeshwanthpur,1520.0,3.0,3.0,85.0,3 BHK,5592.105263157895
Ready To Move,Chikkathoguru,675.0,3.0,2.0,75.0,3 BHK,11111.111111111111
Not Ready To Move,Sonnenahalli,1268.0,2.0,1.0,75.0,3 BHK,5914.826498422713
Ready To Move,Thippasandra,660.0,1.0,0.0,30.0,1 BHK,4545.454545454545
Ready To Move,Harlur,1755.0,3.0,2.0,115.0,3 BHK,6552.706552706552
Ready To Move,Hoskote,945.0,2.0,1.0,35.0,2 BHK,3703.703703703704
Not Ready To Move,8th Phase JP Nagar,500.0,1.0,1.0,33.0,1 BHK,6600.0
Ready To Move,Bommenahalli,1632.0,3.0,0.0,140.0,4 BHK,8578.43137254902
Ready To Move,Rachenahalli,1167.0,2.0,2.0,37.5,2 BHK,3213.367609254499
Ready To Move,Domlur,1276.0,2.0,2.0,80.0,2 BHK,6269.592476489028
Ready To Move,Thanisandra,1234.0,2.0,2.0,51.0,2 BHK,4132.90113452188
Ready To Move,Lakshminarayana Pura,1180.0,2.0,1.0,75.0,2 BHK,6355.932203389831
Ready To Move,ISRO Layout,1370.0,2.0,2.0,87.0,3 BHK,6350.36496350365
Not Ready To Move,Chandapura,1015.0,2.0,2.0,25.88,2 BHK,2549.753694581281
Ready To Move,Electronic City,1400.0,3.0,1.0,90.0,3 BHK,6428.571428571428
Ready To Move,Whitefield,1500.0,6.0,3.0,155.0,5 BHK,10333.333333333334
Ready To Move,Bagalakunte,1050.0,2.0,0.0,40.0,2 BHK,3809.5238095238096
Not Ready To Move,Ramagondanahalli,1251.0,2.0,1.0,46.0,2 BHK,3677.0583533173462
Ready To Move,Yeshwanthpur,1677.0,3.0,2.0,92.13,3 BHK,5493.738819320215
Not Ready To Move,Sarjapur  Road,1346.0,2.0,1.0,67.38,2 BHK,5005.94353640416
Not Ready To Move,Electronic City Phase II,1090.0,2.0,1.0,31.48,2 BHK,2888.0733944954127
Ready To Move,2nd Stage Nagarbhavi,1200.0,4.0,3.0,240.0,5 BHK,20000.0
Ready To Move,Kanakapura,1290.0,2.0,3.0,51.1,3 BHK,3961.2403100775196
Not Ready To Move,Rajaji Nagar,7514.0,7.0,2.0,1500.0,5 BHK,19962.736225712004
Ready To Move,Sarjapur  Road,1881.0,3.0,2.0,145.0,3 BHK,7708.665603402445
Ready To Move,Garudachar Palya,1150.0,2.0,2.0,52.0,2 BHK,4521.739130434783
Ready To Move,Sarjapur,2690.0,3.0,2.0,295.0,3 BHK,10966.542750929368
Ready To Move,Kanakpura Road,1200.0,2.0,2.0,42.0,3 BHK,3500.0
Ready To Move,Dairy Circle,2735.0,4.0,2.0,340.0,3 BHK,12431.44424131627
Ready To Move,Austin Town,950.0,2.0,0.0,65.0,2 BHK,6842.105263157895
Ready To Move,Bommasandra Industrial Area,1491.0,3.0,3.0,40.5,3 BHK,2716.2977867203217
Not Ready To Move,Ramamurthy Nagar,1050.0,2.0,1.0,51.66,2 BHK,4920.0
Not Ready To Move,Hoodi,1660.0,3.0,2.0,131.0,3 BHK,7891.566265060241
Ready To Move,Nagavarapalya,1134.0,2.0,2.0,55.0,2 BHK,4850.088183421517
Ready To Move,Hebbal,1100.0,2.0,1.0,60.0,2 BHK,5454.545454545455
Ready To Move,Magadi Road,800.0,4.0,2.0,60.0,4 BHK,7500.0
Not Ready To Move,Anekal,1200.0,2.0,1.0,36.1,2 BHK,3008.3333333333335
Ready To Move,Nagarbhavi,1200.0,4.0,3.0,240.0,4 BHK,20000.0
Ready To Move,kg halli jalhalli west,980.0,3.0,1.0,80.0,3 BHK,8163.265306122449
Ready To Move,Vasatha Vallbha Nagar,1080.0,2.0,1.0,37.8,2 BHK,3499.9999999999995
Ready To Move,CV Raman Nagar,705.0,2.0,1.0,50.0,1 BHK,7092.198581560284
Ready To Move,BAGUR ROAD,1200.0,2.0,2.0,35.0,3 BHK,2916.6666666666665
Ready To Move,Anandapura,1200.0,2.0,1.0,50.0,2 BHK,4166.666666666667
Not Ready To Move,Talaghattapura,1804.0,3.0,2.0,127.0,3 BHK,7039.911308203991
Ready To Move,Sidedahalli,750.0,2.0,0.0,20.0,2 BHK,2666.6666666666665
Ready To Move,Shanti Nagar,420.0,1.0,1.0,25.0,2 BHK,5952.380952380952
Ready To Move,Malleshwaram,2800.0,4.0,2.0,252.0,4 BHK,9000.0
Not Ready To Move,Battarahalli,1090.0,2.0,2.0,38.37,2 BHK,3520.1834862385317
Ready To Move,R.T. Nagar,1500.0,2.0,0.0,230.0,2 BHK,15333.333333333334
Ready To Move,Electronic City,1287.0,3.0,1.0,55.0,3 BHK,4273.504273504273
Ready To Move,Thigalarapalya,2215.0,4.0,2.0,157.0,3 BHK,7088.03611738149
Ready To Move,Kadubeesanahalli,2800.0,4.0,2.0,375.0,4 BHK,13392.857142857143
Ready To Move,Sarjapur  Road,1045.0,2.0,2.0,42.15,2 BHK,4033.492822966507
Not Ready To Move,Hormavu,1263.0,2.0,1.0,47.36,2 BHK,3749.802058590657
Ready To Move,Whitefield,1431.0,3.0,2.0,85.0,3 BHK,5939.902166317261
Ready To Move,Dommasandra,999.0,2.0,2.0,32.9,2 BHK,3293.293293293293
Ready To Move,Vittasandra,1650.0,3.0,2.0,85.5,3 BHK,5181.818181818182
Ready To Move,Lavakusha Nagar,1535.0,3.0,1.0,72.0,3 BHK,4690.553745928339
Not Ready To Move,Marathahalli,2524.0,5.0,2.0,180.0,4 BHK,7131.537242472266
Not Ready To Move,Kanakpura Road,1300.0,3.0,2.0,69.0,3 BHK,5307.692307692308
Ready To Move,1st Block HRBR Layout,600.0,3.0,2.0,125.0,3 BHK,20833.333333333332
Ready To Move,7th Phase JP Nagar,2095.0,3.0,2.0,150.0,3 BHK,7159.904534606205
Not Ready To Move,Ananth Nagar,500.0,1.0,1.0,14.0,1 BHK,2800.0
Ready To Move,Nallurhalli,1265.0,2.0,2.0,68.0,2 BHK,5375.494071146245
Ready To Move,Kudlu Gate,1215.0,2.0,1.0,44.96,2 BHK,3700.411522633745
Ready To Move,Yelahanka New Town,2200.0,2.0,0.0,180.0,2 BHK,8181.818181818182
Ready To Move,Electronics City Phase 1,1028.0,2.0,1.0,51.0,2 BHK,4961.089494163424
Ready To Move,Hegde Nagar,1835.0,2.0,2.0,92.0,3 BHK,5013.623978201635
Ready To Move,Munnekollal,1800.0,3.0,3.0,65.0,3 BHK,3611.1111111111113
Not Ready To Move,1st Phase JP Nagar,2077.0,3.0,3.0,175.0,3 BHK,8425.613866153106
Ready To Move,Sarjapur  Road,2880.0,3.0,2.0,211.0,4 BHK,7326.388888888889
Ready To Move,Dasanapura,708.0,2.0,1.0,31.15,2 BHK,4399.717514124294
Ready To Move,Basavangudi,1200.0,2.0,3.0,120.0,2 BHK,10000.0
Ready To Move,Hosakerehalli,925.0,2.0,1.0,46.25,2 BHK,5000.0
Not Ready To Move,Bannerghatta Road,2826.0,3.0,1.0,148.0,3 BHK,5237.0842179759375
Ready To Move,Annasandrapalya,3500.0,4.0,0.0,150.0,4 BHK,4285.714285714285
Ready To Move,Bileshivale,5400.0,4.0,2.0,250.0,4 BHK,4629.62962962963
Ready To Move,9th Block Jayanagar,1000.0,5.0,2.0,200.0,4 BHK,20000.0
Ready To Move,Amruthahalli,1450.0,2.0,1.0,90.0,3 BHK,6206.896551724138
Ready To Move,Kasavanhalli,1100.0,2.0,1.0,65.0,2 BHK,5909.090909090909
Ready To Move,Kadubeesanahalli,1185.0,2.0,3.0,55.0,2 BHK,4641.350210970464
Ready To Move,9th Phase JP Nagar,1900.0,4.0,2.0,80.0,4 BHK,4210.526315789473
Ready To Move,TC Palaya,1200.0,2.0,1.0,70.0,2 BHK,5833.333333333333
Not Ready To Move,Shettigere,660.0,1.0,1.0,35.0,1 BHK,5303.030303030303
Ready To Move,Ambedkar Nagar,1920.0,4.0,2.0,121.0,3 BHK,6302.083333333333
Ready To Move,Jalahalli,1200.0,2.0,0.0,130.0,2 BHK,10833.333333333334
Ready To Move,Sarjapur  Road,3418.0,4.0,2.0,222.0,4 BHK,6495.026331187829
Ready To Move,1st Phase JP Nagar,4550.0,2.0,1.0,240.0,4 BHK,5274.725274725275
Not Ready To Move,Bhoganhalli,1205.0,2.0,1.0,68.32,2 BHK,5669.709543568464
Ready To Move,Haralur Road,1200.0,2.0,2.0,46.0,2 BHK,3833.3333333333335
Ready To Move,Akshaya Nagar,1421.0,2.0,2.0,73.0,3 BHK,5137.227304714989
Not Ready To Move,6th Phase JP Nagar,1250.0,3.0,3.0,48.9,3 BHK,3912.0
Not Ready To Move,Whitefield,524.0,1.0,1.0,29.0,1 BHK,5534.3511450381675
Ready To Move,HSR Layout,4200.0,5.0,2.0,245.0,5 BHK,5833.333333333333
Ready To Move,Thubarahalli,1540.0,3.0,2.0,90.0,3 BHK,5844.1558441558445
Not Ready To Move,Sarjapur  Road,984.0,2.0,1.0,45.91,2 BHK,4665.650406504065
Not Ready To Move,Rachenahalli,985.0,2.0,1.0,50.17,2 BHK,5093.401015228426
Not Ready To Move,Whitefield,2830.0,4.0,3.0,161.0,4 BHK,5689.04593639576
Ready To Move,Byrasandra,1140.0,2.0,3.0,60.0,2 BHK,5263.1578947368425
Ready To Move,5th Block Hbr Layout,3600.0,5.0,3.0,130.0,5 BHK,3611.1111111111113
Ready To Move,Begur Road,1410.0,2.0,3.0,44.42,3 BHK,3150.354609929078
Ready To Move,Raja Rajeshwari Nagar,1700.0,2.0,2.0,86.0,3 BHK,5058.823529411765
Ready To Move,Electronic City,1800.0,3.0,2.0,700.0,4 BHK,38888.88888888889
Not Ready To Move,Dasarahalli,1333.0,2.0,1.0,86.65,2 BHK,6500.375093773443
Ready To Move,Electronic City,1258.0,2.0,1.0,85.5,2 BHK,6796.502384737679
Ready To Move,Dodda Nekkundi Extension,1458.0,2.0,2.0,87.0,3 BHK,5967.078189300411
Ready To Move,Electronic City,1386.0,2.0,1.0,85.0,2 BHK,6132.7561327561325
Not Ready To Move,Electronic City Phase II,1140.0,2.0,1.0,32.92,2 BHK,2887.719298245614
Ready To Move,Lakshminarayana Pura,1200.0,2.0,3.0,83.0,2 BHK,6916.666666666667
Ready To Move,Belathur,1081.0,2.0,1.0,39.0,2 BHK,3607.7705827937093
Ready To Move,Whitefield,2135.0,3.0,2.0,149.0,4 BHK,6978.922716627635
Not Ready To Move,Whitefield,2500.0,4.0,0.0,100.0,4 BHK,4000.0
Ready To Move,Pampa Extension,1178.0,2.0,1.0,80.0,2 BHK,6791.171477079796
Ready To Move, Devarachikkanahalli,991.0,2.0,2.0,40.0,2 BHK,4036.326942482341
Ready To Move,Gottigere,1493.0,2.0,3.0,90.0,3 BHK,6028.131279303416
Ready To Move,Subramanyapura,2495.0,3.0,3.0,130.0,3 BHK,5210.420841683367
Ready To Move,Kammasandra,1080.0,2.0,1.0,31.99,2 BHK,2962.037037037037
Ready To Move,Dasanapura,814.0,2.0,1.0,53.0,2 BHK,6511.056511056511
Ready To Move,Electronic City,1025.0,2.0,1.0,50.0,2 BHK,4878.048780487805
Not Ready To Move,Bannerghatta Road,1115.0,2.0,1.0,61.0,2 BHK,5470.85201793722
Ready To Move,Whitefield,3075.0,2.0,3.0,188.0,4 BHK,6113.821138211382
Ready To Move,Whitefield,1760.0,3.0,2.0,160.0,3 BHK,9090.90909090909
Ready To Move,Marathahalli,3090.0,4.0,2.0,350.0,4 BHK,11326.860841423948
Ready To Move,Varsova Layout,2700.0,4.0,3.0,295.0,4 BHK,10925.925925925925
Ready To Move,Hanumanth Nagar,1175.0,2.0,2.0,52.86,2 BHK,4498.723404255319
Not Ready To Move,Hebbal,4235.0,5.0,3.0,364.0,4 BHK,8595.04132231405
Ready To Move,KR Puram,1100.0,2.0,2.0,45.0,2 BHK,4090.909090909091
Ready To Move,Banashankari,1450.0,2.0,2.0,50.75,2 BHK,3500.0
Ready To Move,6th Phase JP Nagar,1810.0,3.0,3.0,131.0,3 BHK,7237.5690607734805
Ready To Move,Gunjur Palya,1426.0,2.0,3.0,71.0,3 BHK,4978.962131837307
Ready To Move,Sector 7 HSR Layout,2400.0,2.0,3.0,195.0,3 BHK,8125.0
Ready To Move,Kalyan nagar,1100.0,2.0,1.0,70.0,2 BHK,6363.636363636364
Ready To Move,Electronic City Phase II,650.0,1.0,1.0,35.0,1 BHK,5384.615384615385
Not Ready To Move,Old Madras Road,1350.0,3.0,2.0,47.25,3 BHK,3500.0
Not Ready To Move,Kaikondrahalli,900.0,2.0,1.0,27.0,2 BHK,3000.0
Ready To Move,Billekahalli,1360.0,2.0,3.0,110.0,2 BHK,8088.235294117647
Ready To Move,Yeshwanthpur,674.0,1.0,1.0,36.85,1 BHK,5467.359050445104
Not Ready To Move,Whitefield,1655.0,3.0,2.0,110.0,3 BHK,6646.525679758308
Ready To Move,Cholanayakanahalli,1300.0,2.0,2.0,95.0,2 BHK,7307.692307692308
Not Ready To Move,"Panathur Road, ",936.0,1.0,0.0,53.0,1 BHK,5662.393162393162
Ready To Move,Kaverappa Layout,1277.0,2.0,2.0,92.0,2 BHK,7204.385277995301
Ready To Move,Gkvk Layout,1200.0,2.0,1.0,54.0,2 BHK,4500.0
Ready To Move,Hormavu,1015.0,2.0,1.0,39.08,2 BHK,3850.246305418719
Ready To Move,Budigere,1153.0,2.0,2.0,60.0,2 BHK,5203.816131830009
Ready To Move,Kengeri,1035.0,2.0,1.0,51.5,2 BHK,4975.84541062802
Ready To Move,KR Puram,3300.0,3.0,1.0,255.0,5 BHK,7727.272727272727
Ready To Move,Uttarahalli,1150.0,2.0,1.0,46.0,2 BHK,4000.0
Ready To Move,Malleshwaram,1020.0,2.0,1.0,80.0,2 BHK,7843.137254901961
Ready To Move,8th Phase JP Nagar,1160.0,2.0,1.0,95.0,2 BHK,8189.6551724137935
Ready To Move,Bisuvanahalli,1075.0,2.0,1.0,31.0,3 BHK,2883.720930232558
Ready To Move,Brookefield,1225.0,2.0,2.0,72.0,2 BHK,5877.551020408163
Ready To Move,Benson Town,5000.0,5.0,3.0,950.0,4 BHK,19000.0
Ready To Move,Vivek Nagar,1600.0,2.0,1.0,160.0,2 BHK,10000.0
Ready To Move,Malleshwaram,600.0,1.0,0.0,90.0,2 BHK,15000.0
Ready To Move,Nagappa Reddy Layout,1350.0,3.0,2.0,60.0,3 BHK,4444.444444444444
Not Ready To Move,Kanakpura Road,1300.0,3.0,1.0,69.0,3 BHK,5307.692307692308
Not Ready To Move,Channasandra,830.0,2.0,1.0,36.28,2 BHK,4371.084337349397
Ready To Move,Hennur Road,1155.0,2.0,1.0,69.18,2 BHK,5989.6103896103905
Ready To Move,Sarakki Nagar,3126.0,5.0,3.0,345.0,4 BHK,11036.468330134358
Ready To Move,Jalahalli,905.0,2.0,2.0,55.0,2 BHK,6077.348066298343
Ready To Move,Vijayanagar,1375.0,2.0,0.0,75.0,3 BHK,5454.545454545455
Not Ready To Move,Electronic City,1140.0,2.0,2.0,33.84,2 BHK,2968.421052631579
Ready To Move,Hormavu,1550.0,2.0,2.0,60.0,3 BHK,3870.967741935484
Ready To Move,Kannamangala,957.0,2.0,1.0,55.0,2 BHK,5747.126436781609
Ready To Move,9th Phase JP Nagar,890.0,2.0,2.0,45.0,2 BHK,5056.179775280899
Ready To Move,KR Puram,3000.0,4.0,2.0,235.0,4 BHK,7833.333333333333
Ready To Move,Electronic City,1070.0,2.0,1.0,55.0,2 BHK,5140.186915887851
Ready To Move,Bendiganahalli,2400.0,5.0,1.0,150.0,5 BHK,6250.0
Ready To Move,Domlur Layout,2400.0,4.0,2.0,595.0,4 BHK,24791.666666666668
Ready To Move,Rachenahalli,925.0,2.0,1.0,37.0,2 BHK,4000.0
Ready To Move,Kammasandra,1415.0,2.0,2.0,60.0,2 BHK,4240.282685512368
Ready To Move,Mylasandra,500.0,2.0,0.0,80.0,1 BHK,16000.0
Ready To Move,Thanisandra,1225.0,2.0,1.0,37.0,2 BHK,3020.408163265306
Ready To Move,Hennur Road,2000.0,4.0,0.0,90.0,4 BHK,4500.0
Not Ready To Move,Whitefield,840.0,1.0,1.0,57.0,1 BHK,6785.714285714285
Not Ready To Move,Thanisandra,1732.0,3.0,1.0,112.0,3 BHK,6466.512702078522
Ready To Move,Parappana Agrahara,1200.0,1.0,0.0,45.0,1 BHK,3750.0
Ready To Move,Bhoganhalli,1260.0,2.0,1.0,69.9,2 BHK,5547.619047619049
Ready To Move,Doddanakundi Industrial Area 2,1092.0,2.0,1.0,49.0,2 BHK,4487.179487179487
Ready To Move,Kachanayakanahalli,827.0,2.0,0.0,34.0,2 BHK,4111.24546553809
Ready To Move,Horamavu Banaswadi,1357.0,2.0,2.0,54.0,2 BHK,3979.3662490788506
Ready To Move,Chamrajpet,650.0,1.0,1.0,40.0,2 BHK,6153.846153846154
Ready To Move,7th Phase JP Nagar,1370.0,2.0,1.0,54.79,3 BHK,3999.2700729927005
Ready To Move,Whitefield,1725.0,3.0,2.0,106.0,3 BHK,6144.927536231884
Ready To Move,Jalahalli,1000.0,2.0,0.0,70.0,2 BHK,7000.0
Ready To Move,TC Palaya,1350.0,1.0,0.0,55.0,1 BHK,4074.074074074074
Ready To Move,7th Phase JP Nagar,3200.0,4.0,2.0,350.0,4 BHK,10937.5
Ready To Move,Bellandur,1717.0,3.0,2.0,110.0,3 BHK,6406.523005241701
Not Ready To Move,Kanakpura Road,700.0,2.0,1.0,34.0,2 BHK,4857.142857142857
Ready To Move,Shanthi Pura,800.0,2.0,1.0,32.0,2 BHK,4000.0
Ready To Move,Rajaji Nagar,2367.0,4.0,3.0,340.0,3 BHK,14364.17405999155
Ready To Move,Sonnenahalli,1415.0,2.0,1.0,65.0,3 BHK,4593.639575971732
Not Ready To Move,7th Phase JP Nagar,1976.0,3.0,1.0,145.0,3 BHK,7338.056680161943
Ready To Move,Kambipura,883.0,2.0,1.0,37.01,2 BHK,4191.392978482446
Ready To Move,Yelahanka,700.0,1.0,1.0,38.0,1 BHK,5428.571428571428
Ready To Move,Sarjapur,1445.0,3.0,1.0,50.0,3 BHK,3460.2076124567475
Not Ready To Move,Battarahalli,2082.0,3.0,2.0,104.0,3 BHK,4995.1969260326605
Ready To Move,HSR Layout,1140.0,2.0,2.0,46.0,2 BHK,4035.0877192982457
Ready To Move,Thanisandra,933.0,2.0,1.0,66.0,2 BHK,7073.954983922829
Ready To Move,NRI Layout,800.0,5.0,1.0,95.5,4 BHK,11937.5
Ready To Move,Electronic City Phase II,1155.0,2.0,1.0,57.0,2 BHK,4935.064935064935
Ready To Move,Whitefield,1130.0,2.0,1.0,36.0,2 BHK,3185.8407079646017
Ready To Move,Bannerghatta,1200.0,2.0,2.0,73.2,2 BHK,6100.0
Ready To Move,Basaveshwara Nagar Yelahanka,1055.0,2.0,1.0,43.0,2 BHK,4075.829383886256
Ready To Move,Rajaji Nagar,1555.0,3.0,2.0,125.0,3 BHK,8038.585209003216
Ready To Move,Bellandur,1420.0,3.0,2.0,62.0,3 BHK,4366.197183098591
Not Ready To Move,Viviani Road,2214.0,3.0,2.0,350.0,3 BHK,15808.491418247515
Not Ready To Move,Devanahalli,658.0,1.0,1.0,26.91,1 BHK,4089.665653495441
Not Ready To Move,Bhoganhalli,896.9,2.0,1.0,78.74,2 BHK,8779.128107927305
Ready To Move,Giri Nagar,4000.0,3.0,2.0,750.0,4 BHK,18750.0
Ready To Move,KR Puram,1035.0,2.0,2.0,40.0,2 BHK,3864.7342995169083
Ready To Move,Whitefield,2064.0,5.0,2.0,225.0,4 BHK,10901.162790697674
Ready To Move,Keshava Nagar,1839.0,3.0,3.0,160.0,3 BHK,8700.380641653072
Ready To Move,Begur Road,1200.0,2.0,2.0,44.0,2 BHK,3666.6666666666665
Ready To Move,Yelahanka New Town,488.0,1.0,1.0,20.0,1 BHK,4098.360655737705
Ready To Move,Banashankari Stage II,1200.0,2.0,1.0,198.0,3 BHK,16500.0
Ready To Move,Sampangirama Nagar,2760.0,5.0,2.0,140.0,5 BHK,5072.463768115942
Ready To Move,Gunjur Palya,993.0,2.0,2.0,42.0,2 BHK,4229.607250755287
Ready To Move,Hoodi,1225.0,2.0,1.0,45.0,2 BHK,3673.469387755102
Ready To Move,TC Palaya,900.0,2.0,0.0,55.0,2 BHK,6111.111111111111
Ready To Move,Sompura,825.0,2.0,1.0,32.0,2 BHK,3878.787878787879
Ready To Move,Bellandur,3596.0,4.0,2.0,359.0,4 BHK,9983.314794215796
Ready To Move,Electronic City Phase II,1800.0,3.0,3.0,92.0,3 BHK,5111.111111111111
Ready To Move,Shankarapuram,925.0,2.0,1.0,100.0,2 BHK,10810.81081081081
Not Ready To Move,Kanakpura Road,1167.0,2.0,1.0,63.0,2 BHK,5398.457583547558
Ready To Move,Sarjapur,1150.0,2.0,1.0,41.0,2 BHK,3565.217391304348
Not Ready To Move,Byatarayanapura,650.0,1.0,1.0,50.0,1 BHK,7692.307692307692
Ready To Move,Sarjapur  Road,675.0,1.0,1.0,27.0,1 BHK,4000.0
Ready To Move,Doctor Layout Rayasandra,2260.0,3.0,1.0,90.0,2 BHK,3982.3008849557523
Ready To Move,Whitefield,4800.0,4.0,2.0,600.0,3 BHK,12500.0
Ready To Move,Yelahanka New Town,1100.0,2.0,1.0,58.0,2 BHK,5272.727272727273
Ready To Move,Pillanna Gardens,550.0,1.0,1.0,20.0,2 BHK,3636.3636363636365
Ready To Move,Uttarahalli,1330.0,2.0,1.0,58.0,3 BHK,4360.902255639097
Ready To Move,Koramangala,1320.0,2.0,1.0,160.0,2 BHK,12121.212121212122
Ready To Move,Ulsoor,1685.0,4.0,2.0,185.0,3 BHK,10979.228486646884
Not Ready To Move,Banashankari,1770.0,3.0,3.0,108.0,3 BHK,6101.6949152542375
Ready To Move,Prithvi Layout,2100.0,3.0,3.0,125.0,3 BHK,5952.380952380952
Ready To Move,Pai Layout,1000.0,2.0,3.0,42.0,2 BHK,4200.0
Ready To Move,Banashankari Stage VI,600.0,5.0,1.0,105.0,4 BHK,17500.0
Ready To Move,Ramamurthy Nagar,2916.0,5.0,1.0,230.0,4 BHK,7887.517146776406
Ready To Move,Kanakpura Road,1419.59,2.0,1.0,65.0,3 BHK,4578.786832817927
Ready To Move,Kodihalli,1400.0,3.0,2.0,81.0,3 BHK,5785.714285714285
Ready To Move,Horamavu Agara,750.0,2.0,1.0,37.49,2 BHK,4998.666666666667
Ready To Move,Bannerghatta,1070.0,2.0,1.0,87.0,2 BHK,8130.841121495327
Not Ready To Move,Kannamangala,1536.0,3.0,1.0,107.0,3 BHK,6966.145833333333
Ready To Move,Koramangala,1710.0,3.0,2.0,210.0,3 BHK,12280.701754385966
Ready To Move,JP Nagar,2400.0,3.0,3.0,196.0,3 BHK,8166.666666666667
Not Ready To Move,Electronic City,1342.0,2.0,1.0,72.0,2 BHK,5365.126676602086
Ready To Move,Chandra Layout,1600.0,3.0,2.0,130.0,3 BHK,8125.0
Not Ready To Move,Kanakapura,938.0,1.0,1.0,50.0,1 BHK,5330.490405117271
Ready To Move,Budigere,1820.0,3.0,2.0,99.0,3 BHK,5439.56043956044
Ready To Move,Bhoganhalli,2439.0,4.0,3.0,170.0,4 BHK,6970.069700697007
Ready To Move,Kanakpura Road,1665.0,3.0,2.0,78.0,3 BHK,4684.684684684685
Ready To Move,Basavangudi,1850.0,3.0,2.0,150.0,3 BHK,8108.108108108108
Ready To Move,Bommanahalli,1091.0,2.0,1.0,40.0,2 BHK,3666.3611365719526
Not Ready To Move,Sarjapur  Road,1346.0,2.0,1.0,74.03,2 BHK,5500.0
Ready To Move,Rajaji Nagar,1720.0,3.0,2.0,224.0,3 BHK,13023.255813953489
Ready To Move,Brookefield,3675.0,4.0,3.0,176.0,4 BHK,4789.115646258503
Not Ready To Move,JP Nagar,1060.0,2.0,2.0,33.95,2 BHK,3202.8301886792456
Not Ready To Move,Whitefield,1059.0,2.0,1.0,57.0,2 BHK,5382.43626062323
Ready To Move,Hebbal,1299.0,2.0,1.0,97.0,2 BHK,7467.282525019245
Ready To Move,Yelahanka,1491.0,3.0,2.0,85.0,3 BHK,5700.871898054997
Ready To Move,Basaveshwara Nagar,1200.0,2.0,2.0,85.0,2 BHK,7083.333333333333
Ready To Move,Yelahanka,2088.0,5.0,0.0,110.0,4 BHK,5268.199233716475
Ready To Move,Hulimavu,581.0,1.0,1.0,29.0,1 BHK,4991.394148020654
Ready To Move, Devarabeesana Halli,1296.0,2.0,2.0,70.0,2 BHK,5401.234567901234
Ready To Move,Doctors Layout,1125.0,2.0,1.0,55.0,2 BHK,4888.888888888889
Ready To Move,Electronic City,1275.0,3.0,1.0,70.0,3 BHK,5490.196078431372
Ready To Move,Kothanur,1095.0,2.0,2.0,55.0,2 BHK,5022.83105022831
Ready To Move,Sarjapur  Road,10000.0,4.0,2.0,975.0,5 BHK,9750.0
Ready To Move,Old Madras Road,1330.0,2.0,2.0,74.0,2 BHK,5563.909774436091
Ready To Move,Marathahalli,1135.0,2.0,2.0,60.0,2 BHK,5286.343612334802
Ready To Move,Whitefield,516.0,1.0,1.0,39.0,1 BHK,7558.139534883721
Ready To Move,Doddanakundi Industrial Area 2,1194.0,2.0,1.0,51.0,2 BHK,4271.356783919598
Ready To Move,Banaswadi,2250.0,5.0,2.0,240.0,5 BHK,10666.666666666666
Ready To Move,Electronic City,770.0,1.0,1.0,38.0,2 BHK,4935.064935064935
Ready To Move,Sarjapur  Road,3930.0,5.0,2.0,330.0,4 BHK,8396.946564885497
Not Ready To Move,Chikkalasandra,1355.0,3.0,2.0,54.2,3 BHK,4000.0
Ready To Move,Harlur,2569.0,4.0,1.0,175.0,4 BHK,6811.989100817439
Ready To Move,Hebbal,3758.0,4.0,2.0,450.0,4 BHK,11974.454497072911
Ready To Move,Whitefield,1116.0,2.0,3.0,51.91,2 BHK,4651.433691756272
Ready To Move,Bhoganhalli,1707.0,3.0,2.0,115.0,3 BHK,6736.965436438196
Not Ready To Move,AECS LAYOUT A-BLOCK Singasandra,1200.0,5.0,1.0,225.0,5 BHK,18750.0
Ready To Move,Sultan Palaya,1070.0,2.0,2.0,49.0,2 BHK,4579.439252336449
Ready To Move,Whitefield,6000.0,4.0,2.0,410.0,4 BHK,6833.333333333333
Not Ready To Move,Tumkur Road,1240.0,2.0,1.0,83.0,3 BHK,6693.548387096775
Not Ready To Move,JP Nagar,1300.0,2.0,1.0,91.65,2 BHK,7050.0
Ready To Move,Ambalipura,1700.0,2.0,2.0,76.0,2 BHK,4470.588235294118
Ready To Move,Yeshwanthpur,1383.0,2.0,2.0,76.18,3 BHK,5508.315256688359
Ready To Move,Banashankari Stage I,3000.0,4.0,3.0,170.0,5 BHK,5666.666666666667
Not Ready To Move,Electronic City,1200.0,2.0,1.0,34.65,2 BHK,2887.5
Ready To Move,Hulimavu,935.0,2.0,3.0,45.0,2 BHK,4812.834224598931
Ready To Move,Thigalarapalya,2072.0,4.0,2.0,151.0,3 BHK,7287.644787644787
Ready To Move,Ramanjaneyanagar,2200.0,3.0,1.0,225.0,4 BHK,10227.272727272728
Ready To Move,Jalahalli,615.0,1.0,1.0,46.0,1 BHK,7479.674796747968
Ready To Move,KR Puram,1116.0,2.0,1.0,45.0,2 BHK,4032.2580645161293
Not Ready To Move,Whitefield,1639.0,3.0,2.0,107.0,3 BHK,6528.370957901159
Ready To Move,Marathahalli,1839.0,3.0,2.0,130.0,3 BHK,7069.0592713431215
Ready To Move,Byatarayanapura,1300.0,2.0,2.0,63.0,2 BHK,4846.153846153846
Ready To Move,Horamavu Agara,625.0,1.0,1.0,27.0,1 BHK,4320.0
Not Ready To Move,Thanisandra,933.0,1.0,1.0,61.0,1 BHK,6538.049303322615
Ready To Move,Hosur Road,2289.0,3.0,3.0,180.0,3 BHK,7863.695937090432
Ready To Move,Ramamurthy Nagar,2316.0,3.0,0.0,125.0,3 BHK,5397.2366148531955
Not Ready To Move,Electronic City,1005.0,2.0,1.0,39.77,2 BHK,3957.213930348259
Ready To Move,Horamavu Agara,1080.0,2.0,1.0,38.0,2 BHK,3518.5185185185187
Ready To Move,Vishwapriya Layout,910.0,2.0,3.0,36.0,2 BHK,3956.043956043956
Ready To Move,Hormavu,1200.0,2.0,0.0,73.0,2 BHK,6083.333333333333
Ready To Move,Electronic City,1110.0,2.0,1.0,39.9,2 BHK,3594.5945945945946
Ready To Move,Kothanur,1142.0,2.0,2.0,56.0,2 BHK,4903.6777583187395
Ready To Move,2nd Stage Nagarbhavi,4000.0,4.0,3.0,240.0,5 BHK,6000.0
Not Ready To Move,Hormavu,1800.0,3.0,1.0,204.0,3 BHK,11333.333333333334
Ready To Move,AECS Layout,1005.0,2.0,1.0,55.0,2 BHK,5472.636815920398
Not Ready To Move,3rd Block Banashankari,1626.6,3.0,1.0,133.0,3 BHK,8176.564613303824
Ready To Move,Kothanur,1074.0,2.0,2.0,54.0,2 BHK,5027.932960893855
Ready To Move,Basavangudi,1230.0,2.0,0.0,80.0,2 BHK,6504.065040650406
Ready To Move,Electronic City,660.0,1.0,1.0,23.0,2 BHK,3484.848484848485
Ready To Move,Coconut Grove Layout,1007.0,2.0,2.0,48.0,2 BHK,4766.633565044687
Ready To Move,2nd Block Hrbr Layout,1050.0,6.0,1.0,74.0,4 BHK,7047.619047619048
Not Ready To Move,Whitefield,1820.0,3.0,2.0,113.0,3 BHK,6208.791208791209
Ready To Move,Basapura,1100.0,2.0,1.0,60.0,2 BHK,5454.545454545455
Ready To Move,Anjappa Layout,1348.0,2.0,0.0,100.0,2 BHK,7418.39762611276
Ready To Move,Kasavanhalli,1230.0,2.0,2.0,66.25,2 BHK,5386.178861788618
Not Ready To Move,Horamavu Agara,1176.0,2.0,1.0,37.62,3 BHK,3198.9795918367345
Ready To Move,Uttarahalli,1590.0,3.0,2.0,57.0,3 BHK,3584.9056603773583
Ready To Move,Frazer Town,1200.0,2.0,1.0,78.0,2 BHK,6500.0
Not Ready To Move,"Off Sarjapur Road, ",1298.0,2.0,1.0,65.0,2 BHK,5007.704160246533
Not Ready To Move,Hosa Road,1161.0,2.0,1.0,55.15,2 BHK,4750.215331610681
Ready To Move,Himagiri Meadows,1350.0,4.0,0.0,175.0,4 BHK,12962.962962962964
Ready To Move,4th Block HBR Layout,1200.0,5.0,2.0,138.0,5 BHK,11500.0
Ready To Move,Kothanur,1285.0,2.0,1.0,60.0,2 BHK,4669.260700389105
Not Ready To Move,Electronic City,1644.0,3.0,2.0,92.59,3 BHK,5631.995133819952
Ready To Move,Kasavanhalli,1819.0,3.0,1.0,150.0,3 BHK,8246.289169873557
Ready To Move,1st Phase JP Nagar,1205.0,2.0,1.0,85.0,2 BHK,7053.941908713693
Ready To Move,Basavangudi,2350.0,3.0,3.0,300.0,3 BHK,12765.95744680851
Ready To Move,Uttarahalli,1050.0,2.0,1.0,42.0,2 BHK,4000.0
Ready To Move,Raja Rajeshwari Nagar,1270.0,2.0,2.0,62.0,2 BHK,4881.889763779527
Not Ready To Move,9th Phase JP Nagar,1240.0,2.0,2.0,39.89,3 BHK,3216.935483870968
Ready To Move,Jigani,1221.0,3.0,3.0,70.0,3 BHK,5733.005733005733
Ready To Move,Hoysalanagar,840.0,2.0,2.0,35.0,3 BHK,4166.666666666667
Ready To Move,Kanakpura Road,1339.0,2.0,2.0,63.0,2 BHK,4705.003734129948
Ready To Move,Thigalarapalya,4303.0,5.0,2.0,300.0,4 BHK,6971.880083662561
Ready To Move,Haralur Road,1315.0,2.0,1.0,85.0,2 BHK,6463.878326996198
Ready To Move,Raja Rajeshwari Nagar,1250.0,2.0,2.0,68.0,2 BHK,5440.0
Ready To Move,Bisuvanahalli,850.0,2.0,1.0,27.0,2 BHK,3176.470588235294
Ready To Move,7th Phase JP Nagar,1600.0,2.0,2.0,110.0,3 BHK,6875.0
Ready To Move,Electronic City,1250.0,2.0,1.0,62.0,2 BHK,4960.0
Ready To Move,Motappa Layout,1312.0,2.0,1.0,56.5,3 BHK,4306.40243902439
Ready To Move,Kadugodi,3000.0,4.0,0.0,134.0,4 BHK,4466.666666666667
Ready To Move,Electronic City Phase II,1300.0,2.0,2.0,28.0,2 BHK,2153.846153846154
Ready To Move,Whitefield,1990.0,3.0,3.0,98.0,3 BHK,4924.62311557789
Ready To Move,Medahalli,760.0,2.0,2.0,38.5,2 BHK,5065.789473684211
Ready To Move,Ambedkar Nagar,5000.0,4.0,2.0,536.0,4 BHK,10720.0
Ready To Move,Kadugodi,1614.0,2.0,2.0,59.0,3 BHK,3655.5142503097895
Ready To Move,Judicial Layout,1500.0,3.0,2.0,162.0,4 BHK,10800.0
Ready To Move,Basava Nagar,1182.0,2.0,1.0,60.1,3 BHK,5084.602368866328
Ready To Move,Avalahalli,1053.0,2.0,1.0,46.29,2 BHK,4396.011396011396
Ready To Move,6th Phase JP Nagar,750.0,1.0,1.0,105.0,1 BHK,14000.0
Ready To Move,Gubbalala,2000.0,3.0,3.0,125.0,3 BHK,6250.0
Not Ready To Move,Electronic City Phase II,1940.0,4.0,3.0,116.0,3 BHK,5979.381443298969
Not Ready To Move,Hennur Road,1590.0,3.0,2.0,105.0,3 BHK,6603.773584905661
Not Ready To Move,Chennammana Kere,1035.0,2.0,2.0,52.79,2 BHK,5100.48309178744
Ready To Move,Kothanur,1075.0,2.0,2.0,53.0,2 BHK,4930.232558139535
Ready To Move,TC Palaya,900.0,2.0,0.0,55.0,2 BHK,6111.111111111111
Ready To Move,Raja Rajeshwari Nagar,1260.0,2.0,1.0,62.0,3 BHK,4920.6349206349205
Ready To Move,Thanisandra,1702.0,3.0,2.0,107.0,3 BHK,6286.721504112808
Ready To Move,Bisuvanahalli,1080.0,2.0,2.0,65.0,3 BHK,6018.518518518518
Ready To Move,Kasavanhalli,1189.0,2.0,1.0,45.0,2 BHK,3784.6930193439866
Ready To Move,Tumkur Road,1035.0,2.0,1.0,39.0,2 BHK,3768.1159420289855
Not Ready To Move,Hennur Road,1200.0,2.0,1.0,36.0,2 BHK,3000.0
Ready To Move,Michael Palaya,1200.0,3.0,0.0,200.0,3 BHK,16666.666666666668
Not Ready To Move,Kanakpura Road,1300.0,3.0,1.0,69.0,3 BHK,5307.692307692308
Not Ready To Move,Yelahanka,1330.0,2.0,1.0,93.65,2 BHK,7041.353383458647
Ready To Move,Kaggalipura,1210.0,2.0,1.0,65.0,3 BHK,5371.900826446281
Ready To Move,Chikkalasandra,1350.0,2.0,2.0,54.2,3 BHK,4014.814814814815
Ready To Move,Kaval Byrasandra,1900.0,2.0,2.0,65.0,3 BHK,3421.0526315789475
Ready To Move,Ambedkar Nagar,1935.0,4.0,2.0,125.0,3 BHK,6459.948320413437
Ready To Move,Doddanakundi Industrial Area 2,1410.0,3.0,3.0,90.0,3 BHK,6382.978723404255
Ready To Move,Narayanapura,1469.0,2.0,2.0,99.14,2 BHK,6748.8087134104835
Ready To Move,Varthur,986.0,2.0,1.0,30.0,2 BHK,3042.5963488843813
Ready To Move,RBI Layout,1460.0,2.0,2.0,87.0,3 BHK,5958.904109589041
Not Ready To Move,Chandra Layout,1260.0,2.0,2.0,85.05,3 BHK,6750.0
Ready To Move,Chandapura,1345.0,2.0,2.0,39.5,3 BHK,2936.8029739776953
Ready To Move,Panathur,980.0,2.0,1.0,57.0,2 BHK,5816.326530612245
Ready To Move,Kudlu Gate,1164.0,2.0,2.0,75.0,2 BHK,6443.298969072165
Ready To Move,Subramanyapura,929.0,1.0,2.0,51.0,2 BHK,5489.773950484392
Ready To Move,Kundalahalli,1065.0,2.0,1.0,70.0,2 BHK,6572.769953051643
Ready To Move,Lakshmiamma Garden,3000.0,3.0,1.0,265.0,3 BHK,8833.333333333334
Not Ready To Move,Electronic City,1020.0,2.0,1.0,30.27,2 BHK,2967.6470588235293
Ready To Move,Gunjur,1362.0,3.0,1.0,62.63,3 BHK,4598.384728340676
Ready To Move,Yeshwanthpur,672.0,1.0,1.0,36.85,1 BHK,5483.630952380952
Ready To Move,Brookefield,1746.0,3.0,3.0,115.0,3 BHK,6586.483390607102
Not Ready To Move,Electronic City,1025.0,2.0,1.0,29.6,2 BHK,2887.8048780487807
Ready To Move,Harlur,1532.0,2.0,1.0,65.0,2 BHK,4242.819843342037
Ready To Move,Guni Agrahara,1200.0,2.0,2.0,120.0,3 BHK,10000.0
Ready To Move,Ganga Nagar,1250.0,2.0,2.0,65.0,2 BHK,5200.0
Ready To Move,Thanisandra,1188.0,2.0,1.0,39.0,2 BHK,3282.8282828282827
Not Ready To Move,Whitefield,3565.0,4.0,0.0,218.0,4 BHK,6115.007012622721
Not Ready To Move,Marathahalli,1170.0,2.0,2.0,85.0,2 BHK,7264.957264957265
Ready To Move,BEL Road,1800.0,3.0,2.0,150.0,3 BHK,8333.333333333334
Ready To Move,Madavara,1000.0,2.0,1.0,35.0,2 BHK,3500.0
Ready To Move,Cooke Town,2600.0,3.0,1.0,375.0,3 BHK,14423.076923076924
Ready To Move,Nagarbhavi,1200.0,4.0,3.0,240.0,5 BHK,20000.0
Ready To Move,Kasturi Nagar,2507.0,4.0,2.0,155.0,4 BHK,6182.688472277623
Ready To Move,Babusapalaya,1061.0,2.0,1.0,34.0,2 BHK,3204.5240339302545
Ready To Move,KR Puram,1290.0,2.0,2.0,69.0,2 BHK,5348.837209302325
Ready To Move,Sarjapur,1200.0,2.0,1.0,42.6,2 BHK,3550.0
Not Ready To Move,Bharathi Nagar,1120.0,2.0,2.0,39.29,2 BHK,3508.035714285714
Ready To Move,Electronic City,418.0,1.0,1.0,12.0,1 BHK,2870.813397129187
Ready To Move,Sarjapur,1333.0,3.0,1.0,50.0,3 BHK,3750.9377344336085
Ready To Move,Sarjapur  Road,1691.0,3.0,2.0,119.0,3 BHK,7037.25606150207
Ready To Move,Koramangala,1700.0,3.0,3.0,250.0,3 BHK,14705.882352941177
Not Ready To Move,Thanisandra,2030.0,4.0,1.0,125.0,3 BHK,6157.635467980295
Not Ready To Move,Balagere,1012.0,2.0,1.0,70.0,2 BHK,6916.99604743083
Ready To Move,Kudlu,1245.0,2.0,1.0,60.0,3 BHK,4819.277108433735
Ready To Move,7th Phase JP Nagar,1765.0,3.0,2.0,118.0,3 BHK,6685.552407932011
Ready To Move,Gottigere,1110.0,2.0,2.0,36.25,2 BHK,3265.765765765766
Ready To Move,Akash Nagar,967.0,2.0,1.0,47.8,2 BHK,4943.1230610134435
Ready To Move,Sarjapur,1044.0,2.0,2.0,36.0,2 BHK,3448.2758620689656
Ready To Move,Brookefield,1518.0,3.0,3.0,80.0,3 BHK,5270.092226613966
Ready To Move,KR Puram,1300.0,2.0,2.0,57.0,3 BHK,4384.615384615385
Ready To Move,Seetharampalya,1798.0,3.0,3.0,73.0,3 BHK,4060.066740823137
Ready To Move,KR Puram,866.28,2.0,0.0,36.38,2 BHK,4199.565960197628
Not Ready To Move,Whitefield,3410.0,5.0,3.0,253.0,4 BHK,7419.354838709677
Ready To Move,Singasandra,1179.0,2.0,2.0,56.0,2 BHK,4749.787955894826
Ready To Move,Rajaji Nagar,3600.0,5.0,2.0,510.0,5 BHK,14166.666666666666
Ready To Move,Uttarahalli,1125.0,2.0,1.0,48.0,2 BHK,4266.666666666667
Ready To Move,Cambridge Layout,2098.0,3.0,1.0,210.0,3 BHK,10009.532888465204
Ready To Move,3rd Phase JP Nagar,2400.0,3.0,1.0,270.0,3 BHK,11250.0
Ready To Move,Haralur Road,1976.0,3.0,2.0,92.0,3 BHK,4655.87044534413
Ready To Move,5th Phase JP Nagar,1190.0,2.0,2.0,61.8,2 BHK,5193.27731092437
Ready To Move,cooketown,1800.0,3.0,3.0,192.0,3 BHK,10666.666666666666
Not Ready To Move,Jakkur,1761.0,3.0,1.0,84.52,3 BHK,4799.545712663259
Ready To Move,Cooke Town,1700.0,3.0,3.0,120.0,3 BHK,7058.823529411765
Ready To Move,Ramamurthy Nagar,900.0,4.0,1.0,70.0,4 BHK,7777.777777777777
Not Ready To Move,Electronic City,1128.0,2.0,1.0,64.8,2 BHK,5744.68085106383
Ready To Move,5th Stage BEML Layout,2000.0,3.0,2.0,85.0,3 BHK,4250.0
Not Ready To Move,Electronic City,1220.0,2.0,1.0,35.25,3 BHK,2889.344262295082
Not Ready To Move,Shauhardha Layout,509.0,1.0,1.0,20.0,1 BHK,3929.2730844793714
Ready To Move,Ambedkar Nagar,1852.0,4.0,2.0,122.0,3 BHK,6587.473002159827
Not Ready To Move,Varthur,1045.0,2.0,1.0,40.65,2 BHK,3889.9521531100477
Ready To Move,Kaverappa Layout,3535.0,4.0,2.0,215.0,4 BHK,6082.036775106082
Ready To Move,Marathahalli,1102.0,2.0,2.0,53.67,2 BHK,4870.235934664247
Ready To Move,Omkar Nagar,1800.0,3.0,2.0,82.0,4 BHK,4555.555555555556
Ready To Move,Hebbal Kempapura,1436.0,2.0,2.0,75.0,3 BHK,5222.841225626741
Ready To Move,Chikkadunnasandra,1397.0,2.0,2.0,52.0,3 BHK,3722.2619899785254
Ready To Move,Kothanur,1140.0,2.0,2.0,56.0,2 BHK,4912.2807017543855
Not Ready To Move,Balagere,645.0,1.0,1.0,55.0,1 BHK,8527.131782945737
Ready To Move,Bank Of Baroda Colony,2350.0,5.0,2.0,325.0,5 BHK,13829.787234042553
Not Ready To Move,Nagarbhavi,1200.0,3.0,2.0,225.0,3 BHK,18750.0
Ready To Move,Bhoopsandra,2050.0,3.0,2.0,135.0,3 BHK,6585.365853658536
Ready To Move,Sarjapur  Road,1335.0,2.0,1.0,95.0,2 BHK,7116.104868913858
Ready To Move,Thirumenahalli,2100.0,1.0,1.0,200.0,2 BHK,9523.809523809523
Not Ready To Move,Hebbal,1255.0,3.0,2.0,77.68,3 BHK,6189.641434262949
Ready To Move,Thanisandra,1140.0,2.0,1.0,59.0,2 BHK,5175.438596491228
Ready To Move,Hosakerehalli,2376.0,3.0,1.0,240.0,3 BHK,10101.0101010101
Not Ready To Move,Thanisandra,663.0,1.0,1.0,46.0,1 BHK,6938.15987933635
Ready To Move,Victoria Layout,1276.0,2.0,0.0,146.0,2 BHK,11442.006269592477
Ready To Move,Kanakpura Road,1450.0,3.0,3.0,60.9,3 BHK,4200.0
Ready To Move,Kodichikkanahalli,1400.0,3.0,3.0,66.0,3 BHK,4714.285714285715
Not Ready To Move,Divya Unnathi Layout,1339.0,2.0,1.0,53.56,2 BHK,4000.0
Not Ready To Move,Electronic City,1220.0,2.0,1.0,35.23,3 BHK,2887.7049180327863
Ready To Move,Malleshwaram,2200.0,3.0,2.0,275.0,3 BHK,12500.0
Ready To Move,Harohalli,1305.0,2.0,2.0,52.0,2 BHK,3984.6743295019155
Ready To Move,Green Glen Layout,1740.0,3.0,3.0,80.0,3 BHK,4597.701149425287
Ready To Move,Anekal,680.0,1.0,1.0,21.0,2 BHK,3088.235294117647
Ready To Move,Bannerghatta Road,1154.0,2.0,2.0,47.0,2 BHK,4072.790294627383
Ready To Move,Munnekollal,1200.0,2.0,2.0,40.0,2 BHK,3333.3333333333335
Ready To Move,Hennur,1155.0,2.0,2.0,54.5,2 BHK,4718.614718614718
Ready To Move,Sarjapur  Road,1525.0,2.0,3.0,63.0,3 BHK,4131.147540983607
Ready To Move,Giri Nagar,600.0,1.0,1.0,125.0,1 BHK,20833.333333333332
Not Ready To Move,Hebbal,2470.0,5.0,2.0,192.0,4 BHK,7773.27935222672
Ready To Move,Padmanabhanagar,1100.0,2.0,1.0,60.0,2 BHK,5454.545454545455
Ready To Move,Hormavu,1250.0,2.0,2.0,65.0,2 BHK,5200.0
Ready To Move,Kothanur,1400.0,2.0,1.0,70.0,2 BHK,5000.0
Ready To Move,Ittamadu,1600.0,3.0,2.0,100.0,3 BHK,6250.0
Ready To Move,Electronic City,1060.0,2.0,1.0,55.0,2 BHK,5188.679245283019
Ready To Move,Horamavu Banaswadi,1272.0,2.0,2.0,50.0,2 BHK,3930.817610062893
Not Ready To Move,Kanakpura Road,1296.0,2.0,2.0,105.0,2 BHK,8101.851851851852
Ready To Move,Dollars Colony,2100.0,3.0,2.0,280.0,4 BHK,13333.333333333334
Ready To Move,Karuna Nagar,1945.0,3.0,3.0,115.0,3 BHK,5912.596401028278
Not Ready To Move,Chandapura,1033.0,2.0,2.0,30.47,3 BHK,2949.6611810261375
Ready To Move,Stage-4 Bommanahalli,2300.0,2.0,2.0,69.0,3 BHK,3000.0
Not Ready To Move,Gunjur Palya,1235.0,2.0,2.0,52.76,2 BHK,4272.064777327935
Ready To Move,3rd Block Koramangala,2100.0,3.0,1.0,270.0,3 BHK,12857.142857142857
Ready To Move,2nd Phase JP Nagar,850.0,2.0,1.0,42.5,2 BHK,5000.0
Ready To Move,Subramanyapura,1880.0,3.0,2.0,110.0,3 BHK,5851.063829787234
Not Ready To Move,1st Block Jayanagar,2450.0,4.0,2.0,368.0,4 BHK,15020.408163265307
Ready To Move,Kenchenahalli,1060.0,2.0,2.0,52.0,2 BHK,4905.66037735849
Ready To Move,Hennur Road,2041.0,3.0,3.0,138.0,3 BHK,6761.391474767271
Ready To Move,Hulimavu,1050.0,2.0,2.0,125.0,2 BHK,11904.761904761905
Ready To Move,Vasanthapura,1037.0,2.0,1.0,36.28,2 BHK,3498.553519768563
Not Ready To Move,"Electronic city phase 1, ",1150.0,2.0,1.0,39.0,2 BHK,3391.304347826087
Ready To Move,LB Shastri Nagar,1184.0,2.0,1.0,62.0,2 BHK,5236.486486486487
Ready To Move,Sarjapur  Road,1680.0,3.0,2.0,126.0,3 BHK,7500.0
Not Ready To Move,Thanisandra,1411.0,3.0,2.0,100.0,3 BHK,7087.172218284904
Ready To Move,Hosa Road,900.0,5.0,0.0,55.0,5 BHK,6111.111111111111
Not Ready To Move,Kanakpura Road,900.0,2.0,2.0,41.0,2 BHK,4555.555555555556
Ready To Move,Jakkur Plantation,3500.0,4.0,3.0,320.0,4 BHK,9142.857142857143
Ready To Move,Thanisandra,1702.0,3.0,2.0,120.0,3 BHK,7050.5287896592245
Ready To Move,Yelahanka,1185.0,2.0,2.0,45.0,2 BHK,3797.46835443038
Not Ready To Move,Kanakpura Road,1300.0,3.0,1.0,64.0,3 BHK,4923.076923076923
Ready To Move,Lavakusha Nagar,1545.0,3.0,2.0,65.0,3 BHK,4207.119741100324
Ready To Move,6th Phase JP Nagar,1515.0,2.0,2.0,135.0,3 BHK,8910.89108910891
Ready To Move,Jigani,1300.0,3.0,3.0,55.0,3 BHK,4230.7692307692305
Ready To Move,JP Nagar,1107.0,2.0,1.0,57.0,2 BHK,5149.051490514905
Ready To Move,Old Madras Road,1720.0,3.0,2.0,106.0,3 BHK,6162.790697674419
Ready To Move,Kuvempu Nagar,1540.0,3.0,2.0,150.0,3 BHK,9740.25974025974
Ready To Move,Bannerghatta Road,1000.0,2.0,1.0,44.5,2 BHK,4450.0
Not Ready To Move,Electronic City,710.0,1.0,1.0,40.42,1 BHK,5692.957746478874
Ready To Move,Thanisandra,1100.0,2.0,1.0,38.0,2 BHK,3454.5454545454545
Ready To Move,Sri Balaji Krupa Layout,3200.0,4.0,0.0,270.0,4 BHK,8437.5
Ready To Move,Domlur Layout,900.0,2.0,2.0,160.0,2 BHK,17777.777777777777
Ready To Move,Bannerghatta Road,1250.0,2.0,0.0,48.0,2 BHK,3840.0
Ready To Move,Kaggadasapura,2400.0,4.0,3.0,130.0,5 BHK,5416.666666666667
Ready To Move,Hegde Nagar,1584.01,3.0,1.0,104.0,3 BHK,6565.615116066187
Ready To Move,Vasanth nagar,875.0,4.0,0.0,150.0,4 BHK,17142.85714285714
Ready To Move,Kammasandra,1200.0,6.0,3.0,60.0,4 BHK,5000.0
Ready To Move,Kaggadasapura,1485.0,2.0,2.0,70.0,3 BHK,4713.804713804714
Ready To Move,Hennur Road,1100.0,2.0,1.0,78.0,3 BHK,7090.909090909091
Not Ready To Move,8th Phase JP Nagar,1245.0,2.0,1.0,59.0,2 BHK,4738.955823293173
Not Ready To Move,Hennur Road,1880.0,4.0,0.0,154.0,4 BHK,8191.489361702128
Not Ready To Move,Frazer Town,2214.0,3.0,3.0,350.0,3 BHK,15808.491418247515
Not Ready To Move,Anathanagar,1050.0,2.0,2.0,45.0,2 BHK,4285.714285714285
Ready To Move,Vishveshwarya Layout,600.0,4.0,2.0,95.0,4 BHK,15833.333333333334
Not Ready To Move,Bannerghatta Road,1640.0,3.0,2.0,105.0,3 BHK,6402.4390243902435
Ready To Move,Basavanapura,1165.0,2.0,1.0,65.0,2 BHK,5579.399141630901
Ready To Move,Kengeri Satellite Town,1110.0,2.0,1.0,43.0,2 BHK,3873.873873873874
Ready To Move,St. John's Road,4000.0,4.0,2.0,630.0,4 BHK,15750.0
Ready To Move,Uttarahalli,4500.0,4.0,0.0,150.0,4 BHK,3333.3333333333335
Ready To Move,Jaraganahalli Jp Nagar Post,600.0,4.0,3.0,65.0,4 BHK,10833.333333333334
Ready To Move,Haralur Road,1300.0,2.0,2.0,75.0,2 BHK,5769.2307692307695
Ready To Move,adigondanhalli,1200.0,1.0,0.0,42.0,2 BHK,3500.0
Not Ready To Move,Hennur Road,1232.0,2.0,1.0,69.61,2 BHK,5650.162337662337
Ready To Move,Jalahalli,1704.0,3.0,2.0,94.36,3 BHK,5537.55868544601
Ready To Move,7th Phase JP Nagar,1275.0,2.0,2.0,88.0,3 BHK,6901.9607843137255
Ready To Move,Sarjapur  Road,1222.0,2.0,1.0,68.0,3 BHK,5564.648117839607
Ready To Move,Varthur,1155.0,2.0,2.0,39.0,2 BHK,3376.6233766233768
Not Ready To Move,Electronic City,1000.0,2.0,1.0,29.95,2 BHK,2995.0
Ready To Move,Horamavu Banaswadi,1200.0,2.0,1.0,45.0,2 BHK,3750.0
Not Ready To Move,Yelahanka,1517.0,3.0,2.0,71.28,3 BHK,4698.7475280158205
Not Ready To Move,Horamavu Agara,1166.0,2.0,1.0,37.29,2 BHK,3198.1132075471696
Ready To Move,Electronic City,870.0,2.0,2.0,24.0,2 BHK,2758.6206896551726
Ready To Move,5th Phase JP Nagar,4000.0,5.0,2.0,170.0,5 BHK,4250.0
Ready To Move,Rajaji Nagar,1350.0,4.0,1.0,230.0,4 BHK,17037.037037037036
Ready To Move,Yelahanka,3019.0,6.0,2.0,190.0,4 BHK,6293.474660483604
Ready To Move,Whitefield,1345.0,3.0,1.0,58.0,3 BHK,4312.267657992565
Ready To Move,Dommasandra,900.0,3.0,1.0,75.0,3 BHK,8333.333333333334
Ready To Move,EPIP Zone,3800.0,5.0,2.0,170.0,4 BHK,4473.684210526316
Ready To Move,Chandapura,971.0,2.0,2.0,38.0,3 BHK,3913.491246138002
Ready To Move,Hennur,1255.0,2.0,1.0,52.32,2 BHK,4168.924302788844
Ready To Move,EPIP Zone,1810.0,2.0,2.0,65.0,2 BHK,3591.160220994475
Ready To Move,"Whitefield, ",1300.0,2.0,1.0,58.0,2 BHK,4461.538461538462
Ready To Move,Thanisandra,1185.0,2.0,2.0,45.0,2 BHK,3797.46835443038
Ready To Move,Pattandur Agrahara,1350.0,2.0,3.0,68.0,2 BHK,5037.037037037037
Ready To Move,Brookefield,1560.0,3.0,2.0,149.0,4 BHK,9551.28205128205
Ready To Move,Somasundara Palya,1650.0,3.0,2.0,126.0,3 BHK,7636.363636363636
Ready To Move,Off Bannergatta Road,1645.0,3.0,2.0,87.0,3 BHK,5288.753799392097
Ready To Move,Hennur Road,1748.0,3.0,2.0,103.0,3 BHK,5892.448512585813
Not Ready To Move,Channasandra,1200.0,3.0,1.0,67.77,3 BHK,5647.5
Ready To Move,Kengeri Satellite Town,1170.0,2.0,3.0,50.0,2 BHK,4273.504273504273
Ready To Move,Sarjapur  Road,3420.0,4.0,2.0,225.0,4 BHK,6578.9473684210525
Ready To Move,Hulimavu,1320.0,2.0,2.0,65.0,3 BHK,4924.242424242424
Not Ready To Move,Bhoganhalli,1610.0,3.0,2.0,84.53,3 BHK,5250.310559006211
Ready To Move,Frazer Town,1870.0,3.0,3.0,180.0,3 BHK,9625.668449197861
Ready To Move,Sarjapur  Road,1510.0,2.0,1.0,110.0,3 BHK,7284.76821192053
Ready To Move,Kanakapura  Rod,1305.0,2.0,1.0,45.68,3 BHK,3500.383141762452
Ready To Move,Mahadevpura,1500.0,2.0,1.0,70.0,3 BHK,4666.666666666667
Ready To Move,Indira Nagar,1149.0,2.0,1.0,130.0,2 BHK,11314.186248912098
Ready To Move,Thanisandra,1948.0,4.0,2.0,129.0,4 BHK,6622.17659137577
Ready To Move,Margondanahalli,1448.0,3.0,1.0,70.0,3 BHK,4834.254143646409
Ready To Move,Sarjapur  Road,1242.0,2.0,1.0,78.0,2 BHK,6280.193236714976
Ready To Move,Sonnenahalli,1268.0,2.0,1.0,58.0,2 BHK,4574.132492113565
Ready To Move,Ramamurthy Nagar,1101.0,2.0,1.0,50.0,2 BHK,4541.326067211626
Ready To Move,Kallumantapa,1255.0,2.0,3.0,65.0,2 BHK,5179.282868525896
Ready To Move,Gunjur,1362.0,3.0,1.0,62.63,3 BHK,4598.384728340676
Ready To Move,Sarjapur  Road,984.0,3.0,2.0,140.0,3 BHK,14227.642276422765
Not Ready To Move,Hosa Road,1089.0,2.0,1.0,32.67,2 BHK,3000.0
Ready To Move,Byrathi Village,800.0,1.0,3.0,95.0,2 BHK,11875.0
Ready To Move,Uttarahalli,1345.0,2.0,1.0,57.0,3 BHK,4237.918215613383
Ready To Move,Krishna Nagar,1650.0,2.0,1.0,140.0,4 BHK,8484.848484848484
Ready To Move,Kaggalipura,950.0,2.0,1.0,45.0,2 BHK,4736.8421052631575
Ready To Move,HBR Layout,1068.0,2.0,1.0,43.0,2 BHK,4026.2172284644193
Ready To Move,Yelahanka New Town,860.0,1.0,2.0,31.0,2 BHK,3604.6511627906975
Ready To Move,Yelahanka,1756.0,3.0,2.0,66.73,3 BHK,3800.113895216401
Ready To Move,Whitefield,1205.0,2.0,1.0,41.0,2 BHK,3402.4896265560164
Ready To Move,Banashankari,1800.0,3.0,2.0,125.0,3 BHK,6944.444444444444
Not Ready To Move,Ashok Nagar,8321.0,5.0,2.0,2912.0,4 BHK,34995.79377478668
Ready To Move,Hormavu,1604.0,3.0,0.0,68.0,3 BHK,4239.401496259352
Not Ready To Move,Old Airport Road,2732.0,4.0,3.0,204.0,4 BHK,7467.0571010248905
Not Ready To Move,Chandapura,1015.0,2.0,2.0,25.88,2 BHK,2549.753694581281
Ready To Move,Banashankari,1200.0,2.0,2.0,42.0,3 BHK,3500.0
Ready To Move,Ananth Nagar,1010.0,2.0,2.0,38.0,2 BHK,3762.3762376237623
Ready To Move,Nagarbhavi,1250.0,3.0,0.0,170.0,2 BHK,13600.0
Ready To Move,Doddakallasandra,1010.0,2.0,1.0,41.0,2 BHK,4059.4059405940593
Ready To Move,Yelahanka,1050.0,2.0,2.0,33.1,2 BHK,3152.3809523809523
Ready To Move,Harlur,1710.0,3.0,2.0,85.0,3 BHK,4970.7602339181285
Not Ready To Move,Mysore Road,1248.52,3.0,2.0,115.0,3 BHK,9210.90571236344
Ready To Move,Attibele,410.0,1.0,1.0,10.0,1 BHK,2439.0243902439024
Not Ready To Move,Bannerghatta Road,1656.0,2.0,1.0,62.93,3 BHK,3800.1207729468597
Ready To Move,Naganathapura,1451.0,3.0,1.0,68.0,3 BHK,4686.423156443831
Ready To Move,JP Nagar,1250.0,2.0,2.0,93.0,2 BHK,7440.0
Ready To Move,Meenakunte,4395.0,3.0,3.0,240.0,3 BHK,5460.750853242321
Ready To Move,Hebbal,4600.0,6.0,2.0,650.0,4 BHK,14130.434782608696
Ready To Move,Sonnenahalli,1340.0,2.0,3.0,42.0,3 BHK,3134.3283582089553
Ready To Move,Abbaiah Reddy Layout,1100.0,2.0,2.0,38.5,2 BHK,3500.0
Ready To Move,Whitefield,6000.0,6.0,2.0,700.0,4 BHK,11666.666666666666
Ready To Move, Devarachikkanahalli,1700.0,3.0,1.0,71.0,3 BHK,4176.470588235294
Ready To Move,KR Puram,1096.0,2.0,1.0,43.0,2 BHK,3923.3576642335765
Not Ready To Move,Electronic City Phase II,1160.0,2.0,1.0,33.5,2 BHK,2887.9310344827586
Ready To Move,"Sarjapur Road, ",1936.0,3.0,2.0,139.0,3 BHK,7179.752066115702
Ready To Move,Nehru Nagar,1269.0,2.0,2.0,63.0,3 BHK,4964.5390070921985
Not Ready To Move,Richmond Road,3500.0,3.0,1.0,630.0,3 BHK,18000.0
Not Ready To Move,Panathur,1586.0,3.0,1.0,125.0,3 BHK,7881.462799495586
Not Ready To Move,Rajaji Nagar,1376.0,2.0,1.0,124.0,2 BHK,9011.627906976744
Ready To Move,Kanakpura Road,1452.0,3.0,3.0,56.5,3 BHK,3891.184573002755
Not Ready To Move,Hosa Road,1538.0,3.0,1.0,107.0,3 BHK,6957.087126137842
Not Ready To Move,Hosur Road,1427.0,2.0,1.0,130.0,3 BHK,9110.021023125439
Ready To Move,Upadhyaya Layout,935.0,2.0,0.0,40.0,2 BHK,4278.07486631016
Ready To Move,Ashwath Nagar,1220.0,2.0,3.0,65.0,2 BHK,5327.868852459016
Ready To Move,Harlur,1197.0,2.0,1.0,77.0,2 BHK,6432.748538011696
Not Ready To Move,Varthur,674.0,1.0,1.0,19.9,2 BHK,2952.522255192878
Ready To Move,Kengeri,410.0,1.0,1.0,15.0,1 BHK,3658.5365853658536
Not Ready To Move,Thanisandra,1573.0,3.0,1.0,90.0,3 BHK,5721.551176096631
Ready To Move,Dodda Nekkundi,1135.0,2.0,2.0,58.0,2 BHK,5110.132158590309
Not Ready To Move,Huskur,1400.0,2.0,1.0,40.43,3 BHK,2887.8571428571427
Ready To Move,Agrahara Dasarahalli,1200.0,1.0,0.0,65.0,1 BHK,5416.666666666667
Ready To Move,Ittamadu,1800.0,3.0,0.0,95.0,3 BHK,5277.777777777777
Ready To Move,Avalahalli,2045.0,3.0,2.0,108.0,3 BHK,5281.173594132029
Ready To Move,Sonnenahalli,1268.0,2.0,1.0,56.0,2 BHK,4416.403785488959
Ready To Move,Kambipura,883.0,2.0,1.0,39.0,2 BHK,4416.761041902605
Ready To Move,Yelahanka,1600.0,3.0,3.0,100.0,3 BHK,6250.0
Ready To Move,Thanisandra,1056.0,2.0,2.0,70.0,2 BHK,6628.787878787879
Ready To Move,Whitefield,4500.0,4.0,2.0,330.0,4 BHK,7333.333333333333
Ready To Move,KR Puram,1204.0,2.0,2.0,58.0,2 BHK,4817.275747508305
Ready To Move,Tejaswini Nagar,1410.0,2.0,1.0,54.0,3 BHK,3829.7872340425533
Ready To Move,Hennur Road,1460.0,2.0,1.0,80.3,2 BHK,5500.0
Ready To Move,Dodda Nekkundi,1100.0,2.0,1.0,41.18,2 BHK,3743.6363636363635
Ready To Move,Govindapura,1310.0,2.0,1.0,88.0,2 BHK,6717.557251908397
Ready To Move,Sector 2 HSR Layout,1600.0,3.0,2.0,90.0,3 BHK,5625.0
Ready To Move,Lottegolla Halli,1250.0,2.0,2.0,55.0,2 BHK,4400.0
Ready To Move,Sarjapur  Road,1665.0,3.0,2.0,74.93,3 BHK,4500.3003003003005
Ready To Move,Uttarahalli,1345.0,2.0,1.0,57.0,3 BHK,4237.918215613383
Ready To Move,Hosahalli Extension,2000.0,5.0,2.0,240.0,5 BHK,12000.0
Ready To Move,Singasandra,1416.0,2.0,2.0,67.0,2 BHK,4731.6384180790965
Ready To Move,HSR Layout,1145.0,2.0,2.0,46.0,2 BHK,4017.467248908297
Ready To Move,Jigani,1231.0,3.0,2.0,58.0,3 BHK,4711.6165718927705
Ready To Move,Yelahanka,1664.0,3.0,0.0,73.95,3 BHK,4444.110576923077
Ready To Move,TC Palaya,2000.0,3.0,1.0,76.0,3 BHK,3800.0
Ready To Move,Rajiv Nagar,972.0,2.0,2.0,43.0,2 BHK,4423.868312757201
Ready To Move,3rd Phase JP Nagar,4500.0,4.0,3.0,345.0,4 BHK,7666.666666666667
Ready To Move,Bellandur,1185.0,2.0,1.0,47.39,2 BHK,3999.15611814346
Ready To Move,Green Glen Layout,1750.0,3.0,2.0,81.0,3 BHK,4628.571428571428
Ready To Move,Byadarahalli,3155.0,4.0,2.0,316.0,3 BHK,10015.847860538826
Not Ready To Move,Balagere,1007.0,2.0,1.0,68.0,2 BHK,6752.730883813307
Ready To Move,Rajaji Nagar,1700.0,3.0,2.0,200.0,3 BHK,11764.70588235294
Ready To Move,Whitefield,1250.0,2.0,2.0,85.0,2 BHK,6800.0
Ready To Move,Telecom Layout,1200.0,2.0,1.0,54.0,2 BHK,4500.0
Not Ready To Move,Horamavu Agara,994.0,2.0,1.0,42.28,2 BHK,4253.521126760564
Not Ready To Move,Ramamurthy Nagar,1150.0,2.0,2.0,40.0,2 BHK,3478.2608695652175
Ready To Move,Thanisandra,1220.0,2.0,2.0,46.0,2 BHK,3770.4918032786886
Ready To Move,Hennur Gardens,1441.0,2.0,1.0,115.0,2 BHK,7980.569049271339
Not Ready To Move,Old Madras Road,1157.0,2.0,2.0,47.32,2 BHK,4089.887640449438
Ready To Move,Thigalarapalya,1400.0,2.0,2.0,105.0,2 BHK,7500.0
Ready To Move,Tindlu,1370.07,3.0,1.0,65.0,3 BHK,4744.283138817725
Ready To Move,Magadi Road,1200.0,4.0,1.0,130.0,5 BHK,10833.333333333334
Not Ready To Move,Judicial Layout,900.0,2.0,1.0,40.0,2 BHK,4444.444444444444
Ready To Move,Kodipalya,418.0,1.0,1.0,17.0,1 BHK,4066.9856459330144
Ready To Move,Vishwapriya Nagar,1200.0,3.0,1.0,80.0,3 BHK,6666.666666666667
Ready To Move,ISRO Layout,1200.0,2.0,3.0,43.0,2 BHK,3583.3333333333335
Ready To Move,Talaghattapura,1062.0,2.0,1.0,42.48,2 BHK,4000.0
Ready To Move,Kanakpura Road,1120.0,2.0,1.0,51.0,2 BHK,4553.571428571428
Ready To Move,Bannerghatta Road,1012.0,2.0,1.0,44.0,2 BHK,4347.826086956522
Ready To Move,Postal Colony,1500.0,2.0,1.0,200.0,3 BHK,13333.333333333334
Ready To Move,ISRO Layout,950.0,4.0,2.0,180.0,4 BHK,18947.36842105263
Ready To Move,Kadabagere,675.0,2.0,2.0,13.5,2 BHK,2000.0
Ready To Move,Kanakpura Road,1430.0,2.0,2.0,78.0,2 BHK,5454.545454545455
Ready To Move,Channasandra,1195.0,2.0,1.0,56.0,3 BHK,4686.192468619247
Ready To Move,Old Madras Road,2640.0,5.0,1.0,150.0,3 BHK,5681.818181818182
Ready To Move,Bisuvanahalli,1075.0,2.0,1.0,42.0,3 BHK,3906.9767441860463
Not Ready To Move,Sonnenahalli,1011.0,2.0,1.0,59.0,2 BHK,5835.806132542038
Ready To Move,7th Phase JP Nagar,1450.0,2.0,1.0,102.0,3 BHK,7034.482758620689
Ready To Move,Sarjapur  Road,1129.0,2.0,1.0,69.0,2 BHK,6111.603188662533
Ready To Move,Sarjapura - Attibele Road,1126.0,2.0,1.0,36.0,2 BHK,3197.158081705151
Not Ready To Move,Attibele,1200.0,3.0,2.0,110.0,3 BHK,9166.666666666666
Ready To Move,Sarjapur  Road,1180.0,2.0,2.0,45.0,3 BHK,3813.5593220338983
Ready To Move,1st Block HRBR Layout,600.0,4.0,2.0,125.0,3 BHK,20833.333333333332
Not Ready To Move,Bannerghatta,940.0,4.0,2.0,45.0,4 BHK,4787.234042553191
Ready To Move,Hennur Road,1933.0,3.0,2.0,140.0,3 BHK,7242.628039317124
Ready To Move,TC Palaya,1082.0,2.0,2.0,64.0,2 BHK,5914.972273567468
Not Ready To Move,Anwar Layout,610.0,1.0,0.0,28.0,1 BHK,4590.163934426229
Ready To Move,Raja Rajeshwari Nagar,1560.0,4.0,1.0,160.0,4 BHK,10256.410256410256
Ready To Move,Kathriguppe,1300.0,3.0,3.0,77.99,3 BHK,5999.230769230769
Ready To Move,Kudlu Gate,3850.0,6.0,0.0,205.0,4 BHK,5324.675324675325
Ready To Move,CV Raman Nagar,1125.0,2.0,1.0,46.0,2 BHK,4088.8888888888887
Ready To Move,Kengeri Satellite Town,777.4,2.0,0.0,25.0,2 BHK,3215.8476974530486
Ready To Move,Battarahalli,2500.0,3.0,1.0,65.0,4 BHK,2600.0
Ready To Move,Old Airport Road,1798.0,3.0,2.0,150.0,3 BHK,8342.602892102335
Ready To Move,Dodda Nekkundi Extension,1864.0,3.0,2.0,120.0,3 BHK,6437.768240343347
Ready To Move,Whitefield,1115.0,2.0,1.0,51.91,2 BHK,4655.605381165919
Ready To Move,Kengeri,400.0,1.0,1.0,25.0,1 BHK,6250.0
Ready To Move,Rajaji Nagar,1200.0,2.0,1.0,70.0,2 BHK,5833.333333333333
Not Ready To Move,Ananth Nagar,992.0,2.0,2.0,24.8,2 BHK,2500.0
Ready To Move,Jakkasandra Extension,950.0,2.0,3.0,57.0,2 BHK,6000.0
Ready To Move,R.T. Nagar,1500.0,4.0,3.0,185.0,4 BHK,12333.333333333334
Ready To Move,Bellandur,1200.0,2.0,1.0,62.0,2 BHK,5166.666666666667
Ready To Move,GM Palaya,1735.0,3.0,2.0,70.0,3 BHK,4034.5821325648417
Ready To Move,BTM 2nd Stage,1750.0,3.0,3.0,172.0,3 BHK,9828.57142857143
Ready To Move,HSR Layout,1009.0,2.0,2.0,56.0,2 BHK,5550.049554013875
Ready To Move,Jalahalli,1470.0,2.0,3.0,102.0,3 BHK,6938.775510204082
Ready To Move,Bannerghatta Road,1527.0,3.0,2.0,115.0,3 BHK,7531.106745252128
Ready To Move,Singapura Village,985.0,2.0,1.0,45.0,2 BHK,4568.527918781726
Ready To Move,Chandapura,3300.0,4.0,2.0,135.0,4 BHK,4090.909090909091
Not Ready To Move,Whitefield,1277.0,2.0,1.0,77.0,2 BHK,6029.757243539546
Not Ready To Move,Nallurhalli,1100.0,2.0,1.0,62.0,2 BHK,5636.363636363636
Ready To Move,Whitefield,1820.0,3.0,2.0,140.0,3 BHK,7692.307692307692
Ready To Move,Puttanahalli,1530.0,3.0,3.0,87.0,4 BHK,5686.274509803921
Ready To Move,Banashankari,1886.0,3.0,2.0,205.0,3 BHK,10869.565217391304
Ready To Move,Chandra Layout,1200.0,2.0,0.0,190.0,3 BHK,15833.333333333334
Ready To Move,Jakkur,1880.0,4.0,2.0,110.0,3 BHK,5851.063829787234
Ready To Move,Hennur,1255.0,2.0,2.0,52.35,2 BHK,4171.314741035857
Not Ready To Move,Kanakpura Road,700.0,2.0,1.0,36.0,2 BHK,5142.857142857143
Ready To Move,Somasundara Palya,1140.0,2.0,2.0,46.0,2 BHK,4035.0877192982457
Not Ready To Move,Electronic City Phase II,1025.0,2.0,1.0,29.6,2 BHK,2887.8048780487807
Ready To Move,Whitefield,3453.0,4.0,2.0,247.0,4 BHK,7153.200115841298
Ready To Move,Uttarahalli,1490.0,2.0,2.0,59.6,3 BHK,4000.0
Ready To Move,Akshaya Vana,1200.0,4.0,2.0,165.0,4 BHK,13750.0
Ready To Move,Sarjapur  Road,1850.0,3.0,2.0,140.0,3 BHK,7567.5675675675675
Ready To Move,Kaikondrahalli,1250.0,2.0,1.0,78.0,2 BHK,6240.0
Ready To Move,Kamakya Layout,2400.0,3.0,1.0,108.0,4 BHK,4500.0
Ready To Move,Kodihalli,3522.0,5.0,3.0,716.0,4 BHK,20329.358319136853
Not Ready To Move,Jalahalli,1244.0,2.0,2.0,88.0,2 BHK,7073.954983922829
Ready To Move,Kumaraswami Layout,623.0,4.0,1.0,75.0,4 BHK,12038.52327447833
Not Ready To Move,Kengeri Satellite Town,1025.0,2.0,1.0,28.57,2 BHK,2787.317073170732
Ready To Move,Sarjapur  Road,1034.0,2.0,1.0,38.0,2 BHK,3675.0483558994197
Not Ready To Move,Kengeri Satellite Town,1191.0,2.0,2.0,33.34,3 BHK,2799.3282955499585
Ready To Move,Kasavanhalli,1719.0,3.0,2.0,71.0,3 BHK,4130.308318789994
Ready To Move,7th Phase JP Nagar,1035.0,2.0,1.0,39.33,2 BHK,3800.0
Ready To Move,2nd Stage Nagarbhavi,1500.0,3.0,2.0,230.0,4 BHK,15333.333333333334
Not Ready To Move,Hosa Road,1470.0,2.0,2.0,84.22,3 BHK,5729.251700680272
Ready To Move,Yelahanka,1140.0,2.0,1.0,50.66,2 BHK,4443.859649122807
Ready To Move,Harlur,1752.12,3.0,2.0,125.0,3 BHK,7134.214551514737
Ready To Move,2nd Stage Nagarbhavi,600.0,3.0,1.0,84.0,4 BHK,14000.0
Ready To Move,Old Madras Road,2990.0,3.0,2.0,170.0,3 BHK,5685.61872909699
Ready To Move,Bannerghatta Road,1660.0,3.0,2.0,85.0,3 BHK,5120.481927710844
Ready To Move,Electronic City,1275.0,3.0,3.0,63.43,3 BHK,4974.901960784314
Not Ready To Move,Bommasandra Industrial Area,1365.0,3.0,1.0,52.81,3 BHK,3868.864468864469
Ready To Move,"MEI layout, Bagalgunte",1200.0,2.0,0.0,90.0,3 BHK,7500.0
Ready To Move,Kanakpura Road,2546.0,3.0,2.0,170.0,3 BHK,6677.140612725844
Not Ready To Move,Banashankari Stage VI,1392.0,3.0,1.0,69.46,3 BHK,4989.942528735632
Not Ready To Move,Whitefield,1245.0,2.0,1.0,59.76,2 BHK,4800.0
Ready To Move,Rayasandra,1200.0,3.0,1.0,65.0,5 BHK,5416.666666666667
Ready To Move,Yeshwanthpur,1162.0,2.0,2.0,64.08,2 BHK,5514.629948364888
Ready To Move,Singasandra,1476.0,2.0,1.0,73.0,3 BHK,4945.79945799458
Ready To Move,KR Puram,700.0,1.0,1.0,21.5,1 BHK,3071.4285714285716
Ready To Move,Jigani,943.0,2.0,2.0,48.0,2 BHK,5090.1378579003185
Ready To Move,Pai Layout,1150.0,2.0,1.0,170.0,2 BHK,14782.608695652174
Ready To Move,Sarjapur  Road,1113.0,2.0,1.0,44.5,2 BHK,3998.2030548068283
Not Ready To Move,Varthur,1615.0,3.0,2.0,69.43,3 BHK,4299.071207430341
Ready To Move,Keshava Nagar,1279.0,2.0,3.0,100.0,2 BHK,7818.608287724785
Ready To Move,Kacharakanahalli,1256.0,2.0,1.0,60.0,2 BHK,4777.070063694267
Ready To Move,Benson Town,1805.0,3.0,2.0,280.0,3 BHK,15512.465373961219
Ready To Move,Sompura,1350.0,3.0,1.0,65.0,3 BHK,4814.814814814815
Not Ready To Move,SRINIVASAPURA,1525.0,3.0,2.0,68.63,3 BHK,4500.327868852459
Not Ready To Move,Rajaji Nagar,1357.0,2.0,1.0,123.0,2 BHK,9064.112011790714
Not Ready To Move,Hebbal,1645.0,3.0,2.0,117.0,3 BHK,7112.462006079028
Ready To Move,Ardendale,1777.26,3.0,2.0,92.0,3 BHK,5176.507657855351
Ready To Move,Bisuvanahalli,845.0,2.0,2.0,32.0,2 BHK,3786.98224852071
Ready To Move,Sidedahalli,900.0,2.0,0.0,25.0,2 BHK,2777.777777777778
Not Ready To Move,Varthur,1210.0,2.0,1.0,64.15,2 BHK,5301.652892561984
Not Ready To Move,Electronic City Phase II,829.0,2.0,1.0,22.8,2 BHK,2750.301568154403
Ready To Move,Sarjapur  Road,1879.0,3.0,2.0,155.0,3 BHK,8249.068653539116
Not Ready To Move,Hosur Road,1250.0,2.0,2.0,50.0,3 BHK,4000.0
Ready To Move,Jeevanhalli,1200.0,2.0,2.0,35.0,4 BHK,2916.6666666666665
Not Ready To Move,Marathahalli,1108.0,2.0,1.0,60.0,3 BHK,5415.162454873646
Not Ready To Move,Kanakpura Road,1401.0,3.0,2.0,69.0,3 BHK,4925.0535331905785
Not Ready To Move,Sarjapur  Road,1157.0,2.0,1.0,75.0,3 BHK,6482.281763180639
Ready To Move,Ramamurthy Nagar Extension,1185.0,2.0,1.0,42.66,2 BHK,3600.0
Ready To Move,Green Glen Layout,1751.0,3.0,2.0,115.0,3 BHK,6567.6756139348945
Ready To Move,Mahalakshmi Puram,1550.0,3.0,1.0,250.0,5 BHK,16129.032258064517
Ready To Move,Bannerghatta Road,1880.0,3.0,2.0,96.5,3 BHK,5132.978723404255
Ready To Move,Channasandra,1175.0,2.0,2.0,38.0,2 BHK,3234.0425531914893
Ready To Move,Jalahalli,1407.0,2.0,1.0,98.49,2 BHK,7000.0
Ready To Move,Yelachenahalli,1000.0,2.0,2.0,50.0,2 BHK,5000.0
Ready To Move,Electronic City,1518.0,3.0,3.0,75.0,3 BHK,4940.711462450593
Ready To Move,"Gubbi Cross, Hennur Main Road",3600.0,4.0,2.0,300.0,4 BHK,8333.333333333334
Not Ready To Move,Tumkur Road,1027.0,2.0,1.0,67.0,2 BHK,6523.855890944498
Ready To Move,Dairy Circle,3730.0,6.0,2.0,430.0,4 BHK,11528.150134048257
Ready To Move,HSR Layout,1145.0,2.0,2.0,46.0,2 BHK,4017.467248908297
Not Ready To Move,Rajaji Nagar,1260.0,2.0,2.0,113.0,2 BHK,8968.253968253968
Ready To Move,Begur Road,1500.0,2.0,3.0,47.25,3 BHK,3150.0
Ready To Move,Varthur,1737.0,2.0,1.0,57.32,3 BHK,3299.9424294761084
Ready To Move,Byrathi Village,1600.0,4.0,1.0,120.0,3 BHK,7500.0
Ready To Move,Hegde Nagar,1500.0,3.0,2.0,135.0,3 BHK,9000.0
Ready To Move,Sabari Nagar,1120.0,2.0,0.0,60.0,2 BHK,5357.142857142857
Ready To Move,Banashankari Stage V,1200.0,4.0,1.0,240.0,3 BHK,20000.0
Not Ready To Move,Hennur Road,1030.0,2.0,1.0,46.5,2 BHK,4514.563106796117
Ready To Move,Kammasandra,1057.0,2.0,1.0,35.0,2 BHK,3311.2582781456954
Not Ready To Move,Old Airport Road,2774.0,4.0,3.0,208.0,4 BHK,7498.197548666186
Ready To Move,Thanisandra,1460.0,2.0,2.0,38.5,2 BHK,2636.986301369863
Ready To Move,Hormavu,1075.0,2.0,1.0,53.7,2 BHK,4995.3488372093025
Ready To Move,Mysore Road,1080.0,2.0,1.0,60.0,3 BHK,5555.555555555556
Not Ready To Move,Kodihalli,3626.0,5.0,3.0,788.0,4 BHK,21731.936017650303
Ready To Move,Singasandra,1139.7,2.0,1.0,45.0,2 BHK,3948.407475651487
Not Ready To Move,Whitefield,1074.0,2.0,1.0,42.8,2 BHK,3985.102420856611
Not Ready To Move,Whitefield,1200.0,2.0,1.0,46.13,2 BHK,3844.1666666666665
Ready To Move,Sarjapur  Road,2425.0,5.0,1.0,175.0,4 BHK,7216.494845360825
Ready To Move,Sarjapur  Road,1323.0,2.0,2.0,74.0,2 BHK,5593.348450491308
Not Ready To Move,Hennur Road,1232.0,2.0,1.0,69.61,2 BHK,5650.162337662337
Ready To Move,Kalena Agrahara,900.0,2.0,1.0,40.0,2 BHK,4444.444444444444
Ready To Move,Sarjapura - Attibele Road,740.0,1.0,1.0,23.65,1 BHK,3195.945945945946
Not Ready To Move,Hebbal,1920.0,3.0,2.0,134.0,3 BHK,6979.166666666667
Ready To Move,Bannerghatta Road,1550.0,3.0,2.0,96.0,3 BHK,6193.548387096775
Ready To Move,Gunjur,1588.0,2.0,3.0,90.0,3 BHK,5667.506297229219
Ready To Move,Rajaji Nagar,2300.0,4.0,1.0,240.0,3 BHK,10434.782608695652
Ready To Move,"Thanisandra Main Road, ",1308.0,2.0,1.0,86.0,2 BHK,6574.923547400612
Ready To Move,Hennur,1340.0,2.0,2.0,54.27,3 BHK,4050.0
Ready To Move,Infantry Road,2170.0,3.0,2.0,265.0,4 BHK,12211.981566820277
Ready To Move,Thanisandra,1719.0,3.0,2.0,135.0,3 BHK,7853.4031413612565
Ready To Move,Horamavu Agara,1107.83,2.0,1.0,41.51,2 BHK,3746.964787016059
Not Ready To Move,Whitefield,1200.0,2.0,1.0,45.84,2 BHK,3820.0
Not Ready To Move,Electronic City,1090.0,2.0,1.0,31.48,1 BHK,2888.0733944954127
Ready To Move,Sarvabhouma Nagar,1500.0,5.0,2.0,210.0,5 BHK,14000.0
Not Ready To Move,Jakkur,1660.0,3.0,2.0,104.0,3 BHK,6265.060240963855
Ready To Move,Nagavara,1247.0,2.0,1.0,58.56,2 BHK,4696.0705693664795
Not Ready To Move,Thanisandra,1595.0,3.0,2.0,96.0,3 BHK,6018.808777429467
Ready To Move,Kaggadasapura,1175.0,2.0,2.0,50.0,2 BHK,4255.31914893617
Ready To Move,Old Airport Road,1184.0,2.0,1.0,78.0,2 BHK,6587.8378378378375
Ready To Move,Byrasandra,1100.0,2.0,2.0,55.0,2 BHK,5000.0
Not Ready To Move,Kaval Byrasandra,935.0,2.0,0.0,78.0,2 BHK,8342.245989304813
Ready To Move,Yelahanka,1200.0,2.0,2.0,60.0,2 BHK,5000.0
Ready To Move,Rajaji Nagar,2400.0,5.0,1.0,408.0,5 BHK,17000.0
Ready To Move,Neelamangala,1000.0,2.0,1.0,45.0,2 BHK,4500.0
Ready To Move,Uttarahalli,1000.0,2.0,0.0,52.0,2 BHK,5200.0
Ready To Move,Yelahanka,1705.0,3.0,2.0,85.0,3 BHK,4985.337243401759
Ready To Move,Tumkur Road,1060.0,2.0,2.0,58.3,3 BHK,5500.0
Ready To Move,Chikka Tirupathi,2325.0,4.0,1.0,120.0,4 BHK,5161.290322580645
Not Ready To Move,Kammagondahalli,1347.0,2.0,2.0,55.0,3 BHK,4083.147735708983
Not Ready To Move,Varthur,1402.0,2.0,2.0,95.0,2 BHK,6776.034236804565
Not Ready To Move,Whitefield,2280.0,4.0,2.0,125.0,3 BHK,5482.456140350877
Ready To Move,Whitefield ECC Road,1225.0,2.0,2.0,71.05,2 BHK,5800.0
Ready To Move,5th Phase JP Nagar,1080.0,2.0,1.0,53.0,2 BHK,4907.407407407408
Ready To Move,Lavelle Road,1919.0,3.0,0.0,300.0,3 BHK,15633.142261594581
Ready To Move,Begur Road,1100.0,2.0,2.0,42.6,2 BHK,3872.7272727272725
Ready To Move,Sarjapur  Road,2500.0,4.0,3.0,225.0,4 BHK,9000.0
Not Ready To Move,Bannerghatta Road,1200.0,2.0,2.0,78.0,2 BHK,6500.0
Ready To Move,Begur Road,1565.0,2.0,2.0,57.91,3 BHK,3700.3194888178914
Not Ready To Move,Maruthi nagar kogilu,1200.0,3.0,0.0,78.0,2 BHK,6500.0
Ready To Move,Kothanur,1581.0,3.0,3.0,76.0,3 BHK,4807.084123972169
Not Ready To Move,Whitefield,2882.0,5.0,1.0,200.0,4 BHK,6939.625260235947
Ready To Move,TC Palaya,1440.0,5.0,2.0,97.0,5 BHK,6736.111111111111
Ready To Move,Krishna Reddy Layout,2180.0,3.0,3.0,273.0,3 BHK,12522.935779816513
Ready To Move,Nagasandra,7000.0,8.0,2.0,450.0,4 BHK,6428.571428571428
Ready To Move,Abbigere,985.0,2.0,1.0,38.92,2 BHK,3951.269035532995
Ready To Move,Sarjapur,950.0,2.0,2.0,35.0,2 BHK,3684.2105263157896
Ready To Move,Jai Bheema Nagar,1339.0,2.0,2.0,55.0,2 BHK,4107.542942494399
Ready To Move,Ayappa Nagar,1449.0,3.0,1.0,72.0,3 BHK,4968.944099378882
Ready To Move,Chikkasandra,1200.0,4.0,2.0,180.0,4 BHK,15000.0
Not Ready To Move,Brindavan Layout,1100.0,2.0,2.0,38.68,2 BHK,3516.3636363636365
Ready To Move,Kaval Byrasandra,2700.0,3.0,2.0,200.0,3 BHK,7407.407407407408
Ready To Move,Billamaranahalli,1100.0,2.0,3.0,55.0,2 BHK,5000.0
Not Ready To Move,Electronic City,1140.0,2.0,1.0,32.92,2 BHK,2887.719298245614
Ready To Move,Sarjapur,3009.0,3.0,2.0,330.0,3 BHK,10967.098703888336
Ready To Move,Chandapura,800.0,1.0,2.0,30.0,2 BHK,3750.0
Ready To Move,Chikkabanavar,2000.0,4.0,0.0,65.0,5 BHK,3250.0
Ready To Move,Prasanti Nagar,1200.0,4.0,1.0,190.0,4 BHK,15833.333333333334
Ready To Move,3rd Block Hrbr Layout,1300.0,2.0,3.0,95.0,2 BHK,7307.692307692308
Ready To Move,Kanakpura Road,1220.0,2.0,2.0,60.0,2 BHK,4918.0327868852455
Ready To Move,Sarjapur  Road,2289.0,3.0,2.0,178.0,3 BHK,7776.321537789428
Not Ready To Move,Whitefield,1170.0,2.0,1.0,56.0,2 BHK,4786.324786324786
Ready To Move,Vignana Nagar,1350.0,2.0,2.0,89.5,2 BHK,6629.62962962963
Ready To Move,Kambipura,883.0,2.0,1.0,45.0,2 BHK,5096.262740656852
Ready To Move,Thanisandra,1698.0,3.0,2.0,125.0,3 BHK,7361.601884570083
Ready To Move,Ambalipura,1060.0,2.0,1.0,58.5,2 BHK,5518.867924528302
Ready To Move,Somasundara Palya,1185.0,2.0,2.0,75.0,2 BHK,6329.113924050633
Not Ready To Move,Padmanabhanagar,2051.0,3.0,1.0,180.0,3 BHK,8776.206728425159
Ready To Move,Vittasandra,1404.0,2.0,1.0,72.0,2 BHK,5128.205128205128
Ready To Move,Electronic City Phase II,1252.0,2.0,1.0,67.0,2 BHK,5351.437699680511
Not Ready To Move,Bannerghatta Road,1885.0,3.0,1.0,125.0,3 BHK,6631.29973474801
Ready To Move,Hormavu,980.0,2.0,2.0,42.0,2 BHK,4285.714285714285
Ready To Move,Rajaji Nagar,2500.0,3.0,3.0,340.0,3 BHK,13600.0
Not Ready To Move,Banashankari,1420.0,3.0,1.0,66.0,3 BHK,4647.887323943662
Ready To Move,"Banasawadi, ",2312.0,3.0,2.0,156.0,3 BHK,6747.404844290658
Ready To Move,Kaggadasapura,3000.0,4.0,2.0,130.0,4 BHK,4333.333333333333
Ready To Move,Jayamahal,1175.0,2.0,1.0,70.0,2 BHK,5957.446808510638
Ready To Move,Vinayaka Nagar,1145.0,2.0,2.0,51.0,2 BHK,4454.14847161572
Ready To Move,Bhoganhalli,970.0,2.0,1.0,52.5,2 BHK,5412.371134020618
Not Ready To Move,Electronic City,1125.0,2.0,1.0,32.49,2 BHK,2888.0
Ready To Move,9th Phase JP Nagar,5000.0,4.0,2.0,300.0,4 BHK,6000.0
Ready To Move,3rd Block Jayanagar,2150.0,3.0,3.0,240.0,3 BHK,11162.790697674418
Not Ready To Move,Ramagondanahalli,1635.0,3.0,1.0,57.0,3 BHK,3486.238532110092
Ready To Move,Harlur,3425.0,3.0,1.0,320.0,3 BHK,9343.065693430657
Not Ready To Move,Hennur Road,2950.0,4.0,3.0,253.0,4 BHK,8576.271186440677
Not Ready To Move,Jalahalli,1200.0,2.0,1.0,66.0,1 BHK,5500.0
Ready To Move,Kathriguppe,1335.0,2.0,2.0,73.43,3 BHK,5500.374531835207
Ready To Move,Hebbal,4450.0,6.0,0.0,449.0,4 BHK,10089.887640449439
Ready To Move,Yeshwanthpur,1166.0,2.0,1.0,64.08,2 BHK,5495.711835334477
Ready To Move,Rajaji Nagar,2390.0,3.0,1.0,372.0,3 BHK,15564.853556485356
Ready To Move,Shivaji Nagar,1460.0,2.0,1.0,90.0,3 BHK,6164.3835616438355
Ready To Move,Gulimangala,1690.0,3.0,3.0,50.0,3 BHK,2958.579881656805
Ready To Move,Nagashetty Halli,1386.0,3.0,2.0,93.0,4 BHK,6709.95670995671
Ready To Move,Devasandra Extension,1090.0,2.0,2.0,32.0,2 BHK,2935.7798165137615
Not Ready To Move,Thanisandra,1732.0,3.0,1.0,85.73,3 BHK,4949.769053117783
Ready To Move,Whitefield,1390.0,2.0,1.0,72.0,2 BHK,5179.856115107914
Ready To Move,Sector 2 HSR Layout,1095.0,2.0,1.0,85.41,2 BHK,7800.0
Not Ready To Move,Kengeri,416.0,1.0,1.0,17.19,1 BHK,4132.211538461539
Ready To Move,Channasandra Layout,2400.0,2.0,3.0,50.0,3 BHK,2083.3333333333335
Ready To Move,Yelahanka,1350.0,2.0,3.0,85.0,3 BHK,6296.2962962962965
Ready To Move,Bannerghatta Road,1453.0,2.0,2.0,73.0,3 BHK,5024.088093599449
Ready To Move,Thanisandra,1226.0,2.0,1.0,65.0,2 BHK,5301.794453507341
Ready To Move,Kasturi Nagar,784.0,2.0,2.0,165.0,4 BHK,21045.918367346938
Ready To Move,Hegde Nagar,1168.0,2.0,1.0,68.0,3 BHK,5821.917808219178
Not Ready To Move,Bannerghatta,1776.0,3.0,2.0,124.0,3 BHK,6981.981981981982
Ready To Move,Whitefield,1634.0,3.0,2.0,68.0,3 BHK,4161.566707466341
Ready To Move,Hormavu,860.0,2.0,0.0,56.0,2 BHK,6511.627906976744
Ready To Move,Kamala Nagar,2800.0,3.0,1.0,400.0,3 BHK,14285.714285714286
Ready To Move,Nagasandra,1650.0,3.0,2.0,95.0,3 BHK,5757.575757575758
Ready To Move,Whitefield,1190.0,2.0,1.0,70.0,2 BHK,5882.35294117647
Not Ready To Move,JP Nagar,1133.0,2.0,1.0,33.99,2 BHK,3000.0
Ready To Move,Suraksha Nagar,1559.0,3.0,2.0,62.0,3 BHK,3976.9082745349583
Ready To Move,Horamavu Banaswadi,1448.0,4.0,0.0,118.0,3 BHK,8149.171270718232
Ready To Move,Sathya Sai Layout,6652.0,6.0,1.0,510.0,4 BHK,7666.867107636801
Ready To Move,Kodichikkanahalli,976.0,2.0,1.0,50.0,2 BHK,5122.950819672131
Ready To Move,Bank Of Baroda Colony,1350.0,4.0,3.0,240.0,4 BHK,17777.777777777777
Ready To Move,Yelahanka,1590.0,2.0,2.0,54.0,3 BHK,3396.2264150943397
Not Ready To Move,Binny Pete,2940.0,6.0,2.0,201.0,4 BHK,6836.734693877551
Ready To Move,Yelahanka,1633.0,3.0,2.0,110.0,3 BHK,6736.068585425597
Not Ready To Move,Ramagondanahalli,1151.0,2.0,2.0,46.0,2 BHK,3996.524761077324
Ready To Move,Kereguddadahalli,1400.0,2.0,2.0,42.0,3 BHK,3000.0
Not Ready To Move,Uttarahalli,1037.0,2.0,1.0,36.0,2 BHK,3471.552555448409
Ready To Move,Thanisandra,1188.0,2.0,1.0,36.0,2 BHK,3030.3030303030305
Ready To Move,Raja Rajeshwari Nagar 5th Stage,1060.0,2.0,1.0,52.0,2 BHK,4905.66037735849
Ready To Move,Thigalarapalya,2215.0,4.0,2.0,162.0,3 BHK,7313.769751693002
Ready To Move,Hennur,1255.0,2.0,2.0,54.5,2 BHK,4342.629482071713
Ready To Move,Ganesha Block,2500.0,2.0,1.0,300.0,3 BHK,12000.0
Ready To Move,Hormavu,1075.0,2.0,1.0,53.7,2 BHK,4995.3488372093025
Not Ready To Move,Harlur,2569.0,5.0,3.0,180.0,4 BHK,7006.617360840794
Not Ready To Move,ITPL,900.0,2.0,1.0,27.0,2 BHK,3000.0
Not Ready To Move,Kudlu Gate,1183.0,2.0,1.0,79.54,2 BHK,6723.584108199494
Ready To Move,HSR Layout,1100.0,2.0,2.0,44.0,2 BHK,4000.0
Ready To Move,GM Palaya,1643.0,2.0,2.0,70.0,3 BHK,4260.49908703591
Ready To Move,Banagiri Nagar,1500.0,2.0,2.0,120.0,3 BHK,8000.0
Ready To Move,Jakkur,1291.0,2.0,1.0,75.0,2 BHK,5809.450038729667
Not Ready To Move,Hennur,1150.0,3.0,2.0,80.0,3 BHK,6956.521739130435
Ready To Move,Electronic City,1060.0,2.0,1.0,55.0,2 BHK,5188.679245283019
Ready To Move,7th Phase JP Nagar,1575.0,2.0,2.0,110.0,3 BHK,6984.126984126984
Ready To Move,BHEL Layout,1200.0,4.0,1.0,160.0,5 BHK,13333.333333333334
Ready To Move,Byrathi Village,1700.0,3.0,2.0,55.0,4 BHK,3235.294117647059
Ready To Move,Mahadevpura,1236.0,2.0,1.0,58.0,2 BHK,4692.556634304207
Ready To Move,Ramamurthy Nagar,1350.0,2.0,2.0,39.0,3 BHK,2888.8888888888887
Ready To Move,Malleshwaram,2475.0,4.0,3.0,326.0,3 BHK,13171.717171717171
Ready To Move,Haralur Road,4694.0,5.0,2.0,375.0,4 BHK,7988.9220281210055
Not Ready To Move,Electronic City,1200.0,2.0,1.0,34.66,2 BHK,2888.333333333333
Ready To Move,Hulimavu,1200.0,4.0,1.0,75.0,4 BHK,6250.0
Ready To Move,Harlur,1225.0,2.0,2.0,56.0,2 BHK,4571.428571428572
Not Ready To Move,Thanisandra,1056.0,2.0,1.0,75.0,2 BHK,7102.272727272727
Not Ready To Move,9th Phase JP Nagar,1240.0,2.0,2.0,42.85,3 BHK,3455.6451612903224
Not Ready To Move,Banashankari,1200.0,3.0,2.0,74.52,3 BHK,6210.0
Not Ready To Move,Kudlu Gate,1850.0,3.0,2.0,110.0,3 BHK,5945.945945945946
Ready To Move,Amblipura,3150.0,4.0,3.0,180.0,4 BHK,5714.285714285715
Ready To Move,Naganathapura,1200.0,1.0,0.0,39.82,1 BHK,3318.3333333333335
Ready To Move,Dodda Banaswadi,1018.0,4.0,1.0,150.0,4 BHK,14734.774066797643
Ready To Move,Konena Agrahara,3520.0,6.0,1.0,460.0,5 BHK,13068.181818181818
Not Ready To Move,Chandapura,1185.0,2.0,2.0,30.22,3 BHK,2550.2109704641352
Ready To Move,Jigani,918.0,2.0,2.0,56.0,2 BHK,6100.217864923748
Ready To Move,GD Layout,1330.0,2.0,2.0,68.0,3 BHK,5112.7819548872185
Ready To Move,Munnekollal,1540.0,2.0,3.0,70.0,3 BHK,4545.454545454545
Ready To Move,Lakshminarayana Pura,1200.0,2.0,2.0,80.0,2 BHK,6666.666666666667
Not Ready To Move,Sunkan palya,927.0,2.0,2.0,37.0,2 BHK,3991.3700107874865
Ready To Move,CV Raman Nagar,1400.0,2.0,2.0,78.0,3 BHK,5571.428571428572
Ready To Move,Hosur Road,1345.0,2.0,2.0,106.0,2 BHK,7881.0408921933085
Ready To Move,1st Phase JP Nagar,1900.0,3.0,1.0,400.0,4 BHK,21052.63157894737
Ready To Move,8th Phase JP Nagar,1510.0,2.0,3.0,80.0,2 BHK,5298.013245033113
Ready To Move,Malleshwaram,302.0,2.0,1.0,25.0,2 BHK,8278.14569536424
Not Ready To Move,Kanakpura Road,525.0,1.0,1.0,27.0,1 BHK,5142.857142857143
Not Ready To Move,ITPL,1500.0,3.0,1.0,61.52,3 BHK,4101.333333333333
Ready To Move,Vidyaranyapura,1100.0,2.0,2.0,72.0,3 BHK,6545.454545454545
Ready To Move,Sunkadakatte,1200.0,3.0,1.0,68.0,3 BHK,5666.666666666667
Not Ready To Move,Kanakpura Road,1100.0,3.0,2.0,53.0,3 BHK,4818.181818181818
Not Ready To Move,Hormavu,2282.0,4.0,0.0,115.0,4 BHK,5039.439088518843
Ready To Move,Jayanti Nagar,760.0,2.0,1.0,37.49,2 BHK,4932.894736842105
Ready To Move,Sarjapur,2172.0,3.0,0.0,100.0,3 BHK,4604.051565377532
Ready To Move,Kumaraswami Layout,600.0,2.0,1.0,72.0,4 BHK,12000.0
Ready To Move,8th Phase JP Nagar,3300.0,3.0,2.0,165.0,3 BHK,5000.0
Not Ready To Move,Thubarahalli,1242.0,3.0,1.0,51.0,3 BHK,4106.280193236715
Ready To Move,Moodalapalya,410.0,1.0,1.0,48.0,1 BHK,11707.317073170732
Ready To Move,Uttarahalli,1245.0,2.0,2.0,43.58,3 BHK,3500.401606425703
Ready To Move,Kadugodi,1088.0,2.0,2.0,44.0,2 BHK,4044.1176470588234
Ready To Move,Sahakara Nagar,1200.0,2.0,0.0,46.0,2 BHK,3833.3333333333335
Ready To Move,TC Palaya,1995.0,3.0,1.0,100.0,3 BHK,5012.5313283208025
Ready To Move,Haralur Road,1309.0,2.0,1.0,82.0,2 BHK,6264.323911382735
Ready To Move,BTM 1st Stage,1717.0,3.0,2.0,200.0,3 BHK,11648.223645894
Ready To Move,7th Phase JP Nagar,2100.0,3.0,2.0,200.0,3 BHK,9523.809523809523
Ready To Move,Gayathri Nagar,880.0,1.0,0.0,90.0,2 BHK,10227.272727272728
Not Ready To Move,Maruthi Nagar,1250.0,3.0,2.0,42.0,3 BHK,3360.0
Ready To Move,Hebbal,3520.0,5.0,2.0,240.0,3 BHK,6818.181818181818
Ready To Move,5th Phase JP Nagar,1041.0,2.0,2.0,54.0,2 BHK,5187.319884726225
Ready To Move,Sarjapur  Road,1505.0,2.0,2.0,60.0,3 BHK,3986.7109634551493
Not Ready To Move,Bannerghatta,1776.0,3.0,2.0,150.0,3 BHK,8445.945945945947
Ready To Move,Bellandur,1767.0,3.0,2.0,89.0,3 BHK,5036.785512167516
Ready To Move,Rajiv Gandhi Nagar,1293.0,2.0,2.0,80.0,2 BHK,6187.161639597834
Ready To Move,Kengeri,1320.0,2.0,1.0,50.0,2 BHK,3787.878787878788
Ready To Move,Bhuvaneshwari Nagar,1280.0,2.0,2.0,68.48,2 BHK,5350.0
Not Ready To Move,Thanisandra,1245.0,2.0,1.0,83.05,2 BHK,6670.682730923695
Ready To Move,Haralur Road,1027.0,1.0,2.0,44.0,2 BHK,4284.323271665044
Ready To Move,Yelenahalli,1200.0,2.0,1.0,46.17,2 BHK,3847.5
Not Ready To Move,Kanakpura Road,1100.0,3.0,2.0,58.0,3 BHK,5272.727272727273
Ready To Move,Medahalli,1065.0,3.0,1.0,72.0,3 BHK,6760.56338028169
Not Ready To Move,Kannamangala,1814.0,3.0,1.0,129.0,3 BHK,7111.35611907387
Ready To Move,Ramagondanahalli,1610.0,2.0,1.0,112.0,3 BHK,6956.521739130435
Ready To Move,Kumaraswami Layout,850.0,1.0,1.0,78.0,1 BHK,9176.470588235294
Not Ready To Move,Kasavanhalli,1600.0,3.0,3.0,79.0,3 BHK,4937.5
Ready To Move,Old Mangammanapalya Road,3200.0,4.0,2.0,140.0,3 BHK,4375.0
Ready To Move,Canara Bank Colony,1250.0,2.0,1.0,77.13,3 BHK,6170.4
Ready To Move,Haralur Road,1243.0,2.0,2.0,46.0,2 BHK,3700.7240547063557
Ready To Move,Kanakpura Road,1452.0,3.0,3.0,60.98,3 BHK,4199.724517906336
Ready To Move,Ittamadu,1475.0,3.0,3.0,75.0,3 BHK,5084.745762711865
Ready To Move,Electronic City,1353.0,2.0,3.0,75.0,2 BHK,5543.2372505543235
Ready To Move,Maruthi Sevanagar,2100.0,3.0,0.0,210.0,4 BHK,10000.0
Not Ready To Move,Electronics City Phase 1,1750.0,3.0,2.0,58.0,3 BHK,3314.285714285714
Ready To Move,Whitefield,4800.0,4.0,3.0,550.0,4 BHK,11458.333333333334
Ready To Move,Sahakara Nagar,1270.0,2.0,1.0,96.0,2 BHK,7559.055118110236
Ready To Move,Battarahalli,2700.0,3.0,0.0,75.0,4 BHK,2777.777777777778
Ready To Move,8th Phase JP Nagar,1200.0,4.0,2.0,270.0,4 BHK,22500.0
Not Ready To Move,Thanisandra,2695.0,4.0,3.0,188.0,4 BHK,6975.881261595548
Ready To Move,Hessarghatta,1330.0,3.0,2.0,65.0,3 BHK,4887.2180451127815
Ready To Move,Electronic City,660.0,1.0,0.0,18.0,2 BHK,2727.2727272727275
Ready To Move,BTM 2nd Stage,1400.0,2.0,3.0,90.0,2 BHK,6428.571428571428
Ready To Move,Gubbalala,4000.0,5.0,1.0,195.0,4 BHK,4875.0
Ready To Move,Kanakpura Road,1700.0,3.0,2.0,75.0,3 BHK,4411.764705882353
Ready To Move,Kasavanhalli,1585.0,2.0,2.0,90.0,2 BHK,5678.233438485804
Ready To Move,Kothanur,1385.0,3.0,3.0,67.0,3 BHK,4837.545126353791
Not Ready To Move,Electronic City,1128.0,2.0,1.0,67.0,2 BHK,5939.7163120567375
Ready To Move,HSR Layout,1203.0,2.0,2.0,60.0,2 BHK,4987.5311720698255
Ready To Move,Mallasandra,905.0,2.0,1.0,35.0,2 BHK,3867.403314917127
Not Ready To Move,Hennur Road,1450.0,3.0,2.0,79.0,3 BHK,5448.275862068966
Ready To Move,Varthur,1105.0,2.0,3.0,38.0,2 BHK,3438.914027149321
Not Ready To Move,Channasandra,1200.0,2.0,1.0,46.13,2 BHK,3844.1666666666665
Ready To Move,Jalahalli,1530.0,2.0,3.0,89.0,3 BHK,5816.993464052288
Ready To Move,Whitefield,1105.0,2.0,1.0,35.4,2 BHK,3203.6199095022625
Not Ready To Move,Dasarahalli,1333.0,2.0,1.0,78.56,2 BHK,5893.473368342085
Not Ready To Move,Hongasandra,1065.0,2.0,2.0,45.0,2 BHK,4225.352112676056
Ready To Move,Haralur Road,1243.0,2.0,2.0,46.0,2 BHK,3700.7240547063557
Not Ready To Move,Old Madras Road,1530.0,3.0,2.0,76.34,3 BHK,4989.5424836601305
Ready To Move,Margondanahalli,1200.0,2.0,1.0,65.0,2 BHK,5416.666666666667
Ready To Move,Whitefield,1270.0,2.0,1.0,94.0,2 BHK,7401.574803149606
Ready To Move,Bellandur,1830.0,3.0,3.0,89.0,3 BHK,4863.3879781420765
Ready To Move,Chandapura,900.0,2.0,3.0,35.0,2 BHK,3888.8888888888887
Ready To Move,Attibele,2400.0,2.0,2.0,250.0,4 BHK,10416.666666666666
Ready To Move,Bannerghatta Road,1450.0,2.0,2.0,78.0,3 BHK,5379.310344827586
Ready To Move,J C Nagar,1525.0,3.0,3.0,65.0,3 BHK,4262.295081967213
Ready To Move,Mahalakshmi Layout,1080.0,2.0,1.0,67.0,2 BHK,6203.7037037037035
Ready To Move,Bagalur Main Road,1220.0,2.0,2.0,72.0,2 BHK,5901.639344262295
Ready To Move,Begur Road,1200.0,2.0,2.0,44.4,2 BHK,3700.0
Ready To Move,R.T. Nagar,2400.0,3.0,0.0,348.0,3 BHK,14500.0
Ready To Move,Govindapura,1500.0,2.0,2.0,60.0,2 BHK,4000.0
Ready To Move,Koramangala,1355.0,2.0,2.0,95.0,2 BHK,7011.070110701107
Not Ready To Move,Electronic City,1070.0,2.0,1.0,57.0,2 BHK,5327.102803738318
Ready To Move,CV Raman Nagar,1980.0,4.0,1.0,180.0,3 BHK,9090.90909090909
Ready To Move,Bommasandra,842.0,2.0,2.0,30.0,2 BHK,3562.9453681710215
Ready To Move,Bannerghatta Road,700.0,1.0,1.0,31.2,1 BHK,4457.142857142857
Ready To Move,Doddakammanahalli,2500.0,4.0,2.0,65.0,3 BHK,2600.0
Ready To Move,"Kanakapura Road, ",1884.0,3.0,2.0,95.0,3 BHK,5042.462845010616
Ready To Move,Dena Bank Colony,1100.0,2.0,2.0,75.0,2 BHK,6818.181818181818
Ready To Move,Raja Rajeshwari Nagar,1196.0,2.0,2.0,40.54,2 BHK,3389.632107023411
Ready To Move,Budigere,1820.0,3.0,2.0,85.0,3 BHK,4670.32967032967
Ready To Move,Thanisandra,1185.0,2.0,2.0,43.5,2 BHK,3670.8860759493673
Ready To Move,Varthur,2145.0,3.0,2.0,170.0,3 BHK,7925.407925407925
Ready To Move,Whitefield,1220.0,2.0,1.0,89.0,2 BHK,7295.081967213115
Ready To Move,Whitefield,1116.0,2.0,3.0,51.91,2 BHK,4651.433691756272
Ready To Move,6th Phase JP Nagar,1192.0,2.0,3.0,75.0,2 BHK,6291.946308724832
Ready To Move,Marathahalli,1449.0,3.0,2.0,110.0,3 BHK,7591.44237405107
Ready To Move,Ardendale,2500.0,3.0,1.0,250.0,3 BHK,10000.0
Ready To Move,Electronic City,1700.0,3.0,2.0,90.0,3 BHK,5294.117647058823
Not Ready To Move,Hebbal,1920.0,3.0,2.0,150.0,3 BHK,7812.5
Ready To Move,BTM 4th Stage,1350.0,2.0,0.0,90.0,2 BHK,6666.666666666667
Ready To Move,Devanahalli Int. Airport,4800.0,5.0,2.0,350.0,4 BHK,7291.666666666667
Ready To Move,"Sarjapur Road, ",1700.0,3.0,2.0,74.0,3 BHK,4352.941176470588
Not Ready To Move,Hoodi,1447.0,3.0,2.0,76.0,2 BHK,5252.24602626123
Not Ready To Move,Kanakpura Road,1329.0,2.0,1.0,107.0,2 BHK,8051.166290443943
Ready To Move,Sarjapur  Road,1314.0,2.0,2.0,70.44,3 BHK,5360.730593607306
Ready To Move,Hal old airport road,1200.0,3.0,2.0,110.0,3 BHK,9166.666666666666
Not Ready To Move,Hosa Road,1513.0,3.0,1.0,103.0,3 BHK,6807.666886979511
Ready To Move,Vittasandra,1246.0,2.0,1.0,67.5,2 BHK,5417.335473515249
Ready To Move,Ganga Nagar,705.0,1.0,1.0,65.0,1 BHK,9219.85815602837
Ready To Move,Dasarahalli,1220.0,2.0,2.0,62.0,2 BHK,5081.9672131147545
Ready To Move,Yelahanka New Town,1800.0,2.0,1.0,45.0,3 BHK,2500.0
Ready To Move,Kaval Byrasandra,1400.0,3.0,2.0,75.0,3 BHK,5357.142857142857
Ready To Move,Kasavanhalli,1245.0,2.0,2.0,80.0,2 BHK,6425.70281124498
Ready To Move,Anantapuram,1495.0,2.0,1.0,63.0,3 BHK,4214.046822742475
Ready To Move,Nagavara,2000.0,2.0,2.0,275.0,3 BHK,13750.0
Ready To Move,Gollarapalya Hosahalli,996.0,2.0,2.0,36.5,2 BHK,3664.6586345381525
Ready To Move,Yelahanka New Town,1000.0,2.0,1.0,44.0,2 BHK,4400.0
Ready To Move,Chikka Banaswadi,1250.0,2.0,3.0,75.0,2 BHK,6000.0
Not Ready To Move,Chandapura,975.0,2.0,1.0,24.86,2 BHK,2549.74358974359
Ready To Move,Thanisandra,1261.0,2.0,1.0,80.0,3 BHK,6344.171292624901
Ready To Move,Electronics City Phase 1,1080.0,2.0,2.0,46.0,2 BHK,4259.259259259259
Ready To Move,Akshayanagara East,1230.0,2.0,1.0,50.0,2 BHK,4065.040650406504
Not Ready To Move,Kammasandra,982.0,2.0,2.0,25.53,2 BHK,2599.79633401222
Not Ready To Move,Bommasandra,1260.0,3.0,1.0,49.36,3 BHK,3917.4603174603176
Ready To Move,HSR Layout,1590.0,2.0,2.0,135.0,3 BHK,8490.566037735849
Ready To Move,Horamavu Agara,1220.0,2.0,2.0,39.0,2 BHK,3196.72131147541
Not Ready To Move,Electronic City Phase II,1320.0,2.0,1.0,38.12,3 BHK,2887.8787878787875
Ready To Move,Green Glen Layout,1750.0,3.0,2.0,105.0,3 BHK,6000.0
Ready To Move,Whitefield,1436.0,2.0,3.0,62.15,3 BHK,4327.994428969359
Not Ready To Move,TC Palaya,1200.0,2.0,0.0,66.0,3 BHK,5500.0
Ready To Move,Malleshwaram,1500.0,2.0,1.0,140.0,2 BHK,9333.333333333334
Ready To Move,Varthur,1560.0,3.0,2.0,90.0,3 BHK,5769.2307692307695
Not Ready To Move,Whitefield,3758.0,3.0,1.0,300.0,3 BHK,7982.969664715274
Ready To Move,Belatur,1275.0,2.0,2.0,59.0,2 BHK,4627.450980392156
Ready To Move,Ramanjaneyanagar,1040.0,2.0,2.0,36.4,2 BHK,3500.0
Ready To Move,Bellandur,2400.0,3.0,2.0,115.0,3 BHK,4791.666666666667
Not Ready To Move,Kaggalipura,3150.0,5.0,1.0,212.0,4 BHK,6730.158730158731
Ready To Move,Karuna Nagar,1960.0,3.0,2.0,165.0,3 BHK,8418.367346938776
Ready To Move,JP Nagar,3200.0,5.0,3.0,309.0,4 BHK,9656.25
Ready To Move,Yeshwanthpur,1195.0,2.0,2.0,100.0,2 BHK,8368.200836820084
Ready To Move,Hosakerehalli,4500.0,5.0,2.0,145.0,5 BHK,3222.222222222222
Ready To Move,Ulsoor,450.0,3.0,1.0,70.0,3 BHK,15555.555555555555
Not Ready To Move,Sathya Sai Layout,4304.0,4.0,2.0,699.0,4 BHK,16240.706319702602
Not Ready To Move,Javarandoddi,648.0,1.0,1.0,40.0,1 BHK,6172.83950617284
Ready To Move,Sarjapur  Road,2100.0,3.0,2.0,130.0,3 BHK,6190.476190476191
Not Ready To Move,Thanisandra main road,4209.0,4.0,2.0,602.0,4 BHK,14302.684723212164
Ready To Move,Kudlu,1027.0,2.0,1.0,44.0,2 BHK,4284.323271665044
Ready To Move,Whitefield,1575.0,4.0,3.0,250.0,4 BHK,15873.015873015873
Not Ready To Move,Bommasandra,1365.0,3.0,1.0,52.82,3 BHK,3869.5970695970695
Ready To Move,Yelahanka New Town,650.0,1.0,1.0,18.0,1 BHK,2769.230769230769
Not Ready To Move,Chandapura,1200.0,2.0,1.0,52.0,3 BHK,4333.333333333333
Ready To Move,Cooke Town,1100.0,2.0,3.0,90.0,2 BHK,8181.818181818182
Ready To Move,7th Phase JP Nagar,1075.0,2.0,1.0,57.0,3 BHK,5302.325581395349
Ready To Move,Banashankari,1100.0,2.0,1.0,63.0,2 BHK,5727.272727272727
Ready To Move,Akshya Nagar,1320.0,2.0,1.0,58.0,3 BHK,4393.939393939394
Ready To Move,Kammasandra,1500.0,3.0,2.0,65.0,3 BHK,4333.333333333333
Ready To Move,Vijaypura,1200.0,5.0,1.0,150.0,4 BHK,12500.0
Ready To Move,Bapuji Nagar,1125.0,3.0,2.0,126.0,4 BHK,11200.0
Ready To Move,Vittasandra,1246.0,2.0,1.0,67.5,2 BHK,5417.335473515249
Not Ready To Move,Bhoganhalli,1718.0,3.0,2.0,90.2,3 BHK,5250.291036088475
Ready To Move,Bisuvanahalli,1075.0,2.0,1.0,32.0,3 BHK,2976.7441860465115
Not Ready To Move,Chennammana Kere,1480.0,3.0,1.0,75.48,3 BHK,5100.0
Ready To Move,Austin Town,500.0,1.0,1.0,13.0,1 BHK,2600.0
Ready To Move,3rd Block Banashankari,2400.0,4.0,1.0,325.0,5 BHK,13541.666666666666
Not Ready To Move,Kaikondrahalli,1200.0,4.0,2.0,125.0,4 BHK,10416.666666666666
Ready To Move,Kanakpura Road,1041.0,2.0,1.0,36.44,2 BHK,3500.480307396734
Ready To Move,Doddanekundi,1128.0,2.0,2.0,48.4,2 BHK,4290.780141843971
Ready To Move,Hosur Road,1685.0,3.0,1.0,90.0,3 BHK,5341.246290801187
Ready To Move,Guddadahalli,1180.0,2.0,2.0,65.0,2 BHK,5508.474576271186
Ready To Move,Ejipura,1200.0,2.0,1.0,60.0,2 BHK,5000.0
Not Ready To Move,Mangammanapalya,1250.0,3.0,2.0,39.5,3 BHK,3160.0
Not Ready To Move,Kanakpura Road,900.0,2.0,1.0,41.0,2 BHK,4555.555555555556
Ready To Move,Chelekare,1000.0,2.0,1.0,45.0,2 BHK,4500.0
Ready To Move,Yelahanka New Town,600.0,2.0,2.0,80.0,2 BHK,13333.333333333334
Ready To Move,2nd Stage Nagarbhavi,600.0,3.0,2.0,82.0,4 BHK,13666.666666666666
Ready To Move,Vittasandra,1404.0,2.0,1.0,70.0,2 BHK,4985.754985754986
Ready To Move,Ramagondanahalli,1610.0,2.0,2.0,115.0,3 BHK,7142.857142857143
Not Ready To Move,Varthur,1760.0,2.0,1.0,85.0,2 BHK,4829.545454545455
Ready To Move,Amam Enclave Layout,975.0,2.0,1.0,55.0,2 BHK,5641.025641025641
Ready To Move,Kashi Nagar,1190.0,2.0,2.0,42.0,2 BHK,3529.4117647058824
Ready To Move,Kudlu,1110.0,2.0,1.0,46.0,2 BHK,4144.144144144144
Ready To Move,Rajaji Nagar,2415.0,3.0,2.0,399.0,3 BHK,16521.739130434784
Not Ready To Move,Gunjur,1235.0,2.0,2.0,44.5,2 BHK,3603.2388663967613
Ready To Move,Nanjappa Garden,1275.0,2.0,3.0,55.0,2 BHK,4313.725490196079
Ready To Move,Victoria Layout,1115.0,2.0,1.0,115.0,2 BHK,10313.90134529148
Ready To Move,Harlur,1197.0,2.0,1.0,76.0,2 BHK,6349.206349206349
Not Ready To Move,Begur Road,644.0,1.0,1.0,32.0,1 BHK,4968.944099378882
Ready To Move,Bellandur,1251.0,2.0,3.0,47.0,2 BHK,3756.994404476419
Not Ready To Move,Neeladri Nagar,1105.0,2.0,2.0,30.0,2 BHK,2714.9321266968327
Not Ready To Move,4th Phase JP Nagar,1080.0,2.0,2.0,38.0,2 BHK,3518.5185185185187
Ready To Move,Kudlu,2100.0,3.0,1.0,114.0,4 BHK,5428.571428571428
Ready To Move,Kammanahalli,1600.0,4.0,1.0,200.0,4 BHK,12500.0
Ready To Move,NRI Layout,1731.0,3.0,3.0,64.11,3 BHK,3703.639514731369
Ready To Move,Hormavu,1206.0,2.0,1.0,55.0,2 BHK,4560.530679933665
Ready To Move,Choodasandra,1560.0,3.0,2.0,78.0,3 BHK,5000.0
Ready To Move,7th Phase JP Nagar,750.0,1.0,2.0,47.0,1 BHK,6266.666666666667
Ready To Move,Billekahalli,1035.0,2.0,2.0,90.0,2 BHK,8695.652173913044
Ready To Move,Sarjapur  Road,702.0,1.0,0.0,35.8,1 BHK,5099.715099715099
Ready To Move,Attibele,1700.0,3.0,1.0,65.0,3 BHK,3823.529411764706
Ready To Move,HRBR Layout,1145.0,2.0,2.0,68.5,2 BHK,5982.532751091703
Ready To Move,Ramamurthy Nagar,1208.0,2.0,2.0,43.5,3 BHK,3600.9933774834435
Ready To Move,Brookefield,1589.0,3.0,2.0,74.0,3 BHK,4657.016991818754
Ready To Move,Allalasandra,560.0,2.0,1.0,22.0,2 BHK,3928.5714285714284
Ready To Move,Yelahanka New Town,1426.0,2.0,2.0,61.5,3 BHK,4312.762973352033
Ready To Move,Green Glen Layout,1885.0,3.0,2.0,135.0,3 BHK,7161.803713527852
Not Ready To Move,Old Madras Road,935.0,2.0,0.0,37.77,2 BHK,4039.5721925133694
Not Ready To Move,Old Madras Road,1171.0,2.0,2.0,73.0,2 BHK,6233.98804440649
Ready To Move,Singasandra,1465.0,2.0,3.0,60.0,2 BHK,4095.563139931741
Ready To Move,Budigere,1820.0,3.0,2.0,95.0,3 BHK,5219.780219780219
Ready To Move,Raja Rajeshwari Nagar,1580.0,2.0,2.0,66.85,3 BHK,4231.012658227847
Ready To Move,Whitefield,1452.0,2.0,2.0,46.29,3 BHK,3188.0165289256197
Ready To Move,Hennur Road,1445.0,2.0,1.0,89.56,3 BHK,6197.923875432526
Ready To Move,Gollahalli,1170.0,2.0,1.0,39.0,2 BHK,3333.3333333333335
Ready To Move,Anjappa Layout,1070.0,2.0,1.0,50.0,2 BHK,4672.897196261682
Not Ready To Move,Kanakpura Road,1100.0,3.0,2.0,53.0,3 BHK,4818.181818181818
Not Ready To Move,Kothanur,1140.0,2.0,2.0,56.0,2 BHK,4912.2807017543855
Ready To Move,Rachenahalli,2600.0,3.0,2.0,160.0,3 BHK,6153.846153846154
Ready To Move,Shikaripalya,1532.0,3.0,2.0,59.75,3 BHK,3900.1305483028723
Ready To Move,AGS Layout,1150.0,2.0,1.0,46.0,2 BHK,4000.0
Ready To Move,Jakkur,1473.0,2.0,1.0,85.0,2 BHK,5770.536320434488
Ready To Move,Kathriguppe,1350.0,3.0,2.0,80.99,3 BHK,5999.259259259258
Ready To Move,Prithvi Layout,4040.0,4.0,0.0,500.0,4 BHK,12376.237623762376
Not Ready To Move,CV Raman Nagar,1980.0,4.0,2.0,166.0,3 BHK,8383.838383838383
Not Ready To Move,Hoodi,1660.0,3.0,2.0,128.0,3 BHK,7710.843373493976
Ready To Move,Chamrajpet,650.0,2.0,2.0,45.0,2 BHK,6923.076923076923
Ready To Move,Neeladri Nagar,4000.0,5.0,2.0,425.0,5 BHK,10625.0
Ready To Move,Malleshwaram,2475.0,4.0,3.0,340.0,3 BHK,13737.373737373737
Ready To Move,Chikkakannalli,1495.0,3.0,2.0,90.0,3 BHK,6020.066889632107
Ready To Move,R.T. Nagar,1080.0,2.0,1.0,48.0,2 BHK,4444.444444444444
Ready To Move,Electronic City,1521.0,2.0,2.0,57.5,3 BHK,3780.4076265614726
Ready To Move,Aishwarya Crystal Layout,1053.0,2.0,0.0,51.0,2 BHK,4843.304843304843
Not Ready To Move,Binny Pete,2406.0,5.0,2.0,289.0,3 BHK,12011.63757273483
Ready To Move,Kanakpura Road,800.0,5.0,3.0,115.0,4 BHK,14375.0
Ready To Move,7th Phase JP Nagar,1050.0,2.0,1.0,42.0,2 BHK,4000.0
Ready To Move,Thanisandra,1430.0,2.0,2.0,51.48,3 BHK,3600.0
Ready To Move,Begur,2400.0,3.0,2.0,12.0,3 BHK,500.0
Not Ready To Move,OLd Gurappanapalya,1250.0,3.0,2.0,39.0,3 BHK,3120.0
Ready To Move,Ramanagara Channapatna,1200.0,2.0,1.0,75.0,4 BHK,6250.0
Ready To Move,Ulsoor,840.0,1.0,1.0,150.0,1 BHK,17857.14285714286
Ready To Move,Uttarahalli,1000.0,2.0,2.0,39.5,2 BHK,3950.0
Ready To Move,Bannerghatta Road,1630.0,3.0,3.0,68.0,3 BHK,4171.7791411042945
Ready To Move,Kammasandra,985.0,2.0,1.0,40.5,2 BHK,4111.675126903553
Ready To Move,BTM 2nd Stage,1200.0,2.0,2.0,70.0,2 BHK,5833.333333333333
Ready To Move,Ambalipura,1650.0,3.0,3.0,100.0,3 BHK,6060.606060606061
Ready To Move,Mico Layout,1670.0,3.0,2.0,59.0,3 BHK,3532.934131736527
Ready To Move,5th Block Hbr Layout,1200.0,5.0,2.0,205.0,5 BHK,17083.333333333332
Not Ready To Move,Sarjapur  Road,1240.0,4.0,0.0,110.0,4 BHK,8870.967741935483
Ready To Move,Maheswari Nagar,1000.0,2.0,2.0,60.0,2 BHK,6000.0
Ready To Move,Doddabanahalli,830.0,2.0,2.0,26.0,2 BHK,3132.5301204819275
Not Ready To Move,Ramagondanahalli,1200.0,3.0,1.0,56.1,3 BHK,4675.0
Ready To Move,Sadashiva Nagar,9600.0,7.0,2.0,2736.0,5 BHK,28500.0
Ready To Move,Haralur Road,1140.0,2.0,2.0,43.0,2 BHK,3771.9298245614036
Ready To Move,Nagarbhavi,1635.0,3.0,3.0,85.0,3 BHK,5198.7767584097855
Ready To Move,HSR Layout,1120.0,2.0,1.0,70.0,2 BHK,6250.0
Ready To Move,Sector 7 HSR Layout,1760.0,3.0,2.0,185.0,3 BHK,10511.363636363636
Ready To Move,Harlur,2137.0,3.0,2.0,110.0,3 BHK,5147.402901263454
Ready To Move,Hennur Road,973.0,2.0,1.0,50.74,2 BHK,5214.799588900309
Not Ready To Move,Kundalahalli,1724.0,3.0,1.0,146.0,3 BHK,8468.677494199535
Ready To Move,Banashankari,1020.0,2.0,2.0,40.79,2 BHK,3999.0196078431372
Ready To Move,Hsr layout sector3,1200.0,4.0,3.0,375.0,4 BHK,31250.0
Ready To Move,Electronic City,750.0,1.0,1.0,35.0,1 BHK,4666.666666666667
Ready To Move,Kambipura,883.0,2.0,1.0,49.0,2 BHK,5549.263873159683
Ready To Move,Thyagraj Nagar,660.0,2.0,0.0,76.0,2 BHK,11515.151515151516
Ready To Move,Ramagondanahalli,2787.0,5.0,2.0,220.0,4 BHK,7893.792608539648
Ready To Move,Devasthanagalu,1470.0,2.0,3.0,60.0,3 BHK,4081.6326530612246
Not Ready To Move,Electronics City Phase 1,891.0,2.0,1.0,24.95,2 BHK,2800.2244668911335
Ready To Move,"Sarjapur Road, ",1275.0,2.0,1.0,76.0,2 BHK,5960.78431372549
Ready To Move,Kothanur,1787.0,3.0,2.0,120.0,3 BHK,6715.165081141578
Ready To Move,8th Phase JP Nagar,1730.0,5.0,2.0,75.0,5 BHK,4335.260115606937
Ready To Move,Sarjapur  Road,1320.0,2.0,2.0,110.0,2 BHK,8333.333333333334
Not Ready To Move,Yeshwanthpur,1692.0,3.0,3.0,108.0,3 BHK,6382.978723404255
Ready To Move,Bannerghatta Road,1400.0,3.0,2.0,69.0,3 BHK,4928.571428571428
Ready To Move,Sarjapur  Road,1115.0,2.0,1.0,50.0,2 BHK,4484.304932735426
Ready To Move,Whitefield,1370.0,2.0,2.0,56.0,2 BHK,4087.5912408759123
Not Ready To Move,Thirumenahalli,1602.0,3.0,2.0,56.0,3 BHK,3495.6304619225966
Not Ready To Move,"Hoodi Circle, ",793.0,1.0,1.0,40.0,1 BHK,5044.136191677176
Ready To Move,GM Palaya,675.0,1.0,1.0,35.0,1 BHK,5185.185185185185
Ready To Move,Chikka Tirupathi,3250.0,4.0,2.0,136.0,4 BHK,4184.615384615385
Ready To Move,Whitefield,1050.0,2.0,3.0,43.0,2 BHK,4095.2380952380954
Ready To Move,Jalahalli East,1035.0,2.0,1.0,42.5,2 BHK,4106.280193236715
Not Ready To Move,Sarjapur  Road,1200.0,2.0,2.0,44.0,3 BHK,3666.6666666666665
Ready To Move,Sarjapur  Road,1800.0,3.0,2.0,128.0,3 BHK,7111.111111111111
Ready To Move,Green Glen Layout,1625.0,3.0,2.0,70.0,3 BHK,4307.692307692308
Not Ready To Move,Electronics City Phase 1,1032.0,2.0,1.0,31.99,2 BHK,3099.8062015503874
Not Ready To Move,Whitefield,1496.0,2.0,1.0,71.81,3 BHK,4800.133689839572
Not Ready To Move,Kothnoor Dinne,1100.0,2.0,2.0,38.0,2 BHK,3454.5454545454545
Ready To Move,Kundalahalli,1500.0,3.0,2.0,50.0,3 BHK,3333.3333333333335
Not Ready To Move,Electronic City Phase II,1125.0,2.0,1.0,32.63,2 BHK,2900.444444444445
Ready To Move,Chikka Banaswadi,1555.0,3.0,3.0,73.0,3 BHK,4694.5337620578775
Ready To Move,Amruthahalli,1025.0,2.0,1.0,42.0,2 BHK,4097.5609756097565
Not Ready To Move,Hennur Road,1482.0,2.0,1.0,83.73,3 BHK,5649.797570850203
Ready To Move,Banagirinagar,1630.0,2.0,2.0,130.0,3 BHK,7975.460122699386
Ready To Move,Arekere,900.0,2.0,1.0,44.5,2 BHK,4944.444444444444
Ready To Move,Yelahanka,1355.0,2.0,3.0,75.0,3 BHK,5535.055350553505
Not Ready To Move,1st Block Koramangala,2360.0,4.0,2.0,601.0,4 BHK,25466.101694915254
Ready To Move,Akshaya Nagar,1200.0,2.0,2.0,45.0,2 BHK,3750.0
Ready To Move,Suraksha Nagar,1563.0,3.0,2.0,63.0,3 BHK,4030.7101727447216
Ready To Move,Medaralli,1344.0,4.0,1.0,84.0,4 BHK,6250.0
Ready To Move,6th block Koramangala,3000.0,3.0,2.0,400.0,3 BHK,13333.333333333334
Ready To Move,5th Phase JP Nagar,812.0,2.0,1.0,42.0,2 BHK,5172.413793103448
Not Ready To Move,Basaveshwara Nagar,1200.0,2.0,1.0,70.0,2 BHK,5833.333333333333
Ready To Move,Yelahanka,3175.0,4.0,1.0,156.0,4 BHK,4913.385826771653
Ready To Move,Marathahalli,1360.0,2.0,1.0,101.0,2 BHK,7426.470588235294
Ready To Move,Hegde Nagar,1835.0,3.0,3.0,88.0,3 BHK,4795.6403269754765
Ready To Move,Rachenahalli,1756.0,3.0,2.0,110.0,3 BHK,6264.236902050114
Ready To Move,8th Phase JP Nagar,1296.0,2.0,2.0,51.83,3 BHK,3999.2283950617284
Ready To Move,Haralur Road,1300.0,2.0,1.0,75.0,2 BHK,5769.2307692307695
Ready To Move,Anandapura,1141.0,2.0,1.0,50.0,2 BHK,4382.120946538124
Ready To Move,Poorna Pragna Layout,1270.0,2.0,2.0,50.79,3 BHK,3999.212598425197
Ready To Move,Electronic City,1210.0,2.0,1.0,55.0,2 BHK,4545.454545454545
Ready To Move,Hormavu,1310.0,2.0,2.0,67.0,2 BHK,5114.503816793893
Ready To Move,Ejipura,1356.0,5.0,2.0,139.0,5 BHK,10250.737463126843
Ready To Move,Gubbalala,1745.0,3.0,2.0,140.0,3 BHK,8022.9226361031515
Not Ready To Move,KR Puram,1200.0,5.0,1.0,125.0,5 BHK,10416.666666666666
Ready To Move,Raja Rajeshwari Nagar,1050.0,2.0,2.0,37.0,2 BHK,3523.809523809524
Ready To Move,Banashankari,2400.0,4.0,3.0,500.0,4 BHK,20833.333333333332
Not Ready To Move,Electronic City Phase II,1140.0,2.0,1.0,34.0,2 BHK,2982.4561403508774
Ready To Move,Varthur,1210.0,2.0,2.0,54.0,2 BHK,4462.809917355372
Not Ready To Move,Kasavanhalli,2035.0,3.0,2.0,142.0,3 BHK,6977.886977886978
Ready To Move,Sarjapur,633.0,1.0,1.0,17.09,1 BHK,2699.8420221169035
Ready To Move,Amruthahalli,485.0,1.0,1.0,19.5,1 BHK,4020.618556701031
Ready To Move,Varthur,1112.0,2.0,2.0,40.0,2 BHK,3597.122302158273
Ready To Move,Ullal Uppanagar,1200.0,2.0,0.0,82.0,2 BHK,6833.333333333333
Ready To Move,Sarjapur  Road,2275.0,4.0,2.0,187.0,3 BHK,8219.78021978022
Ready To Move,Doddanakundi Industrial Area 2,1419.0,3.0,2.0,85.0,3 BHK,5990.133897110642
Not Ready To Move,Sri Sai Layout,1195.0,2.0,1.0,42.4,2 BHK,3548.1171548117154
Ready To Move,Versova Layout,2020.0,3.0,3.0,270.0,3 BHK,13366.336633663366
Ready To Move,Kundalahalli,1047.0,2.0,2.0,91.0,2 BHK,8691.499522445081
Ready To Move,Thanisandra,1884.0,4.0,2.0,117.0,3 BHK,6210.1910828025475
Ready To Move,Malleshpalya,1200.0,3.0,2.0,149.0,3 BHK,12416.666666666666
Ready To Move,Bannerghatta Road,905.0,2.0,1.0,58.0,2 BHK,6408.839779005525
Ready To Move,JP Nagar,1500.0,2.0,1.0,108.0,3 BHK,7200.0
Ready To Move,Chikkajala,850.0,1.0,0.0,50.0,1 BHK,5882.35294117647
Not Ready To Move,Bommasandra Industrial Area,1125.0,2.0,1.0,32.49,2 BHK,2888.0
Ready To Move,Tindlu,1165.0,2.0,2.0,59.8,2 BHK,5133.0472103004295
Ready To Move,Maruthi Sevanagar,933.0,2.0,0.0,55.0,2 BHK,5894.962486602358
Ready To Move,Hennur Road,1305.0,2.0,1.0,77.0,3 BHK,5900.383141762452
Ready To Move,Billekahalli,1125.0,2.0,1.0,65.0,2 BHK,5777.777777777777
Ready To Move,BSM Extension,865.0,2.0,2.0,33.0,2 BHK,3815.0289017341042
Ready To Move,Jigani,1245.0,3.0,3.0,66.0,3 BHK,5301.204819277108
Ready To Move,Kalyan nagar,8840.0,2.0,3.0,300.0,2 BHK,3393.665158371041
Ready To Move,Udayagiri,1145.0,2.0,2.0,60.0,3 BHK,5240.174672489083
Ready To Move,AECS Layout,2000.0,3.0,1.0,90.0,3 BHK,4500.0
Not Ready To Move,Hosa Road,625.0,1.0,1.0,43.68,1 BHK,6988.8
Ready To Move,Kundalahalli,1724.0,3.0,2.0,128.0,3 BHK,7424.593967517401
Ready To Move,Madiwala,400.0,1.0,1.0,75.0,1 BHK,18750.0
Ready To Move,Sarjapur  Road,1270.0,2.0,1.0,54.0,3 BHK,4251.968503937008
Not Ready To Move,Madiwala,1250.0,3.0,2.0,39.5,3 BHK,3160.0
Not Ready To Move,Jakkur,1485.0,3.0,2.0,72.0,3 BHK,4848.484848484848
Ready To Move,Shankarapuram,823.0,2.0,1.0,80.0,2 BHK,9720.534629404618
Ready To Move,7th Phase JP Nagar,990.0,2.0,2.0,50.0,2 BHK,5050.50505050505
Ready To Move,TC Palaya,1200.0,2.0,0.0,66.0,3 BHK,5500.0
Not Ready To Move,Kothanur,1185.0,2.0,2.0,59.0,2 BHK,4978.9029535864975
Ready To Move,Kadubeesanahalli,1140.0,2.0,1.0,78.0,2 BHK,6842.105263157895
Ready To Move,Ambedkar Nagar,1950.0,4.0,2.0,120.0,3 BHK,6153.846153846154
Ready To Move,Yelahanka,1756.0,3.0,2.0,125.0,3 BHK,7118.451025056947
Ready To Move,Kumaraswami Layout,2600.0,4.0,2.0,300.0,4 BHK,11538.461538461539
Not Ready To Move,Chandapura,520.0,1.0,1.0,14.04,1 BHK,2700.0
Ready To Move,Doddakannelli,1025.0,2.0,1.0,48.0,2 BHK,4682.926829268293
Not Ready To Move,Whitefield,1216.0,2.0,1.0,72.0,2 BHK,5921.0526315789475
Ready To Move,Sarjapur  Road,1026.0,2.0,2.0,60.8,2 BHK,5925.925925925926
Ready To Move,Sarjapur  Road,3335.0,4.0,3.0,300.0,4 BHK,8995.502248875562
Ready To Move,Kodichikkanahalli,2700.0,4.0,2.0,125.0,5 BHK,4629.62962962963
Not Ready To Move,Begur,1411.0,2.0,2.0,60.0,3 BHK,4252.303330970943
Ready To Move,Kanakpura Road,1320.0,2.0,1.0,39.6,3 BHK,3000.0
Ready To Move,Bannerghatta,1320.0,2.0,0.0,50.0,2 BHK,3787.878787878788
Ready To Move,OMBR Layout,615.0,4.0,2.0,110.0,4 BHK,17886.17886178862
Ready To Move,Kalena Agrahara,1804.0,3.0,2.0,155.0,3 BHK,8592.017738359202
Ready To Move,HSR Layout,1140.0,2.0,2.0,46.0,2 BHK,4035.0877192982457
Not Ready To Move,Banjara Layout,1200.0,4.0,1.0,105.0,4 BHK,8750.0
Ready To Move,Hebbal,2375.0,4.0,2.0,189.0,4 BHK,7957.894736842105
Ready To Move,Chamundi Nagar,1750.0,3.0,2.0,120.0,3 BHK,6857.142857142857
Ready To Move,TC Palaya,1152.0,2.0,2.0,55.0,2 BHK,4774.305555555556
Ready To Move,Thanisandra,965.0,2.0,1.0,54.0,2 BHK,5595.854922279793
Ready To Move,Lingadheeranahalli,1684.0,3.0,1.0,120.0,3 BHK,7125.890736342043
Ready To Move,Hennur Road,1672.0,3.0,2.0,86.0,3 BHK,5143.540669856459
Ready To Move,Panathur,1075.0,2.0,2.0,60.0,2 BHK,5581.395348837209
Ready To Move,Sarjapur,1500.0,5.0,2.0,95.0,3 BHK,6333.333333333333
Ready To Move,HOSUR MAIN ROAD,1464.0,3.0,2.0,56.0,3 BHK,3825.136612021858
Not Ready To Move,Hebbal,1420.0,2.0,1.0,99.26,2 BHK,6990.140845070423
Ready To Move,Nagashetty Halli,750.0,2.0,0.0,40.0,2 BHK,5333.333333333333
Ready To Move,Yeshwanthpur,1169.0,2.0,2.0,64.08,2 BHK,5481.6082121471345
Not Ready To Move,Devanahalli,1290.0,2.0,1.0,62.0,3 BHK,4806.201550387597
Ready To Move,Kengeri,1160.0,2.0,2.0,40.6,2 BHK,3500.0
Ready To Move,Mysore Road,1500.0,3.0,2.0,70.0,3 BHK,4666.666666666667
Ready To Move,Domlur,1850.0,3.0,1.0,180.0,3 BHK,9729.72972972973
Not Ready To Move,Venkatapura,1300.0,3.0,2.0,46.0,3 BHK,3538.4615384615386
Not Ready To Move,Electronic City Phase II,1310.0,2.0,1.0,37.84,3 BHK,2888.549618320611
Ready To Move,RMV,2750.0,5.0,2.0,550.0,3 BHK,20000.0
Ready To Move,Bhoopsandra,2150.0,3.0,0.0,170.0,3 BHK,7906.976744186047
Not Ready To Move,Kanakpura Road,1300.0,2.0,3.0,69.0,3 BHK,5307.692307692308
Ready To Move,Kadugodi,1875.0,2.0,1.0,110.0,3 BHK,5866.666666666667
Ready To Move,Hulimavu,1260.0,2.0,1.0,82.0,3 BHK,6507.936507936508
Ready To Move,Kengeri,2500.0,4.0,3.0,100.0,5 BHK,4000.0
Not Ready To Move,Begur Road,1241.0,2.0,1.0,64.0,2 BHK,5157.13134568896
Ready To Move,Sarjapur  Road,1025.0,2.0,2.0,45.5,2 BHK,4439.024390243902
Ready To Move,Postal Colony,1500.0,1.0,0.0,218.0,2 BHK,14533.333333333334
Not Ready To Move,Electronic City,1070.0,2.0,1.0,60.0,2 BHK,5607.476635514019
Ready To Move,Begur,815.0,2.0,1.0,40.0,2 BHK,4907.9754601227
Ready To Move,Kanakpura Road,2000.0,3.0,3.0,105.0,3 BHK,5250.0
Ready To Move,Malleshwaram,1400.0,2.0,1.0,190.0,2 BHK,13571.42857142857
Ready To Move,Varthur,1740.0,4.0,3.0,175.0,4 BHK,10057.471264367816
Not Ready To Move,Sarjapur  Road,1216.0,2.0,2.0,70.0,2 BHK,5756.578947368421
Ready To Move,pavitra paradise,2200.0,2.0,1.0,190.0,3 BHK,8636.363636363636
Ready To Move,Hegde Nagar,3500.0,5.0,2.0,450.0,4 BHK,12857.142857142857
Ready To Move,Kanakpura Road,1200.0,2.0,0.0,62.0,2 BHK,5166.666666666667
Ready To Move,Marathahalli,1026.0,2.0,1.0,50.18,2 BHK,4890.83820662768
Ready To Move,Hulimavu,450.0,1.0,1.0,20.0,1 BHK,4444.444444444444
Ready To Move,KR Puram,1205.0,2.0,1.0,45.79,2 BHK,3800.0
Ready To Move,Jakkur Plantation,1368.0,2.0,3.0,87.0,2 BHK,6359.649122807017
Ready To Move,Anekal,420.0,1.0,1.0,12.5,1 BHK,2976.190476190476
Ready To Move,Doddakallasandra,1270.0,2.0,2.0,42.0,2 BHK,3307.0866141732286
Ready To Move,Anekal,614.0,1.0,1.0,28.0,2 BHK,4560.260586319218
Not Ready To Move,Margondanahalli,1050.0,2.0,0.0,58.0,2 BHK,5523.809523809524
Ready To Move,Yelahanka,1408.0,2.0,2.0,58.0,2 BHK,4119.318181818182
Ready To Move,Subramanyapura,1223.0,2.0,2.0,42.81,3 BHK,3500.408830744072
Ready To Move,Reliaable Tranquil Layout,1507.0,3.0,1.0,80.0,3 BHK,5308.560053085601
Ready To Move,kadubisnahalli,1160.0,2.0,2.0,57.0,2 BHK,4913.793103448276
Ready To Move,Kithaganur,1200.0,3.0,1.0,70.0,3 BHK,5833.333333333333
Ready To Move,Poorna Pragna Layout,960.0,2.0,3.0,50.0,2 BHK,5208.333333333333
Ready To Move,NGR Layout,1021.0,2.0,2.0,46.0,2 BHK,4505.386875612145
Ready To Move,Hegde Nagar,2162.03,4.0,2.0,129.0,3 BHK,5966.614709324107
Ready To Move,Channasandra,1065.0,2.0,1.0,36.0,2 BHK,3380.281690140845
Ready To Move,Attibele,400.0,1.0,1.0,10.25,1 BHK,2562.5
Ready To Move,Bannerghatta Road,1465.0,2.0,1.0,75.0,3 BHK,5119.453924914676
Not Ready To Move,Kanakpura Road,900.0,2.0,1.0,41.0,2 BHK,4555.555555555556
Ready To Move,Marathahalli,1800.0,3.0,2.0,95.0,3 BHK,5277.777777777777
Ready To Move,Amblipura,1175.0,2.0,2.0,83.0,2 BHK,7063.829787234043
Ready To Move,Lavelle Road,6729.0,4.0,2.0,900.0,3 BHK,13374.944271065537
Ready To Move,Vijayanagar,1500.0,4.0,1.0,360.0,4 BHK,24000.0
Ready To Move,Sanjay nagar,1050.0,2.0,0.0,59.0,2 BHK,5619.047619047619
Not Ready To Move,Electronic City Phase II,1400.0,2.0,2.0,40.43,3 BHK,2887.8571428571427
Ready To Move,Indira Nagar,1650.0,3.0,1.0,150.0,3 BHK,9090.90909090909
Ready To Move,KR Puram,1827.0,3.0,2.0,97.0,3 BHK,5309.250136836344
Ready To Move,Thanisandra,1930.0,4.0,2.0,122.0,3 BHK,6321.243523316062
Not Ready To Move,Mysore Road,883.0,2.0,1.0,37.0,2 BHK,4190.260475651189
Ready To Move,Kengeri,550.0,1.0,1.0,16.75,1 BHK,3045.4545454545455
Not Ready To Move,Electronic City,1400.0,2.0,1.0,40.44,3 BHK,2888.5714285714284
Not Ready To Move,RMV 2nd Stage,1350.0,4.0,1.0,310.0,4 BHK,22962.962962962964
Ready To Move,Kanakapura,1290.0,2.0,3.0,38.69,3 BHK,2999.2248062015506
Ready To Move,Raja Rajeshwari Nagar,1021.0,3.0,2.0,59.0,3 BHK,5778.648383937317
Not Ready To Move,Whitefield,1158.0,2.0,1.0,55.0,2 BHK,4749.568221070812
Ready To Move,Varanasi,1200.0,4.0,1.0,99.0,5 BHK,8250.0
Ready To Move,Nagarbhavi,1400.0,2.0,2.0,135.0,3 BHK,9642.857142857143
Ready To Move,Doddaballapur,2400.0,3.0,0.0,200.0,4 BHK,8333.333333333334
Not Ready To Move,Munnekollal,1200.0,2.0,1.0,57.9,3 BHK,4825.0
Ready To Move,JP Nagar,1520.0,3.0,2.0,125.0,3 BHK,8223.684210526315
Ready To Move,EPIP Zone,2710.0,3.0,2.0,177.0,3 BHK,6531.365313653137
Ready To Move,Kenchenahalli,1150.0,2.0,2.0,57.0,2 BHK,4956.521739130435
Ready To Move,Yelahanka,1101.0,2.0,2.0,37.0,2 BHK,3360.581289736603
Ready To Move,Mahalakshmi Layout,1200.0,2.0,3.0,110.0,3 BHK,9166.666666666666
Not Ready To Move,Hebbal,1252.0,2.0,1.0,92.0,2 BHK,7348.242811501597
Ready To Move,Marathahalli,1650.0,3.0,2.0,85.0,3 BHK,5151.515151515152
Ready To Move,Marathahalli,1270.0,2.0,2.0,80.0,2 BHK,6299.212598425197
Ready To Move,Tumkur Road,992.0,2.0,1.0,70.0,2 BHK,7056.451612903225
Ready To Move,BEML Layout,2000.0,3.0,2.0,85.0,3 BHK,4250.0
Ready To Move,Geddalahalli,893.0,2.0,2.0,34.5,2 BHK,3863.3818589025755
Ready To Move,Bisuvanahalli,1075.0,2.0,1.0,41.49,3 BHK,3859.5348837209303
Ready To Move,Electronic City,1190.0,2.0,1.0,42.0,2 BHK,3529.4117647058824
Ready To Move,Ashwathnagar,800.0,2.0,0.0,60.0,3 BHK,7500.0
Ready To Move,Sarjapur  Road,1814.0,3.0,3.0,63.0,3 BHK,3472.9878721058435
Ready To Move,Rahmath Nagar,1400.0,3.0,2.0,98.0,3 BHK,7000.0
Ready To Move,Bommasandra,1400.0,6.0,3.0,252.0,5 BHK,18000.0
Ready To Move,Murugeshpalya,1344.0,2.0,0.0,56.0,3 BHK,4166.666666666667
Ready To Move,Whitefield,5400.0,5.0,3.0,475.0,4 BHK,8796.296296296296
Ready To Move,Kanakpura Road,1843.0,3.0,2.0,95.0,3 BHK,5154.639175257732
Not Ready To Move,Chikkadunnasandra,1138.0,2.0,1.0,32.0,2 BHK,2811.95079086116
Ready To Move,Nagappa Reddy Layout,1495.0,2.0,2.0,70.0,3 BHK,4682.274247491639
Ready To Move,Electronic City,880.0,2.0,1.0,19.0,2 BHK,2159.090909090909
Not Ready To Move,Whitefield,1396.0,3.0,1.0,74.0,3 BHK,5300.859598853868
Ready To Move,Garudachar Palya,1610.0,2.0,3.0,119.0,3 BHK,7391.304347826087
Ready To Move,Tindlu,1050.0,2.0,2.0,55.0,2 BHK,5238.0952380952385
Not Ready To Move,Kumbena Agrahara,1410.0,2.0,2.0,43.71,3 BHK,3100.0
Ready To Move,Ramamurthy Nagar,1050.0,2.0,2.0,37.8,2 BHK,3599.9999999999995
Ready To Move,Kumaraswami Layout,1310.0,2.0,1.0,85.0,3 BHK,6488.5496183206105
Ready To Move,Yelahanka,1104.0,2.0,2.0,58.0,2 BHK,5253.623188405797
Not Ready To Move,Hennur Road,1165.0,2.0,1.0,67.0,2 BHK,5751.07296137339
Ready To Move,Kudlu,1027.0,2.0,2.0,44.0,2 BHK,4284.323271665044
Ready To Move,Hormavu,1310.0,2.0,3.0,60.0,2 BHK,4580.152671755725
Ready To Move,Chikkanahalli,1052.0,2.0,2.0,52.0,2 BHK,4942.9657794676805
Ready To Move,Singasandra,1464.0,3.0,2.0,56.0,3 BHK,3825.136612021858
Ready To Move,1st Block Koramangala,1000.0,2.0,2.0,45.0,2 BHK,4500.0
Not Ready To Move,Jayanagar,2240.0,3.0,2.0,300.0,3 BHK,13392.857142857143
Ready To Move,Electronic City,1150.0,2.0,1.0,38.08,2 BHK,3311.304347826087
Not Ready To Move,Thanisandra,2019.0,3.0,1.0,70.67,3 BHK,3500.2476473501733
Ready To Move,Varthur,986.0,2.0,1.0,31.0,2 BHK,3144.0162271805275
Ready To Move,Banashankari Stage III,1350.0,1.0,1.0,145.0,1 BHK,10740.74074074074
Ready To Move,Akshaya Nagar,1893.0,4.0,2.0,95.0,3 BHK,5018.489170628632
Ready To Move,Gollarapalya Hosahalli,1318.0,3.0,2.0,56.0,3 BHK,4248.86191198786
Ready To Move,Yelahanka,1325.0,2.0,2.0,58.0,3 BHK,4377.358490566037
Ready To Move,Kereguddadahalli,800.0,2.0,1.0,33.0,2 BHK,4125.0
Ready To Move,Canara Bank Colony,1300.0,3.0,2.0,42.25,3 BHK,3250.0
Ready To Move,Dodda Banaswadi,1300.0,2.0,2.0,60.0,3 BHK,4615.384615384615
Ready To Move,Jalahalli East,1010.0,2.0,1.0,52.0,2 BHK,5148.514851485149
Ready To Move,Banashankari,1260.0,2.0,3.0,75.0,2 BHK,5952.380952380952
Ready To Move,Ulsoor,2500.0,4.0,0.0,170.0,4 BHK,6800.0
Ready To Move,Halanayakanahalli,1520.0,3.0,1.0,165.0,3 BHK,10855.263157894737
Ready To Move,Bellandur,1665.0,3.0,2.0,85.0,3 BHK,5105.105105105105
Ready To Move,Subramanyapura,1800.0,3.0,2.0,80.0,3 BHK,4444.444444444444
Ready To Move,Harlur,1197.0,2.0,1.0,75.0,2 BHK,6265.664160401003
Ready To Move,Manayata Tech Park,1050.0,2.0,2.0,45.0,2 BHK,4285.714285714285
Ready To Move,Manjunath Nagar,910.0,4.0,2.0,194.0,5 BHK,21318.68131868132
Ready To Move,Thanisandra,1241.0,2.0,1.0,68.0,3 BHK,5479.45205479452
Ready To Move,Maithri Layout,1567.0,2.0,3.0,62.0,3 BHK,3956.6049776643267
Ready To Move,Kasavanhalli,1747.0,3.0,1.0,110.0,3 BHK,6296.508299942759
Not Ready To Move,Ramagondanahalli,1475.0,2.0,2.0,55.0,3 BHK,3728.813559322034
Ready To Move,Park View Layout,600.0,4.0,1.0,70.0,4 BHK,11666.666666666666
Ready To Move,Xavier Layout,1524.0,4.0,2.0,400.0,3 BHK,26246.719160104985
Ready To Move,Hennur Road,980.0,2.0,1.0,51.0,2 BHK,5204.081632653061
Not Ready To Move,Dasanapura,966.0,2.0,1.0,58.0,2 BHK,6004.140786749483
Ready To Move,Ferrar Nagar,2360.0,3.0,2.0,185.0,4 BHK,7838.983050847458
Not Ready To Move,Sarjapur  Road,1112.0,2.0,1.0,62.0,2 BHK,5575.5395683453235
Ready To Move,Electronic City,550.0,1.0,1.0,16.0,2 BHK,2909.090909090909
Ready To Move,Surabhi Layout,1760.0,3.0,3.0,90.0,3 BHK,5113.636363636364
Ready To Move,Hennur,1830.0,2.0,3.0,113.0,3 BHK,6174.863387978142
Not Ready To Move,Yelahanka,1175.0,2.0,1.0,67.77,2 BHK,5767.659574468085
Ready To Move,Whitefield,1175.0,2.0,1.0,41.0,2 BHK,3489.3617021276596
Ready To Move,Horamavu Banaswadi,1025.0,2.0,2.0,45.0,2 BHK,4390.243902439024
Not Ready To Move,Hennur Road,1232.0,2.0,1.0,80.0,2 BHK,6493.506493506494
Ready To Move,5th Phase JP Nagar,1010.0,2.0,2.0,57.0,2 BHK,5643.564356435643
Ready To Move,Sarjapur  Road,1273.0,2.0,2.0,60.0,2 BHK,4713.275726630008
Not Ready To Move,Battarahalli,1590.0,2.0,2.0,102.0,2 BHK,6415.094339622641
Ready To Move,Air View Colony,1100.0,2.0,1.0,58.5,2 BHK,5318.181818181818
Ready To Move,Electronic City Phase II,1252.0,2.0,1.0,65.0,3 BHK,5191.693290734825
Ready To Move,1st Phase JP Nagar,2615.0,5.0,3.0,222.0,4 BHK,8489.483747609942
Ready To Move,Arishinakunte,1200.0,6.0,2.0,140.0,5 BHK,11666.666666666666
Ready To Move,Yelahanka,1322.0,2.0,1.0,77.9,2 BHK,5892.586989409986
Ready To Move,7th Phase JP Nagar,1000.0,1.0,1.0,60.0,1 BHK,6000.0
Ready To Move,Harlur,1755.0,3.0,2.0,117.0,3 BHK,6666.666666666667
Ready To Move,Electronic City Phase II,1135.0,2.0,2.0,46.0,2 BHK,4052.863436123348
Ready To Move,Electronic City,1200.0,4.0,1.0,125.0,4 BHK,10416.666666666666
Ready To Move,Nagavarapalya,1260.0,2.0,2.0,85.5,2 BHK,6785.714285714285
Ready To Move,Hoodi,3250.0,5.0,2.0,395.0,5 BHK,12153.846153846154
Ready To Move,Ambedkar Nagar,3500.0,4.0,2.0,550.0,4 BHK,15714.285714285714
Ready To Move,Manjunath Nagar,1200.0,6.0,2.0,110.0,5 BHK,9166.666666666666
Not Ready To Move,Kanakpura Road,1100.0,2.0,1.0,53.0,3 BHK,4818.181818181818
Ready To Move,Electronic City Phase II,1305.0,3.0,1.0,65.0,3 BHK,4980.842911877395
Ready To Move,Ayappa Nagar,1236.0,2.0,1.0,50.0,2 BHK,4045.3074433656957
Ready To Move,Uttarahalli,1125.0,1.0,2.0,45.0,2 BHK,4000.0
Not Ready To Move,KR Puram,1075.0,2.0,2.0,32.25,2 BHK,3000.0
Ready To Move,BEML Layout,2000.0,3.0,2.0,85.0,3 BHK,4250.0
Ready To Move,Kadugodi,1150.0,2.0,2.0,42.0,2 BHK,3652.1739130434785
Ready To Move,9th Block Jayanagar,1440.0,4.0,1.0,240.0,4 BHK,16666.666666666668
Ready To Move,Hennur Road,1085.0,2.0,1.0,43.4,2 BHK,4000.0
Ready To Move,Hebbal Kempapura,1785.0,3.0,0.0,165.0,3 BHK,9243.697478991597
Ready To Move,Malleshwaram,2475.0,4.0,3.0,300.0,3 BHK,12121.212121212122
Ready To Move,Thanisandra,1930.0,4.0,2.0,120.0,3 BHK,6217.616580310881
Ready To Move,4th Phase JP Nagar,600.0,4.0,1.0,70.0,2 BHK,11666.666666666666
Ready To Move,Kadugondanahalli,800.0,1.0,0.0,45.0,2 BHK,5625.0
Ready To Move,Kumaraswami Layout,2450.0,3.0,2.0,110.0,4 BHK,4489.7959183673465
Not Ready To Move,akshaya nagar t c palya,1200.0,4.0,0.0,120.0,4 BHK,10000.0
Ready To Move,Bannerghatta Road,1920.0,3.0,3.0,122.0,3 BHK,6354.166666666667
Not Ready To Move,Kothannur,1085.0,2.0,2.0,34.2,2 BHK,3152.0737327188945
Ready To Move,Thanisandra,760.0,1.0,2.0,50.4,1 BHK,6631.578947368421
Ready To Move,Sahakara Nagar,1201.0,2.0,3.0,80.0,2 BHK,6661.1157368859285
Not Ready To Move,Electronic City,1615.0,3.0,2.0,97.0,3 BHK,6006.1919504643965
Ready To Move,HSR Layout,1289.0,2.0,1.0,70.0,2 BHK,5430.566330488751
Ready To Move,Budigere,1991.0,4.0,2.0,100.0,3 BHK,5022.601707684581
Ready To Move,Kasavanhalli,1377.0,2.0,2.0,80.0,2 BHK,5809.731299927378
Ready To Move,Cunningham Road,2880.0,3.0,2.0,560.0,3 BHK,19444.444444444445
Ready To Move,Laxmi Sagar Layout,1892.0,3.0,2.0,200.0,3 BHK,10570.824524312897
Ready To Move,Shivaji Nagar,2176.0,3.0,3.0,348.0,3 BHK,15992.64705882353
Not Ready To Move,Thanisandra,663.0,1.0,0.0,32.82,1 BHK,4950.226244343891
Not Ready To Move,Electronic City,1165.0,2.0,1.0,33.65,2 BHK,2888.412017167382
Ready To Move,Talaghattapura,3554.0,4.0,1.0,340.0,3 BHK,9566.685424873382
Ready To Move,Thanisandra,1260.0,2.0,1.0,45.5,2 BHK,3611.1111111111113
Ready To Move,Volagerekallahalli,1095.0,2.0,1.0,39.0,2 BHK,3561.6438356164385
Ready To Move,KR Garden,1050.0,2.0,2.0,65.0,2 BHK,6190.476190476191
Ready To Move,Seegehalli,1176.0,2.0,2.0,50.0,2 BHK,4251.700680272109
Ready To Move,Thanisandra,1801.0,3.0,2.0,115.0,3 BHK,6385.341476957246
Ready To Move,Whitefield,1315.0,2.0,3.0,55.0,2 BHK,4182.509505703422
Ready To Move,Parappana Agrahara,1194.0,2.0,2.0,46.0,2 BHK,3852.5963149078725
Ready To Move,NRI Layout,2400.0,2.0,1.0,125.0,2 BHK,5208.333333333333
Not Ready To Move,Uttarahalli,1308.0,2.0,3.0,53.0,3 BHK,4051.987767584098
Ready To Move,Sarjapur  Road,4250.0,4.0,2.0,610.0,4 BHK,14352.941176470587
Ready To Move,Thanisandra,1806.0,6.0,2.0,116.0,3 BHK,6423.034330011074
Not Ready To Move,Thanisandra,3671.0,4.0,1.0,220.0,4 BHK,5992.917461182239
Ready To Move,Hoodi,2144.0,3.0,2.0,140.0,3 BHK,6529.850746268657
Ready To Move,Hoskote,1065.0,2.0,3.0,33.75,2 BHK,3169.0140845070423
Not Ready To Move,Balagere,1205.0,2.0,1.0,67.0,2 BHK,5560.165975103734
Ready To Move,Uttarahalli,1160.0,2.0,2.0,40.58,2 BHK,3498.2758620689656
Ready To Move,Kanaka Nagar,750.0,4.0,2.0,90.0,4 BHK,12000.0
Ready To Move,Parappana Agrahara,1194.0,2.0,2.0,47.0,2 BHK,3936.348408710218
Not Ready To Move,mvj engineering college,1200.0,3.0,1.0,56.53,3 BHK,4710.833333333333
Ready To Move,2nd Phase Judicial Layout,1681.0,3.0,3.0,69.0,3 BHK,4104.699583581201
Not Ready To Move,Bommasandra Industrial Area,1130.0,2.0,1.0,32.64,2 BHK,2888.495575221239
Ready To Move,Iblur Village,3633.0,5.0,1.0,335.0,4 BHK,9221.029452243325
Ready To Move,Kanakpura Road,1843.0,3.0,2.0,90.0,3 BHK,4883.342376559956
Not Ready To Move,Bommasandra Industrial Area,1065.0,2.0,1.0,30.75,2 BHK,2887.323943661972
Ready To Move,Thubarahalli,1885.0,3.0,2.0,85.52,3 BHK,4536.870026525199
Ready To Move,R.T. Nagar,1500.0,2.0,2.0,45.0,2 BHK,3000.0
Ready To Move,Panathur,1210.0,2.0,2.0,69.0,2 BHK,5702.479338842975
Ready To Move,TC Palaya,1126.0,2.0,1.0,39.4,2 BHK,3499.1119005328596
Ready To Move,Rayasandra,1357.0,2.0,2.0,59.0,3 BHK,4347.826086956522
Ready To Move,Whitefield,1451.0,2.0,2.0,46.4,3 BHK,3197.7946243969677
Ready To Move,Kodigehaali,1600.0,3.0,3.0,185.0,4 BHK,11562.5
Ready To Move,Hennur Road,950.0,2.0,1.0,55.0,2 BHK,5789.473684210527
Ready To Move,Bellandur,960.0,2.0,2.0,48.0,2 BHK,5000.0
Ready To Move,2nd Block Bel Layout,1625.0,3.0,3.0,92.0,3 BHK,5661.538461538462
Not Ready To Move,Kaggalipura,2200.0,4.0,1.0,150.0,3 BHK,6818.181818181818
Ready To Move,Ambalipura,1607.0,2.0,2.0,112.0,3 BHK,6969.508400746733
Not Ready To Move,Kanakpura Road,900.0,2.0,1.0,46.29,2 BHK,5143.333333333333
Ready To Move,Shree Ananth Nagar Layout,1080.0,2.0,2.0,38.0,2 BHK,3518.5185185185187
Ready To Move,Cooke Town,2300.0,3.0,1.0,250.0,3 BHK,10869.565217391304
Ready To Move,Hosa Road,1708.0,3.0,0.0,64.05,4 BHK,3750.0
Ready To Move,Bellandur,1690.0,2.0,2.0,116.0,3 BHK,6863.905325443787
Ready To Move,RR Layout,2100.0,3.0,0.0,145.0,5 BHK,6904.761904761905
Ready To Move,4th Block Koramangala,1269.0,2.0,2.0,97.0,2 BHK,7643.81402679275
Ready To Move,Haralur Road,1243.0,2.0,2.0,46.0,2 BHK,3700.7240547063557
Ready To Move,Haralur Road,1890.0,3.0,2.0,84.0,3 BHK,4444.444444444444
Not Ready To Move,Electronic City Phase II,1165.0,2.0,1.0,33.64,2 BHK,2887.5536480686696
Ready To Move,BTM Layout,1196.0,2.0,2.0,56.81,2 BHK,4750.0
Ready To Move,Parappana Agrahara,1194.0,2.0,2.0,47.0,2 BHK,3936.348408710218
Ready To Move,Old Madras Road,1630.0,3.0,2.0,110.0,3 BHK,6748.4662576687115
Not Ready To Move,Whitefield,1063.0,2.0,1.0,42.52,2 BHK,4000.0
Ready To Move,Shikaripalya,1025.0,2.0,1.0,39.98,2 BHK,3900.4878048780483
Ready To Move,Chikkabanavar,1067.0,2.0,1.0,38.0,2 BHK,3561.3870665417057
Not Ready To Move,Kanakpura Road,1299.0,2.0,1.0,89.63,2 BHK,6899.923017705928
Not Ready To Move,Panathur,1343.0,2.0,1.0,76.0,2 BHK,5658.972449739389
Ready To Move,Electronics City Phase 1,1330.0,2.0,2.0,44.0,3 BHK,3308.2706766917295
Ready To Move,Mallasandra,1524.0,2.0,3.0,72.0,3 BHK,4724.4094488188975
Ready To Move,Lingadheeranahalli,2236.0,4.0,2.0,153.0,4 BHK,6842.57602862254
Ready To Move,Domlur,2955.0,3.0,2.0,235.0,3 BHK,7952.622673434857
Not Ready To Move,Raja Rajashweri Nagar,1410.0,2.0,2.0,45.12,3 BHK,3200.0
Ready To Move,Kothanur,1581.0,3.0,3.0,76.0,3 BHK,4807.084123972169
Ready To Move,Balagere,1205.0,2.0,1.0,79.0,2 BHK,6556.016597510374
Ready To Move,Thyagaraja Nagar,1270.0,2.0,2.0,95.25,3 BHK,7500.0
Ready To Move,VHBCS Layout,1353.0,2.0,2.0,110.0,3 BHK,8130.081300813008
Not Ready To Move,Jinkethimmanahalli,1200.0,2.0,1.0,68.0,2 BHK,5666.666666666667
Ready To Move,basaveshwarnagar,1250.0,2.0,1.0,70.0,3 BHK,5600.0
Not Ready To Move,Gopalapura,1950.2,3.0,2.0,261.0,3 BHK,13383.242744333915
Not Ready To Move,Sarjapur  Road,1157.0,2.0,1.0,69.0,3 BHK,5963.699222126188
Ready To Move,Sarjapur  Road,1000.0,2.0,2.0,40.0,2 BHK,4000.0
Not Ready To Move,Yelahanka,602.0,1.0,1.0,33.0,1 BHK,5481.72757475083
Ready To Move,Malleshwaram,3000.0,4.0,0.0,900.0,5 BHK,30000.0
Not Ready To Move,Hoodi,1108.0,2.0,0.0,66.46,2 BHK,5998.194945848375
Ready To Move,Thyagaraja Nagar,1040.0,2.0,1.0,68.0,2 BHK,6538.461538461538
Not Ready To Move,Sarjapur,1451.0,2.0,1.0,87.0,2 BHK,5995.864920744314
Ready To Move,Raja Rajeshwari Nagar,1196.0,2.0,2.0,40.54,2 BHK,3389.632107023411
Not Ready To Move,Kanakpura Road,850.0,1.0,1.0,37.32,1 BHK,4390.588235294118
Not Ready To Move,Gopalapura,2171.66,3.0,2.0,298.0,3 BHK,13722.221710580847
Ready To Move,Kanaka Nagar,900.0,2.0,1.0,40.0,2 BHK,4444.444444444444
Ready To Move,Kudlu,720.0,1.0,1.0,33.0,1 BHK,4583.333333333333
Ready To Move,Thanisandra,1573.0,3.0,2.0,115.0,3 BHK,7310.870947234584
Ready To Move,Sarjapur  Road,1026.0,2.0,1.0,60.8,2 BHK,5925.925925925926
Ready To Move,CV Raman Nagar,1400.0,2.0,2.0,78.0,3 BHK,5571.428571428572
Not Ready To Move,Electronic City Phase II,1400.0,2.0,2.0,40.44,3 BHK,2888.5714285714284
Ready To Move,Banashankari Stage III,2100.0,3.0,1.0,147.0,4 BHK,7000.0
Ready To Move,Sarjapur  Road,1150.0,2.0,1.0,48.5,2 BHK,4217.391304347826
Ready To Move,Raja Rajeshwari Nagar,1500.0,3.0,2.0,88.0,3 BHK,5866.666666666667
Ready To Move,Malleshwaram,2400.0,3.0,2.0,380.0,3 BHK,15833.333333333334
Ready To Move,HRBR Layout,1200.0,3.0,2.0,240.0,3 BHK,20000.0
Ready To Move,Kothanur,1790.0,3.0,2.0,105.0,3 BHK,5865.921787709497
Ready To Move,Ramagondanahalli,1125.0,2.0,2.0,75.0,2 BHK,6666.666666666667
Ready To Move,Marathahalli,1100.0,2.0,1.0,50.0,2 BHK,4545.454545454545
Ready To Move,Banaswadi,1105.0,2.0,2.0,57.0,2 BHK,5158.371040723982
Ready To Move,Thanisandra,1110.0,2.0,2.0,46.5,2 BHK,4189.189189189189
Ready To Move,Dasanapura,708.0,1.0,1.0,41.0,1 BHK,5790.960451977401
Ready To Move,Kudlu,1027.0,2.0,2.0,44.0,2 BHK,4284.323271665044
Not Ready To Move,"Banashankari 3rd stage, Vivekanandanagar",1600.0,3.0,1.0,100.0,3 BHK,6250.0
Ready To Move,Thigalarapalya,3122.0,6.0,2.0,250.0,4 BHK,8007.687379884689
Ready To Move,Sarjapur  Road,1205.0,2.0,2.0,37.0,2 BHK,3070.539419087137
Ready To Move,5th Phase JP Nagar,1450.0,2.0,2.0,73.0,3 BHK,5034.482758620689
Ready To Move,Thyagaraja Nagar,750.0,4.0,2.0,125.0,4 BHK,16666.666666666668
Ready To Move,Annaiah Reddy Layout,540.0,1.0,0.0,22.0,1 BHK,4074.074074074074
Ready To Move,Dasarahalli,1200.0,2.0,2.0,42.0,2 BHK,3500.0
Ready To Move,Nagarbhavi,1200.0,5.0,1.0,260.0,5 BHK,21666.666666666668
Ready To Move,Kalena Agrahara,1837.0,2.0,2.0,95.0,3 BHK,5171.475231355471
Not Ready To Move,Whitefield,1346.0,2.0,1.0,76.01,2 BHK,5647.102526002973
Ready To Move,Balagere,1012.0,2.0,1.0,68.0,2 BHK,6719.367588932806
Not Ready To Move,Gopalapura,1950.2,3.0,2.0,193.0,3 BHK,9896.420879909752
Ready To Move,Atmananda Colony,1125.0,2.0,2.0,55.0,2 BHK,4888.888888888889
Ready To Move,Kaggadasapura,1500.0,2.0,2.0,60.0,3 BHK,4000.0
Ready To Move,Harlur,1197.0,2.0,1.0,79.9,2 BHK,6675.020885547202
Not Ready To Move,Chandapura,1230.0,2.0,2.0,31.37,3 BHK,2550.4065040650407
Ready To Move,BTM 2nd Stage,1100.0,2.0,2.0,47.0,2 BHK,4272.727272727273
Ready To Move,Channasandra Layout,1563.0,2.0,2.0,52.0,3 BHK,3326.935380678183
Ready To Move,Hebbal Kempapura,3729.0,4.0,2.0,384.0,4 BHK,10297.666934835077
Ready To Move,Sarjapur  Road,1600.0,3.0,1.0,120.0,3 BHK,7500.0
Ready To Move,Green Glen Layout,1715.0,3.0,3.0,120.0,3 BHK,6997.084548104956
Ready To Move,Bannerghatta Road,2400.0,4.0,1.0,180.0,4 BHK,7500.0
Not Ready To Move,Ramagondanahalli,1151.0,2.0,2.0,42.5,2 BHK,3692.44135534318
Ready To Move,Uttarahalli,1123.0,2.0,2.0,60.0,2 BHK,5342.831700801425
Not Ready To Move,Whitefield,1276.0,2.0,1.0,69.5,2 BHK,5446.7084639498435
Ready To Move,Yelahanka,1315.0,2.0,3.0,77.0,2 BHK,5855.513307984791
Ready To Move,Poorna Pragna Layout,1270.0,2.0,2.0,50.79,3 BHK,3999.212598425197
Ready To Move,R.T. Nagar,1325.0,2.0,2.0,52.0,2 BHK,3924.5283018867926
Not Ready To Move,Varthur,1600.0,3.0,2.0,63.2,3 BHK,3950.0
Ready To Move,Jakkur,1660.0,3.0,2.0,104.0,3 BHK,6265.060240963855
Ready To Move,Kodichikkanahalli,1299.0,2.0,3.0,58.0,2 BHK,4464.973056197075
Ready To Move,Haralur Road,953.0,2.0,1.0,90.0,2 BHK,9443.861490031479
Ready To Move,Gunjur,1457.0,2.0,3.0,60.0,2 BHK,4118.050789293068
Not Ready To Move,Varthur,1000.0,1.0,1.0,65.0,2 BHK,6500.0
Ready To Move,Mallasandra,1100.0,2.0,3.0,76.3,3 BHK,6936.363636363636
Ready To Move,Yelahanka,1075.0,2.0,1.0,33.53,3 BHK,3119.0697674418607
Ready To Move,Kanakpura Road,1450.0,3.0,3.0,51.0,3 BHK,3517.2413793103447
Ready To Move,Iblur Village,5515.0,6.0,2.0,425.0,5 BHK,7706.255666364461
Ready To Move,Bellandur,950.0,1.0,1.0,40.0,1 BHK,4210.526315789473
Ready To Move,Basaveshwara Nagar,1200.0,3.0,1.0,180.0,5 BHK,15000.0
Ready To Move,Amam Enclave Layout,1013.0,2.0,2.0,60.0,2 BHK,5923.000987166831
Ready To Move,Hennur Road,1140.0,2.0,2.0,56.0,2 BHK,4912.2807017543855
Ready To Move,4th T block Jayanagar,2100.0,3.0,3.0,220.0,3 BHK,10476.190476190477
Ready To Move,Yelahanka,1430.0,3.0,1.0,61.0,3 BHK,4265.734265734266
Ready To Move,Ilyas Nagar,600.0,3.0,0.0,95.0,4 BHK,15833.333333333334
Ready To Move,Anantapura,1600.0,3.0,2.0,77.0,3 BHK,4812.5
Ready To Move,Ayappa Nagar,1190.0,2.0,1.0,48.0,2 BHK,4033.6134453781515
Ready To Move,Ashwath Nagar,1625.0,3.0,2.0,95.0,3 BHK,5846.153846153846
Ready To Move,Classic Paradise Layout,1210.0,2.0,2.0,53.0,2 BHK,4380.165289256199
Ready To Move,Lakshminarayana Pura,1615.0,3.0,2.0,150.0,3 BHK,9287.925696594428
Ready To Move,Kalena Agrahara,1180.0,2.0,2.0,85.0,2 BHK,7203.389830508475
Ready To Move,Nagasandra,1500.0,2.0,0.0,91.0,2 BHK,6066.666666666667
Ready To Move,Bellandur,850.0,2.0,1.0,45.0,2 BHK,5294.117647058823
Ready To Move,Kothanur,1130.0,2.0,2.0,55.0,2 BHK,4867.256637168141
Ready To Move,CV Raman Nagar,907.0,2.0,2.0,38.0,2 BHK,4189.636163175303
Ready To Move,HRBR Layout,1300.0,2.0,3.0,90.0,2 BHK,6923.076923076923
Ready To Move,Hennur Road,1891.0,3.0,1.0,110.0,3 BHK,5817.028027498678
Ready To Move,Hennur Road,1735.0,3.0,3.0,78.0,3 BHK,4495.677233429395
Ready To Move,Bisuvanahalli,1075.0,2.0,1.0,33.0,3 BHK,3069.767441860465
Ready To Move,Uttarahalli,1590.0,3.0,2.0,57.0,3 BHK,3584.9056603773583
Ready To Move,Jayanti Nagar,1600.0,5.0,2.0,140.0,5 BHK,8750.0
Ready To Move,Doddakammanahalli,1160.0,2.0,3.0,55.0,2 BHK,4741.379310344828
Ready To Move,Tasker Town,930.0,1.0,1.0,55.0,2 BHK,5913.978494623656
Ready To Move,Devanahalli,1010.0,2.0,1.0,58.0,2 BHK,5742.574257425743
Ready To Move,Electronic City,1221.0,2.0,2.0,68.0,2 BHK,5569.205569205569
Ready To Move,Banashankari,2400.0,4.0,3.0,470.0,4 BHK,19583.333333333332
Not Ready To Move,Hoodi,1108.0,2.0,1.0,87.48,2 BHK,7895.306859205776
Ready To Move,Vidyaranyapura,1000.0,4.0,2.0,120.0,4 BHK,12000.0
Not Ready To Move,Sarjapur  Road,1370.0,2.0,1.0,70.0,2 BHK,5109.489051094891
Ready To Move,Banashankari Stage V,920.0,2.0,1.0,41.5,2 BHK,4510.869565217391
Not Ready To Move,Bhoganhalli,1277.0,2.0,1.0,79.89,2 BHK,6256.068911511355
Not Ready To Move,Horamavu Agara,1213.0,2.0,2.0,38.1,2 BHK,3140.9727947238252
Ready To Move,Singasandra,1653.0,3.0,2.0,85.0,3 BHK,5142.165759225651
Ready To Move,Sarjapur,2400.0,3.0,3.0,140.0,4 BHK,5833.333333333333
Ready To Move,1st Block Koramangala,3000.0,5.0,3.0,500.0,4 BHK,16666.666666666668
Ready To Move,Kothanur,1600.0,4.0,3.0,250.0,4 BHK,15625.0
Ready To Move,Electronics City Phase 1,1321.0,2.0,2.0,40.0,3 BHK,3028.009084027252
Ready To Move,Kanakpura Road,1570.0,3.0,2.0,68.0,3 BHK,4331.210191082802
Ready To Move,Nallurhalli,1053.0,2.0,3.0,44.0,2 BHK,4178.537511870845
Ready To Move,Hoysalanagar,1325.0,2.0,3.0,56.0,3 BHK,4226.415094339623
Not Ready To Move,manyata,1169.0,2.0,1.0,50.11,2 BHK,4286.569717707443
Not Ready To Move,Badavala Nagar,1274.0,2.0,1.0,90.0,2 BHK,7064.36420722135
Ready To Move,Whitefield,1317.0,2.0,2.0,52.0,2 BHK,3948.3675018982535
Ready To Move,Lakshminarayana Pura,1195.0,2.0,1.0,75.0,2 BHK,6276.150627615063
Ready To Move,Kammasandra,940.0,2.0,2.0,35.0,2 BHK,3723.404255319149
Ready To Move,Budigere,1820.0,3.0,2.0,95.5,3 BHK,5247.252747252747
Ready To Move,Kanakpura Road,1450.0,3.0,3.0,53.6,3 BHK,3696.551724137931
Ready To Move,Whitefield,1615.0,3.0,0.0,96.9,3 BHK,6000.0
Ready To Move,Nagarbhavi,2200.0,2.0,3.0,99.0,3 BHK,4500.0
Ready To Move,Subramanyapura,985.0,2.0,1.0,62.5,2 BHK,6345.177664974619
Ready To Move,Electronics City Phase 1,1116.0,2.0,1.0,33.0,2 BHK,2956.989247311828
Ready To Move,Attibele,656.0,2.0,1.0,25.0,2 BHK,3810.9756097560976
Ready To Move,Kaggadasapura,1105.0,2.0,1.0,39.5,2 BHK,3574.660633484163
Ready To Move,Whitefield,1220.0,2.0,1.0,55.0,2 BHK,4508.196721311476
Ready To Move,Hoodi,1400.0,3.0,2.0,74.0,3 BHK,5285.714285714285
Ready To Move,Bhuvaneswari Nagar,2400.0,3.0,0.0,185.0,4 BHK,7708.333333333333
Ready To Move,Anandapura,850.0,3.0,0.0,63.0,3 BHK,7411.764705882353
Ready To Move,Uttarahalli,1000.0,2.0,1.0,35.0,2 BHK,3500.0
Ready To Move,Bannerghatta Road,1660.0,3.0,3.0,80.0,3 BHK,4819.277108433735
Ready To Move,Uttarahalli,1330.0,2.0,1.0,57.0,3 BHK,4285.714285714285
Not Ready To Move,Old Madras Road,1165.0,2.0,1.0,52.0,2 BHK,4463.519313304721
Ready To Move,Budigere,1153.0,2.0,2.0,56.0,2 BHK,4856.895056374675
Ready To Move,Bannerghatta Road,1270.0,2.0,2.0,45.0,2 BHK,3543.3070866141734
Not Ready To Move,2nd Phase JP Nagar,1070.0,2.0,2.0,38.0,2 BHK,3551.4018691588785
Ready To Move,RWF West Colony,1427.0,2.0,2.0,85.0,3 BHK,5956.552207428171
Ready To Move,Banashankari Stage III,1420.0,2.0,2.0,95.0,3 BHK,6690.140845070423
Ready To Move,Kothanur,1600.0,5.0,0.0,130.0,4 BHK,8125.0
Ready To Move,Langford Town,2031.0,2.0,2.0,200.0,2 BHK,9847.365829640572
Not Ready To Move,Bellandur,1454.0,2.0,1.0,90.0,2 BHK,6189.821182943604
Ready To Move,Whitefield,1116.0,2.0,3.0,48.76,2 BHK,4369.1756272401435
Ready To Move,Maruthi Sevanagar,2000.0,3.0,1.0,180.0,4 BHK,9000.0
Not Ready To Move,Sarjapur  Road,1346.0,2.0,1.0,74.03,2 BHK,5500.0
Ready To Move,Hessarghatta,1062.0,2.0,1.0,50.0,2 BHK,4708.097928436911
Ready To Move, Mysore Highway,700.0,1.0,1.0,25.5,1 BHK,3642.8571428571427
Not Ready To Move,JP Nagar,1405.0,2.0,1.0,99.0,2 BHK,7046.26334519573
Ready To Move,Doddathoguru,1100.0,2.0,2.0,50.0,2 BHK,4545.454545454545
Ready To Move,Chikka Tirupathi,2153.0,4.0,3.0,120.0,3 BHK,5573.61820715281
Ready To Move,Kammagondahalli,1200.0,3.0,2.0,120.0,3 BHK,10000.0
Ready To Move,Ulsoor,2135.0,3.0,2.0,170.0,3 BHK,7962.529274004683
Ready To Move,Uttarahalli,1125.0,2.0,1.0,47.0,2 BHK,4177.777777777777
Ready To Move,2nd Phase Judicial Layout,1350.0,2.0,2.0,47.25,3 BHK,3500.0
Ready To Move,Pai Layout,1068.0,2.0,3.0,48.0,2 BHK,4494.38202247191
Ready To Move,Doddathoguru,940.0,2.0,1.0,32.9,2 BHK,3500.0
Not Ready To Move,Hosa Road,1063.0,2.0,1.0,32.79,2 BHK,3084.6660395108183
Ready To Move,Brookefield,1382.0,2.0,2.0,84.5,2 BHK,6114.3270622286545
Ready To Move,Harlur,936.0,2.0,1.0,45.0,2 BHK,4807.692307692308
Ready To Move,KR Puram,1400.0,2.0,3.0,60.0,3 BHK,4285.714285714285
Not Ready To Move,Sarjapur  Road,475.0,1.0,1.0,26.0,1 BHK,5473.684210526316
Ready To Move,LIC Colony,1200.0,2.0,1.0,115.0,2 BHK,9583.333333333334
Ready To Move,Glass Factory Layout,1450.0,3.0,3.0,65.0,3 BHK,4482.758620689655
Ready To Move,Kudlu,1162.0,2.0,1.0,52.0,2 BHK,4475.043029259897
Not Ready To Move,Hosa Road,1161.0,2.0,1.0,48.75,2 BHK,4198.966408268734
Ready To Move,Green Glen Layout,1623.29,2.0,2.0,105.0,3 BHK,6468.345150897252
Ready To Move,Brookefield,1260.0,2.0,1.0,70.0,2 BHK,5555.555555555556
Ready To Move,Billekahalli,1672.0,3.0,2.0,190.0,4 BHK,11363.636363636364
Ready To Move,Seegehalli,3000.0,4.0,2.0,240.0,3 BHK,8000.0
Ready To Move,Murugeshpalya,1500.0,2.0,0.0,70.0,3 BHK,4666.666666666667
Ready To Move,Gaurava Nagar,1650.0,6.0,2.0,200.0,5 BHK,12121.212121212122
Ready To Move,Dollars Colony,2000.0,3.0,3.0,200.0,3 BHK,10000.0
Ready To Move,Thyagaraja Nagar,1675.0,1.0,0.0,241.0,1 BHK,14388.059701492537
Ready To Move,Electronic City,1200.0,3.0,2.0,150.0,3 BHK,12500.0
Ready To Move,Nagarbhavi,1100.0,2.0,2.0,46.2,2 BHK,4200.0
Ready To Move,Whitefield,1400.0,2.0,3.0,56.0,3 BHK,4000.0
Ready To Move,Ramagondanahalli,2257.0,3.0,2.0,155.0,3 BHK,6867.523260965884
Ready To Move,Budigere,1153.0,2.0,2.0,56.5,2 BHK,4900.260190806592
Ready To Move,Sarjapur  Road,1197.0,2.0,1.0,56.86,2 BHK,4750.208855472013
Ready To Move,Siddapura,1150.0,2.0,2.0,90.0,2 BHK,7826.086956521739
Not Ready To Move,Akshayanagara East,595.0,1.0,1.0,40.0,1 BHK,6722.689075630252
Not Ready To Move,Hoodi,1837.0,3.0,1.0,110.0,3 BHK,5988.023952095808
Ready To Move,Kumbalgodu,3750.0,4.0,2.0,190.0,4 BHK,5066.666666666667
Ready To Move,Bellandur,1830.0,3.0,3.0,91.86,3 BHK,5019.672131147541
Ready To Move,Green Glen Layout,1715.0,3.0,3.0,115.0,3 BHK,6705.539358600583
Ready To Move,Electronic City,970.0,2.0,1.0,35.0,2 BHK,3608.2474226804125
Ready To Move,Hebbal Kempapura,1200.0,3.0,2.0,148.0,4 BHK,12333.333333333334
Ready To Move,NRI Layout,2700.0,5.0,1.0,95.75,4 BHK,3546.296296296296
Ready To Move,Siddapura,5480.0,4.0,2.0,400.0,3 BHK,7299.270072992701
Ready To Move,Vidyaranyapura,2400.0,5.0,1.0,135.0,4 BHK,5625.0
Ready To Move,Sarjapur  Road,3040.0,4.0,2.0,135.0,4 BHK,4440.789473684211
Not Ready To Move,Raja Rajeshwari Nagar,1168.0,2.0,1.0,66.0,2 BHK,5650.684931506849
Ready To Move,Begur Road,1160.0,2.0,2.0,36.54,2 BHK,3150.0
Ready To Move,Mallappa Layout,1500.0,3.0,2.0,75.0,3 BHK,5000.0
Ready To Move,Kumaraswami Layout,600.0,2.0,1.0,72.0,2 BHK,12000.0
Not Ready To Move,ITPL,850.0,2.0,1.0,25.4,2 BHK,2988.235294117647
Ready To Move,Ramamurthy Nagar,935.0,2.0,2.0,39.0,2 BHK,4171.122994652406
Ready To Move,Ullal Road,1200.0,5.0,1.0,235.0,5 BHK,19583.333333333332
Not Ready To Move,Doddaballapur,654.0,1.0,1.0,49.0,1 BHK,7492.354740061162
Ready To Move,Domlur,1650.0,3.0,1.0,180.0,3 BHK,10909.09090909091
Ready To Move,Dodsworth Layout,5656.0,5.0,0.0,499.0,3 BHK,8822.489391796322
Ready To Move,Vinayak Nagar,1300.0,2.0,1.0,33.0,2 BHK,2538.4615384615386
Ready To Move,Kaggalipura,950.0,2.0,1.0,60.0,2 BHK,6315.789473684211
Not Ready To Move,Silk Board,1250.0,3.0,2.0,54.0,3 BHK,4320.0
Ready To Move,Doddakallasandra,1072.0,2.0,1.0,42.87,2 BHK,3999.0671641791046
Ready To Move,Ankappa Layout,1425.0,2.0,2.0,65.0,3 BHK,4561.403508771929
Ready To Move,Uttarahalli,1165.0,1.0,0.0,42.09,2 BHK,3612.8755364806866
Ready To Move,Kathriguppe,1390.0,2.0,2.0,69.49,3 BHK,4999.2805755395675
Ready To Move,Kalena Agrahara,1510.0,3.0,2.0,78.0,3 BHK,5165.562913907284
Ready To Move,Thanisandra,1305.0,2.0,2.0,90.0,2 BHK,6896.551724137931
Ready To Move,Kodigehaali,866.0,2.0,2.0,32.0,2 BHK,3695.150115473441
Ready To Move,Hulimavu,1231.0,2.0,1.0,84.5,2 BHK,6864.337936636881
Ready To Move,Sompura,1360.0,2.0,3.0,45.0,3 BHK,3308.823529411765
Ready To Move,Yeshwanthpur,2500.0,3.0,3.0,138.0,3 BHK,5520.0
Ready To Move,Whitefield,1140.0,2.0,3.0,55.0,2 BHK,4824.561403508772
Not Ready To Move,Kanakpura Road,525.0,1.0,1.0,30.0,1 BHK,5714.285714285715
Not Ready To Move,Whitefield,1295.0,2.0,1.0,64.5,2 BHK,4980.694980694981
Ready To Move,Hormavu,1020.0,2.0,2.0,45.75,2 BHK,4485.294117647059
Not Ready To Move,Old Airport Road,3504.0,4.0,2.0,262.0,4 BHK,7477.16894977169
Ready To Move,Sidedahalli,1200.0,1.0,0.0,50.0,2 BHK,4166.666666666667
Ready To Move,Vidyaranyapura,1100.0,2.0,1.0,41.0,2 BHK,3727.2727272727275
Not Ready To Move,Bannerghatta Road,4723.0,4.0,3.0,500.0,4 BHK,10586.491636671608
Ready To Move,Kothannur,820.0,2.0,2.0,37.0,2 BHK,4512.195121951219
Ready To Move,Sarjapur,3508.0,4.0,1.0,386.0,4 BHK,11003.420752565564
Ready To Move,Versova Layout,3700.0,4.0,2.0,400.0,4 BHK,10810.81081081081
Ready To Move,Kalena Agrahara,1354.0,2.0,2.0,70.0,2 BHK,5169.8670605613
Ready To Move,Basavangudi,2453.0,3.0,2.0,250.0,4 BHK,10191.602119853242
Ready To Move,Garudachar Palya,1154.0,2.0,1.0,51.8,2 BHK,4488.734835355286
Ready To Move,7th Phase JP Nagar,1680.0,2.0,3.0,92.0,3 BHK,5476.190476190476
Not Ready To Move,Electronics City Phase 1,1205.0,2.0,2.0,60.0,2 BHK,4979.253112033195
Ready To Move,Raja Rajeshwari Nagar,1400.0,2.0,2.0,86.0,3 BHK,6142.857142857143
Ready To Move,Doopanahalli,1625.0,3.0,1.0,150.0,3 BHK,9230.76923076923
Ready To Move,Electronic City,1500.0,3.0,1.0,73.0,3 BHK,4866.666666666667
Ready To Move,Bannerghatta Road,1520.0,2.0,3.0,80.0,3 BHK,5263.1578947368425
Ready To Move,3rd Stage Raja Rajeshwari Nagar,1300.0,3.0,1.0,65.0,2 BHK,5000.0
Ready To Move,Manayata Tech Park,1150.0,2.0,2.0,47.0,2 BHK,4086.9565217391305
Not Ready To Move,Kadugodi,1762.0,3.0,3.0,109.0,3 BHK,6186.152099886493
Ready To Move,Budigere,1153.0,2.0,2.0,58.0,2 BHK,5030.3555941023415
Ready To Move,Yelahanka,2650.0,4.0,1.0,223.0,4 BHK,8415.094339622641
Ready To Move,Sompura,1350.0,2.0,2.0,47.0,3 BHK,3481.4814814814813
Ready To Move,Billekahalli,950.0,2.0,2.0,56.0,2 BHK,5894.736842105263
Ready To Move,Jakkur,3295.0,3.0,3.0,310.0,3 BHK,9408.194233687405
Ready To Move,Coconut Grove Layout,1515.0,3.0,3.0,80.5,3 BHK,5313.531353135313
Ready To Move,Neeladri Nagar,1100.0,2.0,2.0,30.0,2 BHK,2727.2727272727275
Ready To Move,Byrasandra,1250.0,2.0,2.0,65.0,2 BHK,5200.0
Ready To Move,HBR Layout,1200.0,2.0,0.0,120.0,2 BHK,10000.0
Ready To Move,Hoskote,1200.0,4.0,2.0,100.0,4 BHK,8333.333333333334
Ready To Move,Yelahanka,1355.0,2.0,2.0,51.5,3 BHK,3800.7380073800737
Not Ready To Move,Dominic Layout,1115.0,3.0,1.0,39.14,3 BHK,3510.3139013452915
Not Ready To Move,8th Phase JP Nagar,1275.0,3.0,2.0,45.0,3 BHK,3529.4117647058824
Not Ready To Move,Padmanabhanagar,2051.0,3.0,2.0,170.0,3 BHK,8288.639687957095
Ready To Move,BTM Layout,1470.0,2.0,2.0,99.0,3 BHK,6734.693877551021
Ready To Move,Silver Springs Layout,1550.0,2.0,3.0,70.0,3 BHK,4516.129032258064
Ready To Move,Bannerghatta Road,1270.0,2.0,1.0,73.0,3 BHK,5748.031496062992
Not Ready To Move,Bhoganhalli,2119.0,4.0,2.0,111.0,4 BHK,5238.319962246343
Ready To Move,Hebbal Kempapura,1600.0,3.0,3.0,170.0,3 BHK,10625.0
Ready To Move,Kudlu Gate,1320.0,2.0,2.0,50.0,3 BHK,3787.878787878788
Ready To Move,Gopalkrishna Nagar,2505.0,3.0,2.0,165.0,3 BHK,6586.826347305389
Ready To Move,Tejaswini Nagar,1410.0,2.0,1.0,54.0,3 BHK,3829.7872340425533
Ready To Move,Whitefield,1200.0,2.0,3.0,70.0,2 BHK,5833.333333333333
Not Ready To Move,Chennammana Kere,1705.0,2.0,1.0,86.96,3 BHK,5100.2932551319645
Ready To Move,Electronic City,995.0,2.0,1.0,48.0,2 BHK,4824.120603015075
Ready To Move,Horamavu Banaswadi,1081.0,2.0,1.0,52.0,2 BHK,4810.360777058279
Ready To Move,Parappana Agrahara,1194.0,2.0,2.0,46.0,2 BHK,3852.5963149078725
Not Ready To Move,Sonnenahalli,605.0,1.0,1.0,30.24,1 BHK,4998.347107438017
Ready To Move,Yelahanka,567.0,1.0,1.0,25.0,1 BHK,4409.171075837742
Ready To Move,Rajaji Nagar,1718.0,3.0,2.0,275.0,2 BHK,16006.9848661234
Ready To Move,2nd Stage Nagarbhavi,600.0,5.0,1.0,135.0,3 BHK,22500.0
Ready To Move,Green Glen Layout,1715.0,3.0,2.0,105.0,3 BHK,6122.448979591837
Ready To Move,Doddaballapur,3206.0,5.0,2.0,270.0,4 BHK,8421.70929507174
Ready To Move,Kundalahalli,1500.0,4.0,2.0,235.0,4 BHK,15666.666666666666
Ready To Move,Bannerghatta Road,1846.0,3.0,2.0,120.0,3 BHK,6500.541711809317
Ready To Move,Coconut Garden,600.0,3.0,1.0,90.0,3 BHK,15000.0
Ready To Move,Whitefield,1015.0,2.0,3.0,56.0,2 BHK,5517.241379310345
Ready To Move,Dollars Colony,4350.0,8.0,2.0,2600.0,4 BHK,59770.11494252874
Ready To Move,Thanisandra,1100.0,2.0,1.0,36.0,2 BHK,3272.7272727272725
Ready To Move,Thanisandra,1965.0,4.0,2.0,125.0,3 BHK,6361.323155216285
Ready To Move,NGR Layout,1021.0,2.0,2.0,45.9,2 BHK,4495.592556317336
Not Ready To Move,Haralur Road,1230.0,2.0,1.0,67.65,2 BHK,5500.000000000001
Ready To Move,Uttarahalli,1260.0,2.0,2.0,55.0,2 BHK,4365.079365079365
Ready To Move,Indira Nagar,2400.0,4.0,1.0,700.0,4 BHK,29166.666666666668
Ready To Move,Lingadheeranahalli,1894.0,4.0,1.0,114.0,3 BHK,6019.007391763464
Not Ready To Move,Jakkur,1950.0,3.0,2.0,131.0,3 BHK,6717.948717948718
Ready To Move,Sector 2 HSR Layout,1231.0,2.0,3.0,66.0,2 BHK,5361.494719740049
Ready To Move,Mahadevpura,1236.0,2.0,1.0,58.0,2 BHK,4692.556634304207
Ready To Move,R.T. Nagar,1800.0,3.0,0.0,120.0,4 BHK,6666.666666666667
Ready To Move,KAMAKIYA,1650.0,3.0,2.0,135.0,3 BHK,8181.818181818182
Ready To Move,Kirloskar Layout,750.0,3.0,1.0,88.0,5 BHK,11733.333333333334
Ready To Move,Begur,1443.0,2.0,2.0,70.0,3 BHK,4851.004851004851
Ready To Move,Ramamurthy Nagar,886.0,4.0,2.0,120.0,4 BHK,13544.018058690745
Ready To Move,Wheelers Road,925.0,2.0,1.0,68.0,2 BHK,7351.351351351352
Not Ready To Move,Chandapura,1305.0,3.0,1.0,33.28,3 BHK,2550.191570881226
Ready To Move,Alfa Garden Layout,1190.0,2.0,2.0,46.41,2 BHK,3900.0
Ready To Move,Uttarahalli,1284.0,2.0,2.0,53.36,2 BHK,4155.763239875389
Ready To Move,MM Layout,350.0,3.0,1.0,45.0,4 BHK,12857.142857142857
Ready To Move,Palace Guttahalli,875.0,3.0,1.0,115.0,3 BHK,13142.857142857143
Ready To Move,Chikkalasandra,1325.0,2.0,1.0,59.0,2 BHK,4452.830188679245
Not Ready To Move,Kudlu Gate,1183.0,2.0,1.0,79.54,2 BHK,6723.584108199494
Ready To Move,Rajiv Gandhi Nagar,1750.0,3.0,2.0,100.0,3 BHK,5714.285714285715
Ready To Move,Nagashetty Halli,16335.0,4.0,2.0,149.0,4 BHK,912.1518212427303
Ready To Move,Doddagubbi,747.0,1.0,2.0,27.0,1 BHK,3614.4578313253014
Ready To Move,Electronic City,1342.0,2.0,1.0,90.0,2 BHK,6706.408345752608
Ready To Move,Motappa Layout,1113.0,2.0,1.0,52.0,2 BHK,4672.057502246182
Ready To Move,Devarabeesana Halli,1738.0,3.0,2.0,110.0,3 BHK,6329.113924050633
Ready To Move,Brookefield,1206.0,2.0,1.0,90.0,2 BHK,7462.686567164179
Not Ready To Move,Hebbal,2790.0,4.0,3.0,198.0,4 BHK,7096.774193548387
Not Ready To Move,Hebbal,1162.0,2.0,1.0,59.0,2 BHK,5077.452667814114
Ready To Move,Parappana Agrahara,1194.0,2.0,2.0,46.0,2 BHK,3852.5963149078725
Ready To Move,Sarjapur  Road,1857.0,4.0,3.0,155.0,3 BHK,8346.795907377491
Ready To Move,Rajaji Nagar,1763.0,3.0,2.0,240.0,2 BHK,13613.159387407828
Ready To Move,Uttarahalli,1150.0,2.0,1.0,45.99,2 BHK,3999.1304347826085
Ready To Move,Koramangala,2400.0,5.0,3.0,550.0,4 BHK,22916.666666666668
Ready To Move,Chikkalasandra,1290.0,2.0,2.0,72.0,2 BHK,5581.395348837209
Ready To Move,Thubarahalli,3408.0,5.0,2.0,145.0,4 BHK,4254.694835680752
Ready To Move,HBR Layout,900.0,2.0,1.0,145.0,2 BHK,16111.111111111111
Ready To Move,Sanjay nagar,1150.0,2.0,0.0,70.0,2 BHK,6086.95652173913
Ready To Move,Banashankari,1040.0,2.0,1.0,109.0,3 BHK,10480.76923076923
Ready To Move,Yeshwanthpur,1160.0,2.0,2.0,64.08,2 BHK,5524.137931034483
Ready To Move,Soundarya Layout,900.0,2.0,2.0,27.0,2 BHK,3000.0
Ready To Move,Sarjapur  Road,1750.0,3.0,1.0,185.0,4 BHK,10571.42857142857
Not Ready To Move,Electronic City,1320.0,2.0,1.0,38.12,3 BHK,2887.8787878787875
Ready To Move,Lingadheeranahalli,2240.0,4.0,2.0,160.0,4 BHK,7142.857142857143
Ready To Move,Electronics City Phase 1,891.0,2.0,1.0,26.0,2 BHK,2918.0695847362513
Ready To Move,Udaya Nagar,1000.0,4.0,3.0,80.0,5 BHK,8000.0
Ready To Move,Ambedkar Nagar,1852.0,3.0,2.0,125.0,3 BHK,6749.460043196545
Ready To Move,Chandapura,1323.0,2.0,1.0,42.0,3 BHK,3174.6031746031745
Ready To Move,Vittasandra,1404.0,2.0,1.0,67.5,2 BHK,4807.692307692308
Ready To Move,Dodda Nekkundi,1370.0,2.0,2.0,60.0,2 BHK,4379.56204379562
Ready To Move,Uttarahalli,1385.0,2.0,2.0,48.48,3 BHK,3500.361010830325
Ready To Move,Gollarapalya Hosahalli,1129.0,2.0,1.0,50.0,2 BHK,4428.697962798937
Ready To Move,Mahalakshmi Layout,1876.0,3.0,1.0,150.0,3 BHK,7995.735607675906
Ready To Move,Brooke Bond First Cross,1720.0,3.0,1.0,95.0,3 BHK,5523.2558139534885
Ready To Move,Jalahalli East,1200.0,4.0,1.0,80.0,4 BHK,6666.666666666667
Ready To Move,Mysore Road,1175.0,2.0,2.0,86.68,2 BHK,7377.021276595745
Ready To Move,Nagawara Junction,500.0,1.0,2.0,51.0,1 BHK,10200.0
Ready To Move,Dasappa Layout,1200.0,5.0,2.0,85.0,5 BHK,7083.333333333333
Ready To Move,Electronic City Phase II,1200.0,1.0,0.0,295.0,1 BHK,24583.333333333332
Not Ready To Move,Hosa Road,1893.0,3.0,2.0,130.0,3 BHK,6867.406233491812
Ready To Move,Whitefield,1430.0,3.0,2.0,52.0,3 BHK,3636.3636363636365
Ready To Move,Green View Layout,850.0,2.0,2.0,45.0,2 BHK,5294.117647058823
Not Ready To Move,CV Raman Nagar,1392.0,2.0,1.0,110.0,2 BHK,7902.298850574713
Not Ready To Move,Kanakpura Road,1938.0,3.0,3.0,105.0,3 BHK,5417.956656346749
Not Ready To Move,Chennammanakere Achukattu,1020.0,2.0,2.0,52.0,2 BHK,5098.0392156862745
Ready To Move,"beml layout, basaveshwara nagar",2400.0,2.0,1.0,360.0,3 BHK,15000.0
Ready To Move,HBR Layout,1832.0,3.0,2.0,160.0,3 BHK,8733.624454148472
Ready To Move,Konanakunte,1423.0,2.0,2.0,85.0,3 BHK,5973.295853829937
Ready To Move,Jakkur,1432.0,2.0,1.0,85.0,2 BHK,5935.754189944134
Ready To Move,2nd Block Hrbr Layout,1350.0,4.0,3.0,235.0,4 BHK,17407.40740740741
Ready To Move,CV Raman Nagar,1480.0,3.0,2.0,65.0,3 BHK,4391.891891891892
Ready To Move,Kanakpura Road,1843.0,3.0,2.0,96.2,3 BHK,5219.750406945198
Ready To Move,Lingarajapuram,760.0,4.0,2.0,95.0,3 BHK,12500.0
Not Ready To Move,Hulimavu,1916.0,2.0,1.0,150.0,3 BHK,7828.8100208768265
Ready To Move,Hennur,1255.0,2.0,1.0,55.5,2 BHK,4422.310756972111
Ready To Move,Yelenahalli,1160.0,2.0,2.0,44.08,2 BHK,3800.0
Not Ready To Move,Old Madras Road,2640.0,2.0,1.0,170.0,2 BHK,6439.393939393939
Ready To Move,Bommanahalli,1160.0,2.0,3.0,53.0,2 BHK,4568.9655172413795
Ready To Move,Lakshminarayana Pura,1200.0,2.0,1.0,80.0,2 BHK,6666.666666666667
Ready To Move,7th Phase JP Nagar,1100.0,2.0,1.0,44.0,2 BHK,4000.0
Ready To Move,Ramagondanahalli,1500.0,3.0,3.0,100.0,3 BHK,6666.666666666667
Not Ready To Move,Electronic City Phase II,1336.0,2.0,3.0,50.35,3 BHK,3768.7125748502995
Ready To Move,Choodasandra,1065.0,2.0,1.0,46.0,2 BHK,4319.24882629108
Ready To Move,Hebbal,1294.0,2.0,1.0,115.0,2 BHK,8887.171561051005
Ready To Move,Rachenahalli,1550.0,3.0,2.0,68.5,3 BHK,4419.354838709677
Not Ready To Move,Whitefield,1216.0,2.0,1.0,75.0,2 BHK,6167.763157894737
Ready To Move,Bank Of Baroda Colony,1005.0,2.0,2.0,40.0,2 BHK,3980.0995024875624
Ready To Move,7th Phase JP Nagar,1430.0,2.0,1.0,102.0,3 BHK,7132.867132867133
Not Ready To Move,Frazer Town,4100.0,4.0,3.0,660.0,4 BHK,16097.560975609756
Not Ready To Move,Hoodi,1660.0,3.0,2.0,125.0,3 BHK,7530.120481927711
Ready To Move,Thanisandra,1430.0,2.0,3.0,56.0,3 BHK,3916.083916083916
Ready To Move,Hennur Road,1470.0,2.0,1.0,75.0,3 BHK,5102.040816326531
Ready To Move,Jalahalli,1045.0,2.0,1.0,76.77,2 BHK,7346.411483253589
Ready To Move,Anjanapura,950.0,2.0,0.0,30.0,2 BHK,3157.8947368421054
Ready To Move,Doddathoguru,1382.0,3.0,1.0,65.0,3 BHK,4703.328509406657
Ready To Move,BTM 2nd Stage,930.0,2.0,2.0,46.0,2 BHK,4946.236559139785
Ready To Move,Sarjapur  Road,1660.0,2.0,2.0,116.0,3 BHK,6987.951807228916
Ready To Move,Vijinapura,1290.0,2.0,2.0,71.95,2 BHK,5577.519379844961
Ready To Move,Whitefield,1010.0,2.0,1.0,45.0,3 BHK,4455.445544554455
Ready To Move,Brookefield,3050.0,4.0,2.0,130.0,4 BHK,4262.295081967213
Ready To Move,Dodda Nekkundi,1200.0,2.0,2.0,71.0,2 BHK,5916.666666666667
Ready To Move,3rd Block Hrbr Layout,1650.0,3.0,2.0,140.0,3 BHK,8484.848484848484
Ready To Move,Budigere,1636.0,3.0,2.0,88.0,3 BHK,5378.973105134474
Ready To Move,Rajaji Nagar,2367.0,3.0,2.0,320.0,3 BHK,13519.22264469793
Ready To Move,Budigere,1153.0,2.0,2.0,56.55,2 BHK,4904.596704249783
Ready To Move,Hegde Nagar,2087.01,4.0,2.0,160.0,3 BHK,7666.470213367448
Ready To Move,LB Shastri Nagar,1200.0,2.0,1.0,47.0,2 BHK,3916.6666666666665
Ready To Move,HSR Layout,1844.0,3.0,1.0,89.0,3 BHK,4826.46420824295
Ready To Move,Begur Road,1215.0,2.0,1.0,43.75,2 BHK,3600.8230452674898
Not Ready To Move,Sarjapur  Road,1194.0,2.0,1.0,57.0,2 BHK,4773.869346733668
Ready To Move,Chennappa Layout,1220.0,2.0,2.0,52.0,2 BHK,4262.295081967213
Ready To Move,1st Block HBR Layout,3150.0,4.0,2.0,150.0,4 BHK,4761.9047619047615
Not Ready To Move,Kanakpura Road,525.0,1.0,1.0,26.0,1 BHK,4952.380952380952
Not Ready To Move,Bommasandra,955.0,2.0,1.0,37.97,2 BHK,3975.916230366492
Ready To Move,Kadugondanahalli,2000.0,5.0,2.0,75.0,5 BHK,3750.0
Not Ready To Move,Magadi Road,884.0,2.0,1.0,48.0,2 BHK,5429.864253393665
Ready To Move,Kathriguppe,1250.0,2.0,1.0,68.75,2 BHK,5500.0
Ready To Move,Bommasandra Industrial Area,7000.0,2.0,1.0,135.0,2 BHK,1928.5714285714287
Ready To Move,Dodda Nekkundi,2400.0,4.0,2.0,300.0,3 BHK,12500.0
Ready To Move,Harlur,2990.0,4.0,1.0,225.0,4 BHK,7525.083612040134
Ready To Move,Bellandur,1195.0,2.0,1.0,52.0,2 BHK,4351.464435146443
Ready To Move,Sadhguru Layout,2559.0,1.0,1.0,55.0,1 BHK,2149.2770613520906
Not Ready To Move,Begur,1200.0,2.0,1.0,33.0,2 BHK,2750.0
Not Ready To Move,Sarjapur  Road,984.0,2.0,1.0,45.75,2 BHK,4649.390243902439
Ready To Move,Bommasandra,1089.0,2.0,1.0,40.0,2 BHK,3673.094582185491
Not Ready To Move,Hennur Road,1165.0,2.0,1.0,52.0,2 BHK,4463.519313304721
Ready To Move,Chandapura,410.0,1.0,1.0,10.0,1 BHK,2439.0243902439024
Not Ready To Move,Hennur,1482.0,3.0,1.0,110.0,3 BHK,7422.402159244264
Ready To Move,Ramamurthy Nagar,1200.0,2.0,1.0,68.0,2 BHK,5666.666666666667
Not Ready To Move,Kanakapura,1938.0,3.0,3.0,113.0,3 BHK,5830.7533539731685
Not Ready To Move,Hormavu,1166.0,2.0,2.0,34.97,3 BHK,2999.1423670668955
Ready To Move,Chikkalasandra,1275.0,2.0,2.0,55.46,3 BHK,4349.803921568628
Ready To Move,Mico Layout,1140.0,2.0,2.0,43.0,2 BHK,3771.9298245614036
Ready To Move,Hegde Nagar,3734.0,5.0,1.0,430.0,4 BHK,11515.800749866095
Ready To Move,Tejaswini Nagar,720.0,1.0,2.0,28.0,1 BHK,3888.8888888888887
Not Ready To Move,Nagarbhavi,1200.0,3.0,2.0,228.0,3 BHK,19000.0
Ready To Move,Richards Town,1100.0,2.0,1.0,90.0,2 BHK,8181.818181818182
Ready To Move,Sector 7 HSR Layout,1162.0,2.0,2.0,98.77,2 BHK,8500.0
Ready To Move,Ramamurthy Nagar,540.0,1.0,0.0,35.0,1 BHK,6481.481481481482
Ready To Move,Rachenahalli,1550.0,2.0,2.0,73.5,3 BHK,4741.935483870968
Ready To Move,R.T. Nagar,1300.0,3.0,2.0,145.0,3 BHK,11153.846153846154
Ready To Move,Ullal Road,1200.0,5.0,1.0,130.0,5 BHK,10833.333333333334
Ready To Move,Chikbasavanapura,1220.0,2.0,2.0,60.0,2 BHK,4918.0327868852455
Ready To Move,Doddathoguru,964.0,2.0,1.0,62.0,2 BHK,6431.535269709543
Not Ready To Move,"Electronic City Phase 1, ",1500.0,3.0,2.0,50.0,3 BHK,3333.3333333333335
Ready To Move,Sarjapur  Road,1347.0,2.0,1.0,44.0,3 BHK,3266.5181885671864
Ready To Move,"JP Nagar 8th Phase, ",5000.0,5.0,2.0,250.0,4 BHK,5000.0
Ready To Move,Bannerghatta Road,3000.0,4.0,2.0,140.0,4 BHK,4666.666666666667
Not Ready To Move,Bannerghatta,1120.0,2.0,1.0,42.5,2 BHK,3794.6428571428573
Ready To Move,Lake City,600.0,1.0,1.0,22.8,1 BHK,3800.0
Not Ready To Move,Whitefield,2321.0,4.0,1.0,157.0,3 BHK,6764.325721671693
Ready To Move,Bhagyalakshmi Avenue,540.0,1.0,2.0,24.0,1 BHK,4444.444444444444
Ready To Move,Hebbal,1150.0,2.0,1.0,57.0,2 BHK,4956.521739130435
Ready To Move,Sonnenahalli,1484.0,3.0,1.0,75.0,3 BHK,5053.908355795148
Ready To Move,Ramagondanahalli,1680.0,2.0,2.0,68.0,3 BHK,4047.6190476190477
Ready To Move,Byagadadhenahalli,620.0,2.0,1.0,23.0,2 BHK,3709.6774193548385
Ready To Move,Dodda Banaswadi,1650.0,3.0,2.0,78.0,3 BHK,4727.272727272727
Not Ready To Move,Chuchangatta Colony,1250.0,3.0,2.0,44.0,3 BHK,3520.0
Not Ready To Move,Hanuman Nagar,2072.0,3.0,2.0,108.0,3 BHK,5212.355212355213
Ready To Move,Sarjapur  Road,1105.0,2.0,2.0,40.0,2 BHK,3619.9095022624433
Ready To Move,Vidyaranyapura,1200.0,2.0,2.0,60.5,2 BHK,5041.666666666667
Ready To Move,Whitefield,4007.0,4.0,3.0,530.0,4 BHK,13226.853007237334
Ready To Move,Electronic City,550.0,2.0,1.0,16.0,2 BHK,2909.090909090909
Ready To Move,Banashankari,1340.0,2.0,2.0,53.6,3 BHK,4000.0
Ready To Move,Rajaji Nagar,2409.0,3.0,3.0,395.0,3 BHK,16396.84516396845
Ready To Move,Haralur Road,1194.0,2.0,2.0,46.0,2 BHK,3852.5963149078725
Ready To Move,Vittasandra,1246.0,2.0,1.0,65.0,2 BHK,5216.69341894061
Ready To Move,Old Airport Road,1055.0,2.0,3.0,75.0,2 BHK,7109.004739336493
Not Ready To Move,Hosa Road,1541.0,3.0,1.0,69.61,3 BHK,4517.1966255678135
Ready To Move,Harlur,1370.0,2.0,2.0,88.0,2 BHK,6423.3576642335765
Ready To Move,Whitefield,1224.0,2.0,2.0,75.0,2 BHK,6127.450980392156
Ready To Move,Kengeri Satellite Town,650.0,2.0,1.0,58.0,4 BHK,8923.076923076924
Ready To Move,Kambipura,883.0,2.0,1.0,39.0,2 BHK,4416.761041902605
Ready To Move,Yeshwanthpur,1676.0,3.0,2.0,92.13,3 BHK,5497.016706443914
Ready To Move,Shree Ananth Nagar Layout,1154.0,2.0,1.0,57.0,2 BHK,4939.341421143848
Ready To Move,Kanakpura Road,1610.0,3.0,3.0,78.5,3 BHK,4875.776397515528
Ready To Move,Devasthanagalu,1057.0,2.0,1.0,42.0,2 BHK,3973.5099337748343
Not Ready To Move,Raja Rajeshwari Nagar,1157.0,2.0,1.0,65.0,2 BHK,5617.9775280898875
Not Ready To Move,Doddagubbi,1200.0,4.0,1.0,85.0,4 BHK,7083.333333333333
Ready To Move,Gulimangala,980.0,2.0,3.0,35.0,2 BHK,3571.4285714285716
Ready To Move,Sarjapur  Road,1140.0,2.0,1.0,40.0,2 BHK,3508.7719298245615
Ready To Move,Raja Rajeshwari Nagar,1206.0,2.0,1.0,40.7,2 BHK,3374.7927031509125
Ready To Move,Electronic City Phase II,575.0,1.0,1.0,16.75,1 BHK,2913.0434782608695
Ready To Move,Koramangala,1600.0,3.0,1.0,170.0,3 BHK,10625.0
Ready To Move,1st Stage Indira Nagar,2400.0,4.0,1.0,500.0,4 BHK,20833.333333333332
Ready To Move,Horamavu Agara,1300.0,2.0,2.0,52.0,3 BHK,4000.0
Not Ready To Move,Tunganagara,1270.0,2.0,1.0,35.56,3 BHK,2800.0
Not Ready To Move,Electronic City,1128.0,2.0,1.0,63.5,2 BHK,5629.432624113475
Ready To Move,Electronics City Phase 1,640.0,1.0,1.0,45.0,1 BHK,7031.25
Ready To Move,4th T block Jayanagar,2400.0,3.0,2.0,185.0,3 BHK,7708.333333333333
Ready To Move,TC Palaya,1200.0,2.0,0.0,66.0,3 BHK,5500.0
Ready To Move,Kanakapura,1090.0,2.0,2.0,38.15,2 BHK,3500.0
Ready To Move,Electronic City,589.0,1.0,1.0,29.0,1 BHK,4923.599320882852
Not Ready To Move,Electronic City,1125.0,2.0,1.0,28.13,2 BHK,2500.4444444444443
Ready To Move,Kogilu,1140.0,2.0,2.0,50.66,2 BHK,4443.859649122807
Ready To Move,Sarjapur  Road,3150.0,4.0,2.0,500.0,4 BHK,15873.015873015873
Ready To Move,Kundalahalli,1315.0,2.0,3.0,74.0,2 BHK,5627.376425855513
Ready To Move,Bellandur,1435.0,2.0,2.0,115.0,3 BHK,8013.937282229966
Ready To Move,Haralur Road,1092.0,2.0,2.0,44.0,2 BHK,4029.3040293040294
Not Ready To Move,Kadugodi,1314.0,2.0,3.0,80.0,2 BHK,6088.2800608828
Ready To Move,Koramangala,1260.0,2.0,1.0,100.0,2 BHK,7936.507936507936
Ready To Move,Nagarbhavi,1080.0,2.0,1.0,49.0,2 BHK,4537.037037037037
Not Ready To Move,Mysore Road,1082.0,2.0,1.0,45.0,3 BHK,4158.964879852126
Ready To Move,Jakkur,1150.0,3.0,2.0,65.0,3 BHK,5652.173913043478
Not Ready To Move,Hennur Road,1052.0,2.0,1.0,34.72,2 BHK,3300.380228136882
Ready To Move,Yelahanka,1045.0,2.0,1.0,45.0,2 BHK,4306.2200956937795
Ready To Move,Kodigehaali,1442.0,3.0,2.0,80.0,3 BHK,5547.850208044383
Ready To Move,Kaggadasapura,1500.0,2.0,2.0,75.0,3 BHK,5000.0
Ready To Move,Marsur,497.0,1.0,1.0,20.0,2 BHK,4024.1448692152917
Ready To Move,Hennur,1255.0,2.0,1.0,53.57,2 BHK,4268.525896414342
Not Ready To Move,Vajarahalli,1432.0,3.0,2.0,79.0,3 BHK,5516.7597765363125
Ready To Move,Kundalahalli,2100.0,3.0,2.0,150.0,3 BHK,7142.857142857143
Ready To Move,Hennur Road,1450.0,2.0,2.0,80.0,2 BHK,5517.241379310345
Not Ready To Move,Sarjapur  Road,1346.0,2.0,1.0,69.61,2 BHK,5171.619613670134
Ready To Move,Kumaraswami Layout,1200.0,2.0,2.0,29.0,2 BHK,2416.6666666666665
Ready To Move,Electronic City Phase II,925.0,2.0,1.0,49.82,3 BHK,5385.945945945946
Ready To Move,Dasarahalli,1160.0,2.0,2.0,49.0,2 BHK,4224.137931034483
Not Ready To Move,Lingadheeranahalli,1768.0,3.0,3.0,81.31,3 BHK,4598.981900452489
Ready To Move,Kothanur,1094.0,2.0,2.0,54.0,2 BHK,4936.014625228519
Ready To Move,Seetharampalya,1500.0,3.0,3.0,90.0,3 BHK,6000.0
Ready To Move,Gubbalala,1745.0,3.0,2.0,130.0,3 BHK,7449.856733524355
Ready To Move,Byadarahalli,3500.0,3.0,3.0,425.0,4 BHK,12142.857142857143
Ready To Move,Sonnenahalli,1550.0,3.0,1.0,50.0,3 BHK,3225.8064516129034
Ready To Move,Rajiv Nagar,2340.0,5.0,1.0,160.0,4 BHK,6837.606837606838
Not Ready To Move,Whitefield,1655.0,3.0,2.0,113.0,3 BHK,6827.794561933535
Not Ready To Move,Battarahalli,2024.0,3.0,2.0,103.0,3 BHK,5088.932806324111
Ready To Move,Siddapura,3100.0,5.0,0.0,425.0,4 BHK,13709.677419354839
Ready To Move,Jalahalli,1575.0,4.0,3.0,100.0,3 BHK,6349.206349206349
Not Ready To Move,Iblur Village,1920.0,3.0,2.0,130.0,3 BHK,6770.833333333333
Ready To Move,Sarjapur  Road,6200.0,4.0,2.0,744.0,4 BHK,12000.0
Ready To Move,Kambipura,1082.0,2.0,1.0,55.0,3 BHK,5083.179297597043
Ready To Move,BTM 2nd Stage,1265.0,2.0,3.0,55.0,3 BHK,4347.826086956522
Ready To Move,Kengeri Satellite Town KHB Apartment,1100.0,2.0,2.0,45.0,3 BHK,4090.909090909091
Ready To Move,Margondanahalli,1160.0,2.0,1.0,65.0,2 BHK,5603.448275862069
Ready To Move,Vittasandra,1246.0,2.0,1.0,67.4,2 BHK,5409.309791332264
Not Ready To Move,Hosa Road,615.0,1.0,1.0,43.08,1 BHK,7004.878048780488
Ready To Move,7th Phase JP Nagar,1128.0,2.0,1.0,60.0,2 BHK,5319.148936170212
Ready To Move,Tirumanahalli,1260.0,2.0,1.0,55.0,2 BHK,4365.079365079365
Ready To Move,Bellandur,1830.0,3.0,3.0,89.89,3 BHK,4912.021857923497
Ready To Move,Sarjapur,1525.0,2.0,2.0,68.0,3 BHK,4459.016393442623
Not Ready To Move,Yelahanka,602.0,2.0,1.0,30.0,1 BHK,4983.388704318937
Ready To Move,Hegde Nagar,1835.0,3.0,3.0,89.0,3 BHK,4850.136239782017
Ready To Move,Kanakpura Road,1250.0,3.0,3.0,62.6,3 BHK,5008.0
Ready To Move,Subhash Nagar,1200.0,4.0,1.0,110.0,4 BHK,9166.666666666666
Ready To Move,Murugeshpalya,1855.0,3.0,3.0,96.0,3 BHK,5175.202156334231
Ready To Move,Kanakpura Road,1450.0,3.0,3.0,60.91,3 BHK,4200.689655172414
Ready To Move,Sarjapur  Road,2089.0,3.0,2.0,148.0,3 BHK,7084.729535662997
Ready To Move,Haralur Road,1464.0,3.0,2.0,56.0,3 BHK,3825.136612021858
Ready To Move,Banashankari Stage VI,4800.0,3.0,2.0,200.0,4 BHK,4166.666666666667
Ready To Move,Begur Road,1200.0,2.0,2.0,44.73,2 BHK,3727.5
Ready To Move,Sarjapur,1095.0,2.0,1.0,45.0,2 BHK,4109.58904109589
Ready To Move,Ambedkar Nagar,2900.0,3.0,2.0,297.0,3 BHK,10241.379310344828
Ready To Move,BTM 2nd Stage,2500.0,3.0,2.0,345.0,3 BHK,13800.0
Ready To Move,Kothanur,1170.0,3.0,2.0,80.0,3 BHK,6837.606837606838
Ready To Move,6th Phase JP Nagar,1280.0,2.0,1.0,88.0,2 BHK,6875.0
Not Ready To Move,Rajaji Nagar,1224.0,2.0,0.0,105.0,2 BHK,8578.43137254902
Ready To Move,Thanisandra,1694.0,3.0,1.0,125.0,3 BHK,7378.984651711924
Ready To Move,Electronic City,825.0,2.0,1.0,30.0,2 BHK,3636.3636363636365
Ready To Move,Sarjapur  Road,1612.0,3.0,1.0,98.38,3 BHK,6102.977667493797
Not Ready To Move,Chandapura,985.0,2.0,1.0,25.12,2 BHK,2550.253807106599
Ready To Move,Murugeshpalya,1175.0,2.0,2.0,75.0,2 BHK,6382.978723404255
Ready To Move,Sunkadakatte,600.0,1.0,0.0,24.0,1 BHK,4000.0
Ready To Move,Whitefield,1740.0,3.0,3.0,85.0,3 BHK,4885.057471264367
Ready To Move,Carmelaram,1770.0,3.0,2.0,99.0,3 BHK,5593.220338983051
Not Ready To Move,Horamavu Agara,1090.0,2.0,1.0,46.0,2 BHK,4220.183486238532
Ready To Move,Whitefield,4144.0,5.0,1.0,331.0,5 BHK,7987.451737451737
Ready To Move,Jogupalya,1800.0,3.0,1.0,130.0,3 BHK,7222.222222222223
Ready To Move,Jigani,1221.0,3.0,3.0,65.0,3 BHK,5323.505323505324
Not Ready To Move,8th Phase JP Nagar,1046.0,2.0,1.0,48.0,2 BHK,4588.910133843212
Ready To Move,Uttarahalli,1290.0,2.0,3.0,56.12,3 BHK,4350.387596899225
Not Ready To Move,Electronic City Phase II,1065.0,2.0,1.0,30.76,2 BHK,2888.262910798122
Ready To Move,Ambedkar Nagar,1850.0,4.0,2.0,121.0,3 BHK,6540.540540540541
Ready To Move,Battarahalli,1097.0,2.0,1.0,49.0,2 BHK,4466.727438468551
Ready To Move,Kalena Agrahara,1200.0,3.0,2.0,70.0,2 BHK,5833.333333333333
Ready To Move,Varthur,2160.0,3.0,2.0,170.0,3 BHK,7870.37037037037
Not Ready To Move,Anekal,1140.0,2.0,2.0,52.0,2 BHK,4561.403508771929
Ready To Move,Thigalarapalya,1297.0,2.0,2.0,98.0,2 BHK,7555.898226676947
Ready To Move,Padmanabhanagar,1150.0,2.0,0.0,50.0,2 BHK,4347.826086956522
Ready To Move,Kuvempu Nagar,1375.0,2.0,1.0,45.0,2 BHK,3272.7272727272725
Ready To Move,Babusapalaya,1245.0,2.0,2.0,58.0,2 BHK,4658.634538152611
Not Ready To Move,Vasanth nagar,4750.0,6.0,1.0,948.0,4 BHK,19957.894736842107
Ready To Move,Nagarbhavi,1800.0,3.0,0.0,180.0,4 BHK,10000.0
Ready To Move,Brookefield,1594.0,3.0,2.0,140.0,3 BHK,8782.936010037642
Ready To Move,TC Palaya,1200.0,2.0,0.0,66.0,3 BHK,5500.0
Not Ready To Move,Chandapura,645.0,1.0,1.0,16.45,1 BHK,2550.3875968992247
Not Ready To Move,Kanakpura Road,700.0,2.0,2.0,36.0,2 BHK,5142.857142857143
Ready To Move,Rajaji Nagar,2500.0,4.0,0.0,650.0,5 BHK,26000.0
Ready To Move,Raja Rajeshwari Nagar,1000.0,2.0,0.0,50.0,2 BHK,5000.0
Ready To Move,Begur Road,1160.0,2.0,2.0,42.0,2 BHK,3620.689655172414
Ready To Move,OMBR Layout,600.0,3.0,0.0,140.0,5 BHK,23333.333333333332
Ready To Move,Gopalkrishna Nagar,1570.0,2.0,2.0,95.0,3 BHK,6050.955414012738
Ready To Move,Sarjapur  Road,1290.0,2.0,2.0,88.0,2 BHK,6821.705426356589
Ready To Move,Kudlu Gate,1200.0,2.0,1.0,44.4,2 BHK,3700.0
Not Ready To Move,Langford Gardens,2777.29,5.0,2.0,649.0,3 BHK,23368.10343896388
Ready To Move,Shanti Nagar,2250.0,3.0,0.0,180.0,3 BHK,8000.0
Ready To Move,Defence Colony,1270.0,2.0,1.0,172.0,2 BHK,13543.307086614173
Ready To Move,Akshayanagara East,1145.0,2.0,2.0,44.0,2 BHK,3842.7947598253277
Ready To Move,Chikkabanavar,1320.0,2.0,2.0,46.0,3 BHK,3484.848484848485
Not Ready To Move,Electronic City Phase II,1065.0,2.0,1.0,30.75,2 BHK,2887.323943661972
Not Ready To Move,Whitefield,1650.0,3.0,2.0,48.0,3 BHK,2909.090909090909
Not Ready To Move,Sarjapur  Road,1371.0,2.0,1.0,86.0,2 BHK,6272.793581327498
Ready To Move,Doddanakunte,2700.0,5.0,2.0,150.0,5 BHK,5555.555555555556
Ready To Move,Electronic City,1575.0,3.0,1.0,94.5,3 BHK,6000.0
Not Ready To Move,Yelahanka,1362.0,2.0,2.0,66.0,2 BHK,4845.814977973569
Not Ready To Move,Bettahalsoor,3210.0,5.0,2.0,353.0,5 BHK,10996.884735202491
Ready To Move,Haralur Road,1255.0,3.0,1.0,90.0,3 BHK,7171.314741035857
Ready To Move,Whitefield,925.0,2.0,1.0,35.0,2 BHK,3783.7837837837837
Not Ready To Move,Electronics City Phase 1,1088.0,2.0,1.0,30.46,2 BHK,2799.6323529411766
Ready To Move,Yelahanka,1234.0,2.0,2.0,80.0,2 BHK,6482.982171799027
Ready To Move,Sarjapur  Road,2140.0,3.0,2.0,139.0,3 BHK,6495.327102803738
Ready To Move,Thubarahalli,1584.0,3.0,2.0,101.0,3 BHK,6376.262626262626
Ready To Move,Whitefield,1175.0,2.0,2.0,50.0,2 BHK,4255.31914893617
Ready To Move,Sarjapura - Attibele Road,1555.0,3.0,3.0,52.0,3 BHK,3344.051446945338
Not Ready To Move,Chandapura,645.0,1.0,1.0,16.45,1 BHK,2550.3875968992247
Ready To Move,Dodda Nekkundi,1585.0,2.0,2.0,79.0,3 BHK,4984.22712933754
Ready To Move,Kalena Agrahara,1354.0,2.0,2.0,71.0,2 BHK,5243.722304283604
Not Ready To Move,Madiwala,1165.0,2.0,2.0,45.0,2 BHK,3862.6609442060085
Ready To Move,Kumaraswami Layout,1200.0,3.0,1.0,75.0,3 BHK,6250.0
Ready To Move,Hebbal,1740.0,2.0,1.0,137.0,3 BHK,7873.563218390805
Not Ready To Move,Rachenahalli,985.0,2.0,1.0,50.17,2 BHK,5093.401015228426
Not Ready To Move,Chandapura,1200.0,2.0,1.0,36.0,2 BHK,3000.0
Ready To Move,Kattigenahalli,600.0,4.0,2.0,70.0,3 BHK,11666.666666666666
Ready To Move,Duddanahalli,1340.0,2.0,2.0,47.0,3 BHK,3507.4626865671644
Not Ready To Move,Begur Road,1583.0,3.0,1.0,95.23,3 BHK,6015.792798483892
Ready To Move,"Beml layout, Rajarajeshwari nagar",1200.0,5.0,2.0,325.0,4 BHK,27083.333333333332
Ready To Move,Basaveshwara Nagar,1200.0,1.0,1.0,180.0,2 BHK,15000.0
Not Ready To Move,Thanisandra,1573.0,3.0,2.0,100.0,3 BHK,6357.279084551812
Not Ready To Move,CV Raman Nagar,1227.0,2.0,2.0,42.88,2 BHK,3494.702526487368
Ready To Move,Yemlur,1210.0,2.0,1.0,60.0,2 BHK,4958.677685950413
Not Ready To Move,Basavangudi,1650.0,3.0,3.0,125.0,3 BHK,7575.757575757576
Ready To Move,Chikkalasandra,1000.0,4.0,2.0,300.0,5 BHK,30000.0
Ready To Move,Raja Rajeshwari Nagar,1485.0,2.0,2.0,63.0,3 BHK,4242.424242424242
Ready To Move,Haralur Road,1735.0,3.0,2.0,97.0,3 BHK,5590.778097982709
Ready To Move,Hebbal Kempapura,1730.0,3.0,2.0,175.0,3 BHK,10115.606936416185
Ready To Move,Sector 1 HSR Layout,1684.0,3.0,2.0,86.0,3 BHK,5106.88836104513
Ready To Move,Sai Gardens,1686.0,3.0,3.0,77.0,3 BHK,4567.022538552787
Ready To Move,Bikasipura,1654.0,3.0,3.0,82.0,3 BHK,4957.678355501814
Ready To Move,Green Glen Layout,1600.0,3.0,3.0,105.0,3 BHK,6562.5
Ready To Move,KR Puram,1100.0,2.0,1.0,39.9,2 BHK,3627.2727272727275
Ready To Move,Bannerghatta Road,1655.0,3.0,3.0,95.0,3 BHK,5740.181268882176
Ready To Move,Hennur,1830.0,3.0,3.0,121.0,3 BHK,6612.021857923497
Not Ready To Move,Hebbal,1430.0,3.0,1.0,85.0,3 BHK,5944.055944055944
Ready To Move,Judicial Layout,1989.0,4.0,3.0,155.0,3 BHK,7792.860734037205
Ready To Move,Sarjapur  Road,1044.0,2.0,2.0,55.0,2 BHK,5268.199233716475
Ready To Move,Banashankari,1426.0,3.0,2.0,85.0,3 BHK,5960.729312762974
Ready To Move,Choodasandra,1115.0,2.0,2.0,50.0,2 BHK,4484.304932735426
Ready To Move,Yelahanka,1000.0,2.0,1.0,29.0,2 BHK,2900.0
Not Ready To Move,Kathriguppe,754.0,2.0,0.0,69.99,2 BHK,9282.493368700265
Not Ready To Move,Electronic City Phase II,1140.0,2.0,1.0,33.06,2 BHK,2900.0
Ready To Move,Kodichikkanahalli,900.0,2.0,1.0,35.0,2 BHK,3888.8888888888887
Ready To Move,Gulakamale,1200.0,2.0,3.0,50.0,2 BHK,4166.666666666667
Ready To Move,Malleshwaram,580.0,1.0,1.0,45.0,1 BHK,7758.620689655172
Ready To Move,TC Palaya,1200.0,2.0,0.0,66.0,3 BHK,5500.0
Not Ready To Move,Munnekollal,1030.0,2.0,1.0,50.36,2 BHK,4889.320388349514
Ready To Move,Koramangala,1910.0,4.0,3.0,150.0,3 BHK,7853.4031413612565
Ready To Move,Mahalakshmi Puram,1950.0,3.0,3.0,132.0,3 BHK,6769.2307692307695
Ready To Move,Kundalahalli,1724.0,3.0,1.0,125.0,3 BHK,7250.580046403712
Ready To Move,Konanakunte Cross,1200.0,2.0,2.0,130.0,3 BHK,10833.333333333334
Ready To Move,Rajaji Nagar,1314.0,2.0,0.0,225.0,2 BHK,17123.287671232876
Ready To Move,Kothanur,1400.0,2.0,2.0,65.0,2 BHK,4642.857142857143
Ready To Move,Kaggadasapura,1400.0,2.0,2.0,68.0,3 BHK,4857.142857142857
Ready To Move,Hulimavu,1115.0,2.0,2.0,44.6,2 BHK,4000.0
Ready To Move,Bharathi Nagar,1300.0,2.0,2.0,55.86,2 BHK,4296.923076923077
Ready To Move,Arishinakunte,2400.0,4.0,1.0,150.0,4 BHK,6250.0
Not Ready To Move,Kanakpura Road,1332.0,2.0,1.0,108.0,2 BHK,8108.108108108108
Ready To Move,Abbigere,1000.0,2.0,1.0,41.0,2 BHK,4100.0
Not Ready To Move,Whitefield,1200.0,3.0,2.0,67.75,3 BHK,5645.833333333333
Ready To Move,Whitefield,2444.0,4.0,2.0,145.0,4 BHK,5932.896890343699
Ready To Move,Electronic City,1070.0,2.0,1.0,48.0,2 BHK,4485.981308411215
Ready To Move,Sarjapur  Road,1600.0,3.0,1.0,85.0,3 BHK,5312.5
Ready To Move,Marathahalli,1196.0,2.0,2.0,57.95,2 BHK,4845.3177257525085
Ready To Move,Electronic City,1025.0,2.0,1.0,54.0,2 BHK,5268.292682926829
Ready To Move,Choodasandra,1220.0,3.0,2.0,56.0,3 BHK,4590.163934426229
Ready To Move,Sarjapur  Road,2180.0,4.0,3.0,180.0,3 BHK,8256.880733944954
Ready To Move,Jakkasandra,1600.0,3.0,2.0,102.0,3 BHK,6375.0
Ready To Move,Whitefield,1270.0,2.0,1.0,110.0,2 BHK,8661.417322834646
Ready To Move,Shanthala Nagar,3290.0,4.0,2.0,460.0,3 BHK,13981.76291793313
Not Ready To Move,Jakkur,1932.47,3.0,2.0,183.0,3 BHK,9469.7459727706
Ready To Move,Jalahalli,2086.0,3.0,2.0,160.0,3 BHK,7670.182166826462
Not Ready To Move,Old Madras Road,1165.0,2.0,1.0,51.42,2 BHK,4413.733905579399
Ready To Move,Marathahalli,1310.0,3.0,1.0,63.25,3 BHK,4828.244274809161
Ready To Move,Rajaji Nagar,1440.0,2.0,2.0,165.0,2 BHK,11458.333333333334
Ready To Move,Electronics City Phase 1,1900.0,3.0,2.0,85.0,3 BHK,4473.684210526316
Ready To Move,Chandapura,740.0,1.0,1.0,22.0,2 BHK,2972.972972972973
Ready To Move,Yeshwanthpur,2503.0,3.0,3.0,138.0,3 BHK,5513.383939272872
Ready To Move,5th Phase JP Nagar,1075.0,2.0,2.0,60.0,2 BHK,5581.395348837209
Not Ready To Move,Bellandur,1260.0,2.0,2.0,83.5,2 BHK,6626.984126984127
Ready To Move,Yelahanka,1282.0,2.0,1.0,48.72,3 BHK,3800.312012480499
Ready To Move,Tumkur Road,1100.0,2.0,1.0,60.0,4 BHK,5454.545454545455
Ready To Move,Green Glen Layout,1717.0,3.0,3.0,125.0,3 BHK,7280.139778683751
Not Ready To Move,Chellikere,1088.0,2.0,2.0,46.0,2 BHK,4227.941176470588
Ready To Move,Raja Rajeshwari Nagar,1335.0,2.0,1.0,56.0,3 BHK,4194.756554307116
Ready To Move,Vidyaranyapura,1200.0,2.0,1.0,42.0,2 BHK,3500.0
Ready To Move,Garudachar Palya,1325.0,2.0,2.0,60.0,3 BHK,4528.301886792453
Ready To Move,JP Nagar,1157.0,2.0,1.0,73.0,2 BHK,6309.420916162489
Ready To Move,Sahakara Nagar,1200.0,2.0,1.0,54.0,2 BHK,4500.0
Ready To Move,Pai Layout,1510.0,2.0,2.0,65.0,3 BHK,4304.635761589404
Ready To Move,Bommanahalli,1050.0,2.0,2.0,54.0,2 BHK,5142.857142857143
Ready To Move,Chikkadunnasandra,1200.0,2.0,2.0,45.0,2 BHK,3750.0
Not Ready To Move,Binny Pete,1516.0,3.0,1.0,147.0,3 BHK,9696.569920844327
Not Ready To Move,Channasandra,1050.0,2.0,1.0,44.41,2 BHK,4229.523809523809
Ready To Move,Hegde Nagar,1000.0,2.0,0.0,66.0,2 BHK,6600.0
Not Ready To Move,9th Phase JP Nagar,1050.0,2.0,2.0,35.0,2 BHK,3333.3333333333335
Ready To Move,JP Nagar,600.0,5.0,2.0,110.0,4 BHK,18333.333333333332
Ready To Move,BEML Layout,1194.0,2.0,1.0,65.0,2 BHK,5443.886097152429
Ready To Move,Ananth Nagar,600.0,3.0,2.0,62.0,4 BHK,10333.333333333334
Ready To Move,Hormavu,1210.0,2.0,3.0,69.0,2 BHK,5702.479338842975
Ready To Move,Whitefield,1660.0,3.0,1.0,110.0,3 BHK,6626.506024096386
Ready To Move,Malleshwaram,1410.0,2.0,3.0,125.0,2 BHK,8865.248226950354
Not Ready To Move,Electronics City Phase 1,1305.0,2.0,1.0,67.0,2 BHK,5134.099616858238
Ready To Move,Bannerghatta Road,1206.0,2.0,3.0,53.0,2 BHK,4394.69320066335
Ready To Move,Kambipura,883.0,2.0,1.0,49.0,2 BHK,5549.263873159683
Ready To Move,Bannerghatta Road,1150.0,2.0,2.0,55.0,2 BHK,4782.608695652174
Ready To Move,Dinnur,1100.0,2.0,1.0,65.0,2 BHK,5909.090909090909
Ready To Move,Banashankari Stage II,1245.0,2.0,1.0,125.0,2 BHK,10040.160642570281
Ready To Move,Cooke Town,1850.0,3.0,3.0,110.0,3 BHK,5945.945945945946
Not Ready To Move,Hoodi,3385.0,4.0,1.0,220.0,4 BHK,6499.261447562777
Ready To Move,Sompura,2150.0,3.0,2.0,85.0,4 BHK,3953.4883720930234
Ready To Move,Hebbal,3895.0,3.0,1.0,390.0,3 BHK,10012.836970474968
Not Ready To Move,Lingarajapuram,1035.0,2.0,2.0,55.0,2 BHK,5314.009661835748
Ready To Move,Nandini Layout,600.0,3.0,2.0,72.0,2 BHK,12000.0
Ready To Move,Zuzuvadi,1200.0,3.0,3.0,75.0,3 BHK,6250.0
Ready To Move,Hennur Road,1155.0,2.0,1.0,69.18,2 BHK,5989.6103896103905
Ready To Move,Electronics City Phase 1,755.0,1.0,0.0,30.12,1 BHK,3989.4039735099336
Ready To Move,Ramamurthy Nagar,960.0,2.0,2.0,35.0,2 BHK,3645.8333333333335
Ready To Move,Harsha Layout,450.0,1.0,1.0,20.0,1 BHK,4444.444444444444
Ready To Move,Infantry Road,4000.0,5.0,2.0,680.0,5 BHK,17000.0
Ready To Move,Raja Rajeshwari Nagar,1571.0,3.0,3.0,53.12,3 BHK,3381.285805219605
Ready To Move,Sarjapur  Road,1691.0,3.0,2.0,119.0,3 BHK,7037.25606150207
Not Ready To Move,Kanakapura,1489.0,2.0,1.0,70.0,3 BHK,4701.141705842848
Ready To Move,Kengeri Satellite Town,800.0,2.0,1.0,32.0,2 BHK,4000.0
Ready To Move,Jalahalli,980.0,2.0,2.0,60.0,3 BHK,6122.448979591837
Ready To Move,Bannerghatta Road,1215.0,2.0,1.0,65.0,2 BHK,5349.794238683127
Ready To Move,Electronic City Phase II,911.0,2.0,1.0,26.5,2 BHK,2908.8913282107574
Ready To Move,Bellandur,1535.0,3.0,2.0,90.0,3 BHK,5863.192182410424
Ready To Move,5th Block Hbr Layout,1200.0,5.0,2.0,205.0,5 BHK,17083.333333333332
Ready To Move,R.T. Nagar,1500.0,2.0,1.0,70.0,3 BHK,4666.666666666667
Ready To Move,Brookefield,1588.0,2.0,3.0,58.0,2 BHK,3652.3929471032748
Ready To Move,Horamavu Banaswadi,675.0,4.0,2.0,68.0,4 BHK,10074.074074074075
Not Ready To Move,Kannamangala,957.0,2.0,2.0,56.0,2 BHK,5851.619644723093
Not Ready To Move,Electronic City Phase II,1200.0,2.0,1.0,34.65,2 BHK,2887.5
Ready To Move,Kanakapura main  Road,1495.0,2.0,2.0,52.33,3 BHK,3500.334448160535
Ready To Move,Bisuvanahalli,845.0,2.0,0.0,34.0,2 BHK,4023.6686390532545
Ready To Move,Padmanabhanagar,3000.0,4.0,2.0,350.0,4 BHK,11666.666666666666
Ready To Move,Sarjapur  Road,2206.0,4.0,1.0,180.0,3 BHK,8159.564823209429
Ready To Move,Kasavanhalli,1181.0,2.0,1.0,61.0,2 BHK,5165.114309906859
Ready To Move,Sarjapur  Road,1309.0,2.0,3.0,69.5,2 BHK,5309.396485867074
Ready To Move,Horamavu Agara,1400.0,3.0,3.0,63.0,3 BHK,4500.0
Ready To Move,B Channasandra,1650.0,5.0,1.0,450.0,5 BHK,27272.727272727272
Ready To Move,Kanakpura Road,1622.0,3.0,2.0,95.0,3 BHK,5856.966707768187
Not Ready To Move,CV Raman Nagar,1225.0,2.0,2.0,48.0,2 BHK,3918.3673469387754
Ready To Move,Jakkur Plantation,1719.0,3.0,3.0,95.0,3 BHK,5526.468877254218
Ready To Move,Abbigere,995.0,2.0,1.0,40.8,2 BHK,4100.5025125628135
Ready To Move,Mahadevpura,1120.0,2.0,2.0,53.0,2 BHK,4732.142857142857
Ready To Move,Bellandur,1047.0,2.0,1.0,75.0,2 BHK,7163.323782234957
Not Ready To Move,Devanahalli,1466.0,3.0,3.0,59.96,3 BHK,4090.0409276944065
Not Ready To Move,Sarjapur  Road,1691.0,3.0,2.0,100.0,3 BHK,5913.660555884092
Not Ready To Move,Chandapura,876.0,2.0,2.0,28.47,2 BHK,3250.0
Not Ready To Move,CV Raman Nagar,1659.0,3.0,1.0,135.0,3 BHK,8137.4321880651
Ready To Move,Whitefield,1270.0,2.0,1.0,105.0,2 BHK,8267.71653543307
Ready To Move,8th Phase JP Nagar,1269.0,2.0,3.0,50.75,3 BHK,3999.211977935382
Ready To Move,Kammanahalli,1200.0,3.0,2.0,80.0,2 BHK,6666.666666666667
Ready To Move,Budigere,1153.0,2.0,2.0,56.5,2 BHK,4900.260190806592
Ready To Move,Whitefield,1315.0,2.0,2.0,69.5,2 BHK,5285.171102661597
Ready To Move,Hebbal Kempapura,2485.0,4.0,2.0,198.0,4 BHK,7967.806841046277
Ready To Move,Tumkur Road,1354.0,3.0,1.0,85.86,3 BHK,6341.211225997045
Ready To Move,Whitefield,1344.0,3.0,1.0,130.0,4 BHK,9672.619047619048
Ready To Move,Yelahanka,1180.0,2.0,1.0,55.0,2 BHK,4661.016949152542
Not Ready To Move,Jalahalli,1313.0,2.0,2.0,68.0,2 BHK,5178.979436405179
Ready To Move,Nehru Nagar,1100.0,2.0,2.0,50.0,2 BHK,4545.454545454545
Ready To Move,Nagarbhavi,600.0,4.0,1.0,78.0,4 BHK,13000.0
Ready To Move,Basaveshwara Nagar,1200.0,3.0,0.0,190.0,3 BHK,15833.333333333334
Ready To Move,Vishwapriya Layout,890.0,2.0,3.0,37.0,2 BHK,4157.303370786517
Not Ready To Move,Whitefield,1173.0,2.0,1.0,78.2,2 BHK,6666.666666666667
Ready To Move,Reliaable Tranquil Layout,1190.0,2.0,1.0,55.0,2 BHK,4621.848739495798
Ready To Move,Green Glen Layout,1250.0,2.0,0.0,75.0,2 BHK,6000.0
Not Ready To Move,Hoodi,1644.0,3.0,3.0,80.51,3 BHK,4897.20194647202
Ready To Move,Yelahanka New Town,1740.0,3.0,2.0,150.0,3 BHK,8620.689655172413
Ready To Move,Jakkur,1710.0,3.0,2.0,110.0,3 BHK,6432.748538011696
Ready To Move,5th Phase JP Nagar,1000.0,4.0,2.0,130.0,4 BHK,13000.0
Not Ready To Move,Hebbal,1662.0,3.0,2.0,155.0,3 BHK,9326.113116726836
Ready To Move,Virupakshapura,1162.0,2.0,1.0,48.0,2 BHK,4130.808950086059
Ready To Move,Whitefield,1362.0,2.0,3.0,85.0,2 BHK,6240.822320117474
Ready To Move,Bhagyalakshmi Avenue,540.0,1.0,1.0,22.5,1 BHK,4166.666666666667
Ready To Move,Masjid e Alkareem,900.0,4.0,1.0,62.0,5 BHK,6888.888888888889
Ready To Move,Sarjapur  Road,1250.0,4.0,2.0,135.0,4 BHK,10800.0
Ready To Move,Begur Road,1410.0,2.0,3.0,54.99,3 BHK,3900.0
Ready To Move,Chikka Tirupathi,2665.0,5.0,3.0,125.0,4 BHK,4690.431519699812
Ready To Move,Singapura Village,970.0,2.0,0.0,45.0,2 BHK,4639.1752577319585
Ready To Move,Uttarahalli,1200.0,4.0,3.0,155.0,4 BHK,12916.666666666666
Not Ready To Move,Haralur Road,1810.0,3.0,2.0,97.83,3 BHK,5404.972375690608
Ready To Move,Sathya Layout,1084.0,2.0,1.0,51.0,2 BHK,4704.79704797048
Ready To Move,Doddabanahalli,1500.0,3.0,2.0,85.0,3 BHK,5666.666666666667
Ready To Move,Uttarahalli,1328.0,2.0,1.0,56.0,3 BHK,4216.8674698795185
Ready To Move,Marathahalli,1485.0,2.0,2.0,90.0,3 BHK,6060.606060606061
Ready To Move,Pai Layout,1500.0,2.0,2.0,58.0,3 BHK,3866.6666666666665
Ready To Move,R.T. Nagar,1100.0,2.0,2.0,85.0,2 BHK,7727.272727272727
Ready To Move,Seetharampalya,1360.0,2.0,2.0,73.0,3 BHK,5367.64705882353
Ready To Move,1st Phase JP Nagar,900.0,2.0,1.0,75.0,2 BHK,8333.333333333334
Ready To Move,SMV layout,600.0,3.0,3.0,86.0,3 BHK,14333.333333333334
Ready To Move,Electronic City Phase II,1031.0,2.0,1.0,54.48,2 BHK,5284.190106692531
Ready To Move,Uttarahalli,1040.0,2.0,2.0,36.4,2 BHK,3500.0
Ready To Move,Kothannur,1404.0,2.0,1.0,56.15,3 BHK,3999.287749287749
Ready To Move,Haralur Road,1200.0,2.0,2.0,46.0,2 BHK,3833.3333333333335
Ready To Move,Yelahanka,1267.0,3.0,1.0,78.0,2 BHK,6156.274664561957
Ready To Move,Bannerghatta Road,1510.0,2.0,3.0,110.0,3 BHK,7284.76821192053
Not Ready To Move,Kanakpura Road,900.0,2.0,1.0,42.0,2 BHK,4666.666666666667
Ready To Move,Whitefield,1457.0,2.0,2.0,105.0,3 BHK,7206.588881262869
Ready To Move,Iblur Village,3596.0,4.0,2.0,268.0,4 BHK,7452.725250278087
Not Ready To Move,8th Phase JP Nagar,1408.0,3.0,2.0,80.0,3 BHK,5681.818181818182
Ready To Move,Dodda Nekkundi,1005.0,2.0,2.0,45.0,2 BHK,4477.611940298508
Ready To Move,Electronic City Phase II,545.0,1.0,1.0,28.0,2 BHK,5137.614678899083
Ready To Move,"Sarjapur Road, ",1182.0,2.0,1.0,64.0,2 BHK,5414.551607445009
Ready To Move,Sarjapur  Road,1367.0,2.0,0.0,80.0,2 BHK,5852.231163130944
Ready To Move,BTM 1st Stage,1200.0,4.0,2.0,200.0,5 BHK,16666.666666666668
Ready To Move,Judicial Layout,1100.0,4.0,3.0,199.0,5 BHK,18090.909090909092
Ready To Move,Sarjapur  Road,1565.0,3.0,2.0,78.0,3 BHK,4984.025559105431
Not Ready To Move,Whitefield,1720.0,3.0,2.0,128.0,3 BHK,7441.860465116279
Ready To Move,Doddathoguru,1107.0,2.0,3.0,44.0,2 BHK,3974.706413730804
Not Ready To Move,Yelahanka,1360.0,2.0,1.0,78.19,2 BHK,5749.264705882353
Not Ready To Move,Anekal,625.0,1.0,1.0,25.0,2 BHK,4000.0
Ready To Move,Jalahalli,1701.0,2.0,2.0,145.0,2 BHK,8524.397413286302
Ready To Move,Agrahara Dasarahalli,1350.0,1.0,0.0,120.0,3 BHK,8888.888888888889
Ready To Move,Hosa Road,1016.0,2.0,1.0,39.95,2 BHK,3932.086614173229
Ready To Move,KEB Colony,1500.0,3.0,1.0,90.0,3 BHK,6000.0
Ready To Move,Akshaya Nagar,900.0,2.0,1.0,45.0,2 BHK,5000.0
Ready To Move,Sanjay nagar,1500.0,3.0,1.0,150.0,3 BHK,10000.0
Ready To Move,Chikku Lakshmaiah Layout,2292.0,2.0,1.0,285.0,3 BHK,12434.554973821989
Ready To Move,Kereguddadahalli,1280.0,3.0,1.0,42.0,3 BHK,3281.25
Ready To Move,Sri Balaji Krupa Layout,1750.0,4.0,2.0,263.0,4 BHK,15028.57142857143
Ready To Move,Electronic City,1500.0,2.0,1.0,70.0,3 BHK,4666.666666666667
Ready To Move,Electronic City,1500.0,2.0,1.0,64.5,3 BHK,4300.0
Ready To Move,Gottigere,1245.0,2.0,2.0,59.0,2 BHK,4738.955823293173
Ready To Move,Yelahanka,1025.0,2.0,1.0,44.0,2 BHK,4292.682926829269
Ready To Move,Hennur Gardens,1945.0,3.0,2.0,135.0,3 BHK,6940.874035989717
Ready To Move,Rajaji Nagar,1640.0,3.0,3.0,245.0,3 BHK,14939.024390243903
Ready To Move,Hegde Nagar,1348.0,2.0,2.0,80.5,3 BHK,5971.810089020772
Ready To Move,Tindlu,1100.0,2.0,2.0,55.0,2 BHK,5000.0
Ready To Move,Kammasandra,1616.0,3.0,3.0,40.0,3 BHK,2475.2475247524753
Ready To Move,Yeshwanthpur,1855.0,3.0,3.0,135.0,3 BHK,7277.628032345014
Ready To Move,Hennur,1255.0,2.0,2.0,56.5,2 BHK,4501.99203187251
Ready To Move,HAL 2nd Stage,2040.0,4.0,1.0,500.0,5 BHK,24509.803921568626
Ready To Move,5th Phase JP Nagar,2400.0,4.0,1.0,228.0,4 BHK,9500.0
Ready To Move,Kothanur,1195.0,2.0,2.0,59.0,2 BHK,4937.238493723849
Ready To Move,Bannerghatta Road,1022.0,2.0,1.0,35.0,2 BHK,3424.6575342465753
Ready To Move,Dodda Nekkundi,1264.0,2.0,1.0,52.0,2 BHK,4113.9240506329115
Ready To Move,Chamrajpet,1650.0,3.0,2.0,115.0,3 BHK,6969.69696969697
Ready To Move,Abbigere,1020.0,2.0,1.0,40.8,2 BHK,3999.9999999999995
Ready To Move,Sarjapur  Road,4395.0,4.0,2.0,242.0,4 BHK,5506.257110352673
Ready To Move,Bommasandra,950.0,2.0,1.0,25.0,2 BHK,2631.5789473684213
Not Ready To Move,Shantiniketan Layout,2710.0,5.0,3.0,142.0,4 BHK,5239.852398523985
Ready To Move,Hennur Road,1936.0,3.0,1.0,131.0,3 BHK,6766.528925619835
Ready To Move,Ramanashree Enclave,1075.0,2.0,2.0,58.0,2 BHK,5395.3488372093025
Not Ready To Move,Hosur Road,1223.0,2.0,1.0,93.0,2 BHK,7604.251839738348
Not Ready To Move,Whitefield,1500.0,3.0,1.0,61.9,3 BHK,4126.666666666667
Ready To Move,Hennur,1050.0,2.0,2.0,42.73,2 BHK,4069.5238095238096
Ready To Move,7th Phase JP Nagar,2100.0,3.0,2.0,190.0,3 BHK,9047.619047619048
Ready To Move,2nd Stage Nagarbhavi,1200.0,4.0,2.0,240.0,5 BHK,20000.0
Ready To Move,Uttarahalli,1650.0,2.0,1.0,130.0,3 BHK,7878.787878787879
Ready To Move,Whitefield,1495.0,2.0,1.0,78.0,2 BHK,5217.391304347826
Ready To Move,JP Nagar,1500.0,2.0,3.0,82.0,3 BHK,5466.666666666667
Not Ready To Move,Koramangala,1605.0,3.0,2.0,260.0,3 BHK,16199.376947040499
Ready To Move,Whitefield,1270.0,2.0,2.0,52.0,2 BHK,4094.488188976378
Ready To Move,Kumaraswami Layout,1081.0,2.0,3.0,60.0,2 BHK,5550.416281221092
Ready To Move,Koramangala,1600.0,2.0,0.0,140.0,3 BHK,8750.0
Not Ready To Move,Kanakpura Road,1596.0,3.0,1.0,118.0,3 BHK,7393.483709273183
Ready To Move,Horamavu Agara,1557.0,3.0,1.0,70.0,3 BHK,4495.82530507386
Ready To Move,Devi Nagar,1410.0,3.0,3.0,68.0,3 BHK,4822.695035460993
Ready To Move,Sarjapur  Road,1984.0,4.0,1.0,148.0,3 BHK,7459.677419354839
Ready To Move,Kadugodi,1196.0,2.0,3.0,60.0,2 BHK,5016.722408026756
Not Ready To Move,Thanisandra,2259.0,3.0,2.0,112.0,4 BHK,4957.9459938025675
Ready To Move,Kenchenahalli,1720.0,3.0,2.0,100.0,3 BHK,5813.953488372093
Ready To Move,8th Phase JP Nagar,600.0,5.0,2.0,99.0,4 BHK,16500.0
Ready To Move,Nagaraja Garden,1256.0,2.0,1.0,62.8,2 BHK,5000.0
Ready To Move,Haralur Road,1243.0,2.0,2.0,46.0,2 BHK,3700.7240547063557
Not Ready To Move,Electronic City Phase II,1310.0,2.0,1.0,37.83,3 BHK,2887.7862595419847
Ready To Move,7th Phase JP Nagar,1140.0,2.0,1.0,57.0,2 BHK,5000.0
Ready To Move,Cooke Town,1600.0,3.0,2.0,260.0,3 BHK,16250.0
Ready To Move,Kothanur,1790.0,3.0,2.0,120.0,3 BHK,6703.91061452514
Ready To Move,Nehru Nagar,1674.0,3.0,2.0,81.0,3 BHK,4838.709677419355
Ready To Move,CV Raman Nagar,1200.0,2.0,1.0,100.0,5 BHK,8333.333333333334
Ready To Move,Kenchenhalli,1786.0,3.0,2.0,79.99,3 BHK,4478.723404255318
Ready To Move,Vidyaranyapura,770.0,3.0,2.0,65.25,4 BHK,8474.025974025973
Not Ready To Move,Sarjapur  Road,1035.0,2.0,1.0,47.0,2 BHK,4541.062801932367
Not Ready To Move,Whitefield,1564.0,3.0,1.0,103.0,3 BHK,6585.677749360614
Not Ready To Move,Margondanahalli,1334.0,2.0,1.0,67.76,2 BHK,5079.460269865068
Not Ready To Move,Bommasandra,1365.0,3.0,1.0,53.96,3 BHK,3953.1135531135533
Ready To Move,Choodasandra,1115.0,2.0,1.0,50.0,2 BHK,4484.304932735426
Ready To Move,Jalahalli East,1020.0,2.0,1.0,42.48,2 BHK,4164.705882352941
Ready To Move,BCMC Layout,1369.0,2.0,3.0,72.0,3 BHK,5259.313367421476
Not Ready To Move,Whitefield,1240.0,2.0,2.0,41.0,2 BHK,3306.451612903226
Ready To Move,Nagarbhavi,600.0,3.0,2.0,100.0,4 BHK,16666.666666666668
Ready To Move,Gollahalli,1418.0,2.0,1.0,62.0,2 BHK,4372.3554301833565
Ready To Move,Hebbal,2250.0,3.0,2.0,219.0,3 BHK,9733.333333333334
Ready To Move,Shivaji Nagar,500.0,1.0,1.0,20.0,2 BHK,4000.0
Ready To Move,KR Puram,1020.0,2.0,2.0,39.0,2 BHK,3823.529411764706
Ready To Move,Yelahanka New Town,1290.0,2.0,2.0,70.0,2 BHK,5426.356589147287
Ready To Move,Attibele,1500.0,3.0,2.0,90.0,3 BHK,6000.0
Ready To Move,Billekahalli,1290.0,3.0,3.0,62.0,3 BHK,4806.201550387597
Ready To Move,Jalahalli,1881.0,3.0,2.0,115.0,3 BHK,6113.769271664009
Ready To Move,Jigani,943.0,2.0,2.0,49.5,2 BHK,5249.204665959703
Not Ready To Move,Electronic City,1140.0,2.0,1.0,32.93,2 BHK,2888.59649122807
Ready To Move,Nayandanahalli,1035.0,2.0,2.0,60.0,2 BHK,5797.101449275362
Not Ready To Move,Whitefield,1500.0,3.0,1.0,71.0,3 BHK,4733.333333333333
Ready To Move,Sindhi Colony,5665.84,7.0,2.0,988.0,5 BHK,17437.837990483316
Not Ready To Move,Nanjappa Layout,1232.0,2.0,1.0,94.28,2 BHK,7652.597402597403
Ready To Move,Uttarahalli,1290.0,2.0,2.0,56.12,3 BHK,4350.387596899225
Ready To Move,Malleshwaram,2610.0,4.0,2.0,306.0,4 BHK,11724.137931034482
Ready To Move,Anandapura,1576.0,3.0,2.0,58.7,3 BHK,3724.6192893401017
Ready To Move,Chinnapanahalli,980.0,2.0,1.0,41.0,2 BHK,4183.673469387755
Ready To Move,Hebbal,4000.0,6.0,1.0,440.0,4 BHK,11000.0
Not Ready To Move,Sarjapur  Road,1346.0,2.0,1.0,74.03,2 BHK,5500.0
Ready To Move,Hoodi,1181.0,2.0,2.0,55.0,2 BHK,4657.070279424217
Ready To Move,Sathya Sai Layout,6652.0,6.0,1.0,660.0,4 BHK,9921.828021647625
Ready To Move,Maragondanahalli,1307.0,2.0,2.0,59.0,2 BHK,4514.154552410099
Not Ready To Move,Roopena Agrahara,1215.0,2.0,2.0,49.86,3 BHK,4103.7037037037035
Ready To Move,Sanjay nagar,1180.0,2.0,3.0,80.0,2 BHK,6779.661016949152
Ready To Move,Amruthahalli,600.0,1.0,1.0,55.0,1 BHK,9166.666666666666
Ready To Move,Sarjapur  Road,1115.0,2.0,2.0,50.0,2 BHK,4484.304932735426
Ready To Move,Kanakapur main road,1025.0,2.0,2.0,43.04,2 BHK,4199.024390243902
Ready To Move,Ramagondanahalli,1910.0,3.0,2.0,131.0,3 BHK,6858.638743455497
Ready To Move,Gottigere,1200.0,2.0,2.0,50.0,2 BHK,4166.666666666667
Not Ready To Move,Church Street,2920.0,4.0,3.0,536.0,4 BHK,18356.164383561645
Ready To Move,Hebbal,1349.0,2.0,1.0,98.0,2 BHK,7264.6404744255005
Ready To Move,Electronics City Phase 1,1175.0,2.0,1.0,60.0,2 BHK,5106.382978723404
Ready To Move,2nd Phase Judicial Layout,1150.0,2.0,1.0,40.25,2 BHK,3500.0
Not Ready To Move,Old Madras Road,935.0,2.0,1.0,32.72,2 BHK,3499.4652406417113
Ready To Move,Whitefield,1404.0,2.0,2.0,59.0,3 BHK,4202.279202279202
Ready To Move,BCC Layout,2700.0,3.0,2.0,230.0,4 BHK,8518.518518518518
Ready To Move,HSR Layout,1203.0,2.0,2.0,60.0,2 BHK,4987.5311720698255
Ready To Move,Nagavara,440.0,3.0,1.0,35.0,3 BHK,7954.545454545455
Ready To Move,Somasundara Palya,1571.0,3.0,3.0,63.0,3 BHK,4010.1845957988544
Ready To Move,Mariyannapalya,1125.0,2.0,2.0,46.0,2 BHK,4088.8888888888887
Not Ready To Move,Kammasandra,610.0,1.0,1.0,18.5,1 BHK,3032.7868852459014
Ready To Move,Ambalipura,1198.0,2.0,2.0,80.0,2 BHK,6677.79632721202
Ready To Move,Chandapura,1200.0,3.0,2.0,65.0,3 BHK,5416.666666666667
Ready To Move,Nobo Nagar,1200.0,2.0,2.0,45.0,2 BHK,3750.0
Ready To Move,Sathya Sai Layout,6688.0,6.0,1.0,700.0,4 BHK,10466.507177033493
Ready To Move,Crimson Layout,1830.0,3.0,2.0,95.0,3 BHK,5191.256830601093
Not Ready To Move,Kudlu Gate,1432.0,2.0,2.0,61.11,3 BHK,4267.458100558659
Ready To Move,Somasundara Palya,2300.0,2.0,0.0,70.0,3 BHK,3043.478260869565
Ready To Move,9th Phase JP Nagar,1331.95,2.0,2.0,69.0,2 BHK,5180.374638687638
Ready To Move,Yeshwanthpur,1876.0,3.0,3.0,160.0,3 BHK,8528.784648187633
Not Ready To Move,Whitefield,1639.0,3.0,2.0,107.0,3 BHK,6528.370957901159
Ready To Move,Akshaya Nagar,1200.0,4.0,2.0,125.0,4 BHK,10416.666666666666
Ready To Move,Kanakpura Road,1665.0,3.0,2.0,74.9,3 BHK,4498.498498498499
Ready To Move,Kogilu,1140.0,2.0,2.0,50.66,2 BHK,4443.859649122807
Not Ready To Move,Electronic City,2093.0,4.0,2.0,134.0,4 BHK,6402.293358815098
Ready To Move,Kanakpura Road,1450.0,3.0,3.0,60.9,3 BHK,4200.0
Not Ready To Move,TC Palaya,1330.0,3.0,3.0,46.56,3 BHK,3500.751879699248
Ready To Move,1st Block Koramangala,1200.0,5.0,1.0,350.0,4 BHK,29166.666666666668
Not Ready To Move,Talaghattapura,1800.0,3.0,1.0,84.0,3 BHK,4666.666666666667
Ready To Move,"Thanisandra Main Road, ",2872.0,4.0,3.0,183.0,4 BHK,6371.866295264624
Ready To Move,Kumarapalli,1486.0,2.0,2.0,65.0,3 BHK,4374.158815612383
Ready To Move,Chikkalasandra,1425.0,1.0,0.0,54.0,3 BHK,3789.4736842105262
Ready To Move,Raja Rajeshwari Nagar,1255.0,2.0,2.0,42.54,2 BHK,3389.641434262948
Ready To Move,Electronic City,750.0,2.0,1.0,19.5,2 BHK,2600.0
Ready To Move,Nagarbhavi,1225.0,2.0,3.0,58.0,2 BHK,4734.693877551021
Not Ready To Move,Badavala Nagar,1274.0,2.0,1.0,90.0,2 BHK,7064.36420722135
Ready To Move,Kathriguppe,1350.0,3.0,2.0,80.99,3 BHK,5999.259259259258
Not Ready To Move,Mallathahalli,1100.0,2.0,2.0,64.08,2 BHK,5825.454545454545
Ready To Move,Whitefield,1760.0,3.0,2.0,139.0,3 BHK,7897.727272727273
Not Ready To Move,Bommasandra,1200.0,3.0,2.0,110.0,3 BHK,9166.666666666666
Ready To Move,Chandapura,1095.0,2.0,2.0,28.0,3 BHK,2557.077625570776
Ready To Move,HSR Layout,1140.0,2.0,2.0,46.0,2 BHK,4035.0877192982457
Ready To Move,Raja Rajeshwari Nagar,1530.0,3.0,3.0,64.86,3 BHK,4239.21568627451
Not Ready To Move,Kundalahalli,1724.0,3.0,3.0,140.0,3 BHK,8120.649651972158
Not Ready To Move,Horamavu Agara,1058.0,2.0,2.0,47.0,2 BHK,4442.34404536862
Ready To Move,KUDLU MAIN ROAD,1464.0,3.0,2.0,56.0,3 BHK,3825.136612021858
Ready To Move,Dodda Nekkundi Extension,1975.0,3.0,3.0,90.0,3 BHK,4556.962025316456
Not Ready To Move,Sarjapur  Road,1112.0,2.0,1.0,58.0,2 BHK,5215.827338129497
Ready To Move,Doddabommasandra,1600.0,2.0,1.0,90.0,2 BHK,5625.0
Ready To Move,Vittasandra,1648.0,3.0,2.0,85.0,3 BHK,5157.766990291262
Not Ready To Move,Puttanahalli,1100.0,2.0,2.0,32.0,2 BHK,2909.090909090909
Not Ready To Move,Hoskote,509.0,1.0,1.0,23.0,1 BHK,4518.664047151277
Not Ready To Move,Talaghattapura,2265.0,3.0,3.0,159.0,3 BHK,7019.867549668874
Ready To Move,Malleshpalya,1200.0,2.0,2.0,46.0,2 BHK,3833.3333333333335
Ready To Move,Makali,530.0,1.0,1.0,18.0,1 BHK,3396.2264150943397
Ready To Move,Green View Layout,1010.0,2.0,1.0,41.0,2 BHK,4059.4059405940593
Ready To Move,Kaggadasapura,1150.0,2.0,2.0,45.0,2 BHK,3913.0434782608695
Ready To Move,Sarjapur  Road,1340.0,2.0,1.0,75.0,2 BHK,5597.014925373134
Ready To Move,Raja Rajeshwari Nagar,1850.0,3.0,1.0,98.0,3 BHK,5297.2972972972975
Ready To Move,Doddathoguru,907.0,2.0,1.0,40.0,2 BHK,4410.143329658214
Ready To Move,Benson Town,1688.0,2.0,0.0,280.0,2 BHK,16587.677725118483
Ready To Move,Ulsoor,1160.0,2.0,1.0,130.0,2 BHK,11206.896551724138
Ready To Move,Pai Layout,1600.0,2.0,1.0,65.0,3 BHK,4062.5
Ready To Move,Iblur Village,3596.0,5.0,1.0,251.0,4 BHK,6979.9777530589545
Ready To Move,Hosur Road,1464.0,3.0,2.0,56.0,3 BHK,3825.136612021858
Ready To Move,Hennur,1295.0,2.0,1.0,62.0,2 BHK,4787.644787644787
Ready To Move,Kodbisanhalli,1012.0,2.0,1.0,62.0,2 BHK,6126.482213438735
Ready To Move,Yelahanka New Town,1000.0,2.0,1.0,48.0,3 BHK,4800.0
Ready To Move,Channasandra,1010.0,2.0,1.0,32.0,2 BHK,3168.3168316831684
Ready To Move,Bharathi Nagar,1379.0,2.0,1.0,85.0,2 BHK,6163.8868745467735
Not Ready To Move,Kasavanhalli,1121.0,2.0,2.0,75.0,2 BHK,6690.454950936663
Ready To Move,LB Shastri Nagar,1200.0,2.0,1.0,75.0,2 BHK,6250.0
Ready To Move,Sarakki Nagar,3124.0,6.0,3.0,349.0,4 BHK,11171.574903969271
Not Ready To Move,Bannerghatta Road,1246.0,2.0,2.0,47.35,2 BHK,3800.1605136436597
Ready To Move,7th Phase JP Nagar,1420.0,3.0,2.0,90.0,3 BHK,6338.028169014085
Ready To Move,Shivaji Nagar,600.0,1.0,1.0,65.0,2 BHK,10833.333333333334
Ready To Move,Hadosiddapura,1090.0,2.0,2.0,55.0,2 BHK,5045.871559633028
Not Ready To Move,Electronic City,1355.0,2.0,1.0,73.0,2 BHK,5387.453874538745
Ready To Move,Ambedkar Nagar,1425.0,2.0,1.0,94.0,2 BHK,6596.491228070176
Ready To Move,Electronics City Phase 1,1700.0,3.0,2.0,111.0,3 BHK,6529.411764705882
Not Ready To Move,Talaghattapura,2099.0,3.0,2.0,134.0,3 BHK,6383.992377322535
Not Ready To Move,Yelahanka,1330.0,5.0,0.0,210.0,5 BHK,15789.473684210527
Not Ready To Move,Devanahalli,1520.0,2.0,1.0,69.76,3 BHK,4589.473684210527
Ready To Move,Sarvobhogam Nagar,1490.0,3.0,0.0,140.0,3 BHK,9395.973154362417
Ready To Move,Horamavu Banaswadi,1000.0,2.0,2.0,50.0,2 BHK,5000.0
Ready To Move,Sahakara Nagar,1291.0,2.0,2.0,72.3,2 BHK,5600.309837335399
Ready To Move,Kanakpura Road,1339.0,2.0,2.0,67.0,2 BHK,5003.734129947722
Ready To Move,Near International Airport,1330.0,2.0,1.0,56.0,2 BHK,4210.526315789473
Ready To Move,Ramakrishnappa Layout,9200.0,4.0,2.0,2600.0,4 BHK,28260.869565217392
Ready To Move,Palace Road,1650.0,1.0,1.0,130.0,2 BHK,7878.787878787879
Ready To Move,Jakkur,1125.0,2.0,1.0,44.75,2 BHK,3977.777777777778
Ready To Move,CV Raman Nagar,1310.0,2.0,1.0,62.0,2 BHK,4732.824427480916
Ready To Move,Bellandur,1096.0,2.0,2.0,40.0,2 BHK,3649.6350364963505
Ready To Move,Dasanapura,814.0,2.0,1.0,43.7,2 BHK,5368.550368550368
Ready To Move,Sarjapur  Road,3500.0,3.0,2.0,275.0,3 BHK,7857.142857142857
Ready To Move,Raja Rajeshwari Nagar,1140.0,2.0,2.0,44.0,2 BHK,3859.6491228070176
Ready To Move,Singanayakanahalli,1480.0,2.0,0.0,75.0,3 BHK,5067.5675675675675
Ready To Move,Hebbal,4000.0,6.0,1.0,370.0,4 BHK,9250.0
Ready To Move,Nagappa Reddy Layout,1500.0,2.0,3.0,78.0,3 BHK,5200.0
Ready To Move,Sarjapur  Road,1850.0,3.0,2.0,89.0,3 BHK,4810.810810810811
Ready To Move,Jalahalli West,745.0,2.0,1.0,36.0,2 BHK,4832.214765100671
Not Ready To Move,Whitefield,613.0,1.0,1.0,48.0,1 BHK,7830.342577487765
Ready To Move,Rajarajeshwari nagar,1200.0,5.0,2.0,325.0,4 BHK,27083.333333333332
Ready To Move,Bannerghatta Road,1470.0,2.0,1.0,85.0,3 BHK,5782.312925170068
Ready To Move,Frazer Town,896.0,1.0,0.0,100.0,1 BHK,11160.714285714286
Ready To Move,Bannerghatta Road,1160.0,2.0,2.0,45.0,2 BHK,3879.310344827586
Ready To Move,Attibele,520.0,1.0,1.0,15.0,1 BHK,2884.6153846153848
Ready To Move,Electronic City,1360.0,2.0,1.0,64.99,3 BHK,4778.676470588234
Ready To Move,Gopalkrishna Nagar,1155.0,2.0,1.0,64.0,2 BHK,5541.1255411255415
Not Ready To Move,Chandapura,520.0,1.0,1.0,14.04,1 BHK,2700.0
Ready To Move,Ambalipura,1615.0,2.0,3.0,150.0,3 BHK,9287.925696594428
Ready To Move,Raja Rajeshwari Nagar,1140.0,2.0,2.0,39.0,2 BHK,3421.0526315789475
Ready To Move,Reliaable Tranquil Layout,1508.0,3.0,1.0,77.0,3 BHK,5106.100795755968
Ready To Move,Ambedkar Nagar,2395.0,4.0,2.0,150.0,3 BHK,6263.048016701461
Ready To Move,Uttarahalli,1590.0,3.0,2.0,57.0,3 BHK,3584.9056603773583
Ready To Move,Thigalarapalya,2215.0,4.0,2.0,152.0,3 BHK,6862.302483069978
Ready To Move,R.T. Nagar,1667.0,3.0,2.0,130.0,3 BHK,7798.440311937612
Ready To Move,7th Block Jayanagar,1903.0,2.0,1.0,293.0,3 BHK,15396.741986337362
Ready To Move,7th Phase JP Nagar,1530.0,2.0,1.0,108.0,2 BHK,7058.823529411765
Ready To Move,Whitefield,1730.0,3.0,2.0,125.0,3 BHK,7225.43352601156
Ready To Move,JP Nagar,1048.0,2.0,1.0,44.0,2 BHK,4198.473282442748
Ready To Move,Malleshpalya,1225.0,2.0,2.0,52.0,2 BHK,4244.897959183673
Not Ready To Move,Hennur Bande,1200.0,2.0,3.0,70.0,2 BHK,5833.333333333333
Ready To Move,Kundalahalli,1175.0,2.0,1.0,65.0,2 BHK,5531.914893617021
Not Ready To Move,Electronic City Phase II,1651.0,3.0,1.0,49.53,3 BHK,3000.0
Ready To Move,8th Phase JP Nagar,1500.0,2.0,3.0,55.0,3 BHK,3666.6666666666665
Ready To Move,Doddathoguru,1783.0,3.0,3.0,85.0,3 BHK,4767.246214245653
Ready To Move,Kereguddadahalli,1015.0,2.0,1.0,35.0,2 BHK,3448.2758620689656
Ready To Move,12th cross srinivas nagar banshankari 3rd stage,1800.0,1.0,1.0,200.0,1 BHK,11111.111111111111
Ready To Move,Sarjapur  Road,2758.0,4.0,1.0,240.0,4 BHK,8701.95794053662
Ready To Move,5th Stage BEML Layout,1200.0,5.0,2.0,325.0,4 BHK,27083.333333333332
Not Ready To Move,Sarjapur  Road,1132.0,2.0,1.0,70.0,2 BHK,6183.745583038869
Ready To Move,KR Puram,1200.0,2.0,0.0,75.0,2 BHK,6250.0
Ready To Move,Hoodi,1490.0,3.0,0.0,85.0,3 BHK,5704.697986577181
Not Ready To Move,Thanisandra,1917.0,4.0,2.0,130.0,4 BHK,6781.429316640584
Ready To Move,Bhoganhalli,1703.0,3.0,2.0,120.0,3 BHK,7046.388725778039
Ready To Move,Old Madras Road,1211.0,2.0,3.0,45.0,2 BHK,3715.9372419488027
Ready To Move,Kudlu Gate,1310.0,2.0,2.0,53.0,2 BHK,4045.8015267175574
Not Ready To Move,Marathahalli,1146.0,2.0,1.0,69.0,2 BHK,6020.942408376964
Ready To Move,Kudlu,1041.0,2.0,1.0,53.0,2 BHK,5091.258405379443
Ready To Move,Whitefield,1453.0,2.0,2.0,58.0,3 BHK,3991.741225051617
Not Ready To Move,Whitefield,877.0,1.0,1.0,59.0,1 BHK,6727.480045610034
Not Ready To Move,Kanakapura,1477.0,2.0,1.0,69.5,3 BHK,4705.484089370345
Ready To Move,Frazer Town,1420.0,2.0,0.0,120.0,2 BHK,8450.704225352112
Ready To Move,Havanur extension,2000.0,2.0,2.0,360.0,3 BHK,18000.0
Ready To Move,Abshot Layout,1140.0,1.0,1.0,185.0,2 BHK,16228.070175438597
Ready To Move,Sarjapur  Road,1380.0,2.0,2.0,55.0,3 BHK,3985.5072463768115
Ready To Move,Maragondanahalli,1095.0,2.0,1.0,57.0,2 BHK,5205.479452054795
Not Ready To Move,Varthur,1665.0,3.0,2.0,71.58,3 BHK,4299.0990990990995
Ready To Move,KR Puram,1245.0,2.0,1.0,60.0,2 BHK,4819.277108433735
Not Ready To Move,EPIP Zone,3360.0,5.0,2.0,221.0,4 BHK,6577.380952380952
Ready To Move,Electronic City,2010.0,3.0,2.0,201.0,3 BHK,10000.0
Ready To Move,Shivaji Nagar,1226.0,2.0,2.0,60.0,3 BHK,4893.964110929854
Ready To Move,Uttarahalli,1075.0,2.0,1.0,46.76,2 BHK,4349.767441860465
Ready To Move,Thanisandra,1226.0,2.0,1.0,65.59,2 BHK,5349.918433931484
Ready To Move,Raja Rajeshwari Nagar,510.0,1.0,1.0,22.0,1 BHK,4313.725490196079
Ready To Move,Budigere,1153.0,2.0,2.0,60.0,2 BHK,5203.816131830009
Ready To Move,Kothannur,1600.0,4.0,2.0,45.0,4 BHK,2812.5
Ready To Move,LB Shastri Nagar,1000.0,2.0,1.0,49.5,2 BHK,4950.0
Ready To Move,Reliaable Tranquil Layout,1256.0,2.0,1.0,65.0,2 BHK,5175.15923566879
Ready To Move,Sarjapur,1425.0,3.0,2.0,57.0,3 BHK,4000.0
Ready To Move,Margondanahalli,1375.0,5.0,1.0,125.0,5 BHK,9090.90909090909
Not Ready To Move,Hosur Road,1919.0,3.0,2.0,117.0,3 BHK,6096.925482021887
Ready To Move,Neeladri Nagar,2111.0,3.0,2.0,103.0,3 BHK,4879.204168640455
Ready To Move,Bannerghatta Road,970.0,2.0,1.0,57.0,2 BHK,5876.288659793814
Ready To Move,VHBCS Layout,1353.0,2.0,2.0,110.0,2 BHK,8130.081300813008
Ready To Move,Jalahalli,1405.0,2.0,1.0,85.0,3 BHK,6049.82206405694
Ready To Move,Gubbalala,1285.0,2.0,2.0,90.0,2 BHK,7003.8910505836575
Not Ready To Move,Mahadevpura,1050.0,2.0,1.0,42.0,2 BHK,4000.0
Ready To Move,Hebbal,1349.0,2.0,1.0,96.8,2 BHK,7175.685693106005
Ready To Move,Sarjapur  Road,4050.0,2.0,1.0,450.0,4 BHK,11111.111111111111
Not Ready To Move,Weavers Colony,812.0,1.0,0.0,26.0,1 BHK,3201.9704433497536
Not Ready To Move,Udayapur Village,1440.0,2.0,2.0,63.93,3 BHK,4439.583333333333
Ready To Move,Sarjapur  Road,2425.0,5.0,1.0,195.0,4 BHK,8041.237113402062
Ready To Move,Sultan Palaya,2200.0,3.0,3.0,80.0,4 BHK,3636.3636363636365
Not Ready To Move,Haralur Road,1810.0,3.0,2.0,112.0,3 BHK,6187.845303867403
Ready To Move,Cox Town,1200.0,2.0,2.0,140.0,2 BHK,11666.666666666666
Ready To Move,Electronic City,1060.0,2.0,1.0,52.0,2 BHK,4905.66037735849
Ready To Move,Kenchenahalli,1015.0,2.0,2.0,60.0,2 BHK,5911.330049261083
Ready To Move,Hosakerehalli,1500.0,6.0,2.0,145.0,5 BHK,9666.666666666666
Ready To Move,Kothanur,1454.0,3.0,3.0,71.5,3 BHK,4917.469050894085
Ready To Move,Annaiah Reddy Layout,1075.0,2.0,2.0,48.0,2 BHK,4465.116279069767
Ready To Move,Vidyaranyapura,774.0,5.0,3.0,70.0,5 BHK,9043.92764857881
Ready To Move,Raja Rajeshwari Nagar,1187.0,2.0,2.0,40.14,2 BHK,3381.6343723673126
Ready To Move,Hulimavu,500.0,1.0,3.0,220.0,1 BHK,44000.0
Ready To Move,Rajarajeshwari Nagara,1200.0,5.0,2.0,325.0,4 BHK,27083.333333333332
Ready To Move,Billekahalli,1805.0,3.0,3.0,134.0,3 BHK,7423.822714681441
Ready To Move,Bannerghatta Road,1527.0,3.0,1.0,142.0,3 BHK,9299.279633267846
Ready To Move,Yeshwanthpur,1675.0,3.0,2.0,92.13,3 BHK,5500.298507462687
Ready To Move,Rachenahalli,1050.0,2.0,2.0,52.71,2 BHK,5020.0
Ready To Move,Bellandur,1262.0,2.0,2.0,47.0,2 BHK,3724.247226624406
Ready To Move,Uttarahalli,1345.0,2.0,1.0,57.0,3 BHK,4237.918215613383
Ready To Move,Green Glen Layout,1715.0,3.0,3.0,112.0,3 BHK,6530.6122448979595
Ready To Move,Whitefield,3453.0,4.0,0.0,231.0,5 BHK,6689.834926151173
Ready To Move,Richards Town,3600.0,5.0,2.0,400.0,4 BHK,11111.111111111111
Ready To Move,Raja Rajeshwari Nagar,1141.0,2.0,1.0,60.0,2 BHK,5258.545135845749
Not Ready To Move,Padmanabhanagar,4689.0,4.0,1.0,488.0,4 BHK,10407.336319044573
Ready To Move,Doddathoguru,550.0,1.0,1.0,17.0,1 BHK,3090.909090909091
